final_voiced_obstruents,final_voiceless_obstruent,final_obstruents
0.0015929908403026682,0.038630027877339705,0.040223018717642375
