final_voiced_obstruents,final_voiceless_obstruent,final_obstruents
0.004941321803582459,0.02038295243977764,0.0253242742433601
