final_voiced_obstruents,final_voiceless_obstruent,final_obstruents
0.054866789765233445,0.13637562648377738,0.1912424162490108
