final_voiced_obstruents,final_voiceless_obstruent,final_obstruents
0.10145631067961165,0.02475728155339806,0.1262135922330097
