final_voiced_obstruents,final_voiceless_obstruent,final_obstruents
0.013674788662357036,0.3669816011934361,0.38065638985579314
