final_voiced_obstruents,final_voiceless_obstruent,final_obstruents
0.043524699599465956,0.17303070761014686,0.2165554072096128
