final_voiced_obstruents,final_voiceless_obstruent,final_obstruents
0.043524699599465956,0.1727636849132176,0.2162883845126836
