final_voiced_obstruents,final_voiceless_obstruent,final_obstruents
0.058261933904528766,0.1659730722154223,0.22423500611995104
