final_voiced_obstruents,final_voiceless_obstruent,final_obstruents
0.004364694471387003,0.1564015518913676,0.1607662463627546
