final_voiced_obstruents,final_voiceless_obstruent,final_obstruents
0.0002452182442373713,0.00784698381559588,0.008092202059833251
