final_voiced_obstruents,final_voiceless_obstruent,final_obstruents
0.0004597701149425287,0.001379310344827586,0.0018390804597701149
