final_voiced_obstruents,final_voiceless_obstruent,final_obstruents
0.03620234955646128,0.14552865020378805,0.18173099976024934
