final_voiced_obstruents,final_voiceless_obstruent,final_obstruents
0.08962264150943396,0.2209119496855346,0.31053459119496857
