final_voiced_obstruents,final_voiceless_obstruent,final_obstruents
0.01604970230390888,0.2542065752006213,0.2702562775045302
