final_voiced_obstruents,final_voiceless_obstruent,final_obstruents
0.04365201352597602,0.3031048263141715,0.34675683984014755
