final_voiced_obstruents,final_voiceless_obstruent,final_obstruents
0.004949429739616957,0.08478588336561223,0.08973531310522918
