final_voiced_obstruents,final_voiceless_obstruent,final_obstruents
0.005397070161912105,0.02878437419686456,0.034181444358776666
