final_voiced_obstruents,final_voiceless_obstruent,final_obstruents
0.11097334159950403,0.226906385616863,0.337879727216367
