final_voiced_obstruents,final_voiceless_obstruent,final_obstruents
0.07340153452685422,0.16445012787723784,0.23785166240409208
