final_voiced_obstruents,final_voiceless_obstruent,final_obstruents
0.14790390956194066,0.23857748469147433,0.386481394253415
