final_voiced_obstruents,final_voiceless_obstruent,final_obstruents
0.003703703703703704,0.08945868945868946,0.09316239316239316
