final_voiced_obstruents,final_voiceless_obstruent,final_obstruents
0.05814239960581424,0.1419068736141907,0.20004927322000493
