final_voiced_obstruents,final_voiceless_obstruent,final_obstruents
0.019085225403093122,0.05231984205330701,0.07140506745640013
