final_voiced_obstruents,final_voiceless_obstruent,final_obstruents
0.09155120891062211,0.1293126867698995,0.2208638956805216
