final_voiced_obstruents,final_voiceless_obstruent,final_obstruents
0.09575233981281497,0.15166786657067435,0.24742020638348933
