final_voiced_obstruents,final_voiceless_obstruent,final_obstruents
0.00048590864917395527,0.0024295432458697765,0.0029154518950437317
