{"[_w a p a ⁿtʃ ]_w": 0.01426799007444169, "[_w a p a ɾ ]_w": 0.004032258064516128, "[_w a p a p ]_w": 0.0018610421836228299, "[_w a p a ʂ ]_w": 0.0006203473945409425, "[_w t p o ts ]_w": 0.011786600496277916, "[_w t p o w ]_w": 0.00031017369727047125, "[_w i t a ɾ ]_w": 0.000620347394540943, "[_w a n oa ]_w": 0.000620347394540943, "[_w a n oa m ]_w": 0.0015508684863523579, "[_w t a ɾ a ]_w": 0.01457816377171216, "[_w t a ɾ i ]_w": 0.002791563275434243, "[_w t a ɾ o ]_w": 0.0015508684863523579, "[_w t a ɾ ]_w": 0.00031017369727047125, "[_w k o k ]_w": 0.0006203473945409425, "[_w k o k i ]_w": 0.0018610421836228281, "[_w k o k o ]_w": 0.0018610421836228281, "[_w k o k oa ]_w": 0.00031017369727047125, "[_w i s o s ]_w": 0.008684863523573205, "[_w n o w aː ]_w": 0.0018610421836228299, "[_w n o w ]_w": 0.000620347394540943, "[_w n o w a ]_w": 0.00837468982630273, "[_w s i j aː ]_w": 0.0015508684863523579, "[_w s i j ]_w": 0.0006203473945409425, "[_w s i j a ]_w": 0.007444168734491314, "[_w a ʃ i k ]_w": 0.002171215880893299, "[_w a ʃ i p ]_w": 0.0006203473945409425, "[_w a ʃ i ʃ ]_w": 0.0006203473945409425, "[_w a ʃ i tʃ ]_w": 0.00031017369727047125, "[_w w a t a ]_w": 0.0037220843672456567, "[_w m a ᵑk ]_w": 0.0006203473945409425, "[_w m a ᵑk o ]_w": 0.004032258064516128, "[_w m a ᵑk i ]_w": 0.006823821339950369, "[_w m a ᵑk a ]_w": 0.000930521091811414, "[_w m a ᵑk oa ]_w": 0.004032258064516128, "[_w k i ʂ ]_w": 0.0006203473945409436, "[_w k i ʂ aː ]_w": 0.0006203473945409436, "[_w k i ʂ a ]_w": 0.002171215880893301, "[_w i j aː ]_w": 0.000620347394540943, "[_w i j aː m ]_w": 0.0003101736972704718, "[_w k i s ]_w": 0.000620347394540943, "[_w k i s a ]_w": 0.0003101736972704718, "[_w o ɾ o ]_w": 0.000620347394540943, "[_w o ɾ o t ]_w": 0.0012406947890818863, "[_w o ɾ o p ]_w": 0.00031017369727047125, "[_w j o w aː ]_w": 0.0009305210918114148, "[_w j o w ]_w": 0.000620347394540943, "[_w j o w a ]_w": 0.004652605459057075, "[_w m i ʃ a ]_w": 0.0015508684863523579, "[_w k a p o ]_w": 0.003411910669975187, "[_w a t o ]_w": 0.0003101736972704718, "[_w a t o s ]_w": 0.0009305210918114148, "[_w a t o ʃ ]_w": 0.0003101736972704718, "[_w a t o tʃ ]_w": 0.0003101736972704718, "[_w w aː n a ]_w": 0.0018610421836228299, "[_w w aː n i ]_w": 0.0012406947890818863, "[_w w aː n aː ]_w": 0.00031017369727047125, "[_w a n o ʃ ]_w": 0.0012406947890818852, "[_w a n o ]_w": 0.00031017369727047125, "[_w a n o ᵑk ]_w": 0.00031017369727047125, "[_w ʃ i j aː ]_w": 0.0012406947890818852, "[_w ʃ i j ]_w": 0.0006203473945409425, "[_w ʃ i j a ]_w": 0.005893300248138958, "[_w ʂ a p a ]_w": 0.002171215880893299, "[_w t a m a ]_w": 0.01147642679900744, "[_w t a m ]_w": 0.00031017369727047125, "[_w t a m oa ]_w": 0.00031017369727047125, "[_w t a m o ]_w": 0.0006203473945409425, "[_w t a j a ]_w": 0.0027915632754342452, "[_w w a n a ]_w": 0.0018610421836228281, "[_w w a n i ]_w": 0.007133995037220838, "[_w a t i ]_w": 0.00031017369727047125, "[_w a t i s ]_w": 0.00031017369727047125, "[_w a t i ʃ ]_w": 0.00031017369727047125, "[_w i ts i p ]_w": 0.0003101736972704718, "[_w ʃ ia ɾ o ]_w": 0.003101736972704713, "[_w ʃ ia ɾ i ]_w": 0.00031017369727047125, "[_w tʃ i n a ]_w": 0.016439205955334987, "[_w tʃ i n oa ]_w": 0.00031017369727047125, "[_w t i n a ]_w": 0.002171215880893301, "[_w t i n i ]_w": 0.000620347394540943, "[_w p a ᵑk o ]_w": 0.004032258064516128, "[_w p a ᵑk aː ]_w": 0.0006203473945409425, "[_w p a ᵑk i ]_w": 0.000930521091811414, "[_w p a ᵑk ]_w": 0.0006203473945409425, "[_w ʂ a ɾ i ]_w": 0.0006203473945409425, "[_w ʂ a ɾ ]_w": 0.0006203473945409425, "[_w ʂ a ɾ ia ]_w": 0.0006203473945409425, "[_w a p aː ]_w": 0.00031017369727047125, "[_w i j a m ]_w": 0.0015508684863523563, "[_w i j a ʃ ]_w": 0.0015508684863523563, "[_w i j a ]_w": 0.0006203473945409425, "[_w i j a p ]_w": 0.0012406947890818852, "[_w t a ᵑk i ]_w": 0.0003101736972704718, "[_w i j ʃ a ]_w": 0.000620347394540943, "[_w o w ʃ a ]_w": 0.0012406947890818852, "[_w ⁿt a ᵐp a ]_w": 0.0015508684863523579, "[_w a t a ɾ ]_w": 0.0003101736972704718, "[_w a t tʃ a ]_w": 0.00031017369727047125, "[_w m a j a ]_w": 0.005272952853598016, "[_w tʃ i j aː ]_w": 0.000620347394540943, "[_w tʃ i j ]_w": 0.000620347394540943, "[_w tʃ i j a ]_w": 0.000620347394540943, "[_w ʂ o w a ]_w": 0.0024813895781637726, "[_w ʂ o w aː ]_w": 0.000620347394540943, "[_w ʂ o w ]_w": 0.00031017369727047125, "[_w n i ʃ ]_w": 0.0006203473945409425, "[_w o t ia j ]_w": 0.002791563275434243, "[_w t a k o ]_w": 0.002171215880893301, "[_w t a k i ]_w": 0.0024813895781637704, "[_w t a k ]_w": 0.00031017369727047125, "[_w ts a p ]_w": 0.000620347394540943, "[_w ts a p o ]_w": 0.0015508684863523579, "[_w ts a p oa ]_w": 0.000620347394540943, "[_w w aː m a ]_w": 0.0018610421836228281, "[_w a ʃ k o ]_w": 0.004342431761786598, "[_w a ʃ k i ]_w": 0.002791563275434243, "[_w a ʃ k a ]_w": 0.0040322580645161315, "[_w k o s a ]_w": 0.002171215880893301, "[_w k o s ]_w": 0.00031017369727047125, "[_w w i p ]_w": 0.0006203473945409425, "[_w w i p aː ]_w": 0.0006203473945409425, "[_w w i p a ]_w": 0.002791563275434243, "[_w w i p i ]_w": 0.0015508684863523579, "[_w w a ʃ a ]_w": 0.00031017369727047125, "[_w w a tʃ ]_w": 0.000620347394540943, "[_w w a tʃ o ]_w": 0.0009305210918114148, "[_w w a tʃ oa ]_w": 0.00031017369727047125, "[_w ⁿt o ʃ a ]_w": 0.000620347394540943, "[_w ⁿt o ʃ ]_w": 0.000620347394540943, "[_w t a tʃ i ]_w": 0.007133995037220838, "[_w t a tʃ ]_w": 0.0006203473945409425, "[_w t a tʃ o ]_w": 0.0006203473945409425, "[_w w a ts ]_w": 0.0006203473945409425, "[_w w a ts ia ]_w": 0.00031017369727047125, "[_w w a ⁿt ]_w": 0.000620347394540943, "[_w s i ɾ o ]_w": 0.002171215880893301, "[_w s i ɾ i ]_w": 0.00031017369727047125, "[_w a n t a ]_w": 0.003411910669975187, "[_w j a k o ]_w": 0.00031017369727047125, "[_w j a k ]_w": 0.00031017369727047125, "[_w k i ɾ i ]_w": 0.0003101736972704718, "[_w k o ɾ a ]_w": 0.006513647642679905, "[_w k o ɾ i ]_w": 0.003411910669975187, "[_w m i n a ]_w": 0.0018610421836228281, "[_w m i n o ]_w": 0.004032258064516128, "[_w m i n oa ]_w": 0.0018610421836228281, "[_w m i n ]_w": 0.0006203473945409425, "[_w s o ɾ a ]_w": 0.00031017369727047125, "[_w s o ɾ o ]_w": 0.00031017369727047125, "[_w s o ɾ ]_w": 0.00031017369727047125, "[_w s o ɾ aː ]_w": 0.00031017369727047125, "[_w s o ɾ i ]_w": 0.0009305210918114148, "[_w k aː p a ]_w": 0.0009305210918114148, "[_w k aː p ]_w": 0.0003101736972704718, "[_w k a s ]_w": 0.0006203473945409425, "[_w n a p a ]_w": 0.005893300248138958, "[_w n a p ]_w": 0.00031017369727047125, "[_w m a t a ]_w": 0.00031017369727047125, "[_w p a k o ]_w": 0.000620347394540943, "[_w j a ɾ i ]_w": 0.00031017369727047125, "[_w j a ɾ ia ]_w": 0.0024813895781637704, "[_w j a j a ]_w": 0.0018610421836228281, "[_w w a p a ]_w": 0.004962779156327542, "[_w p a ɾ i ]_w": 0.00031017369727047125, "[_w p a ɾ o ]_w": 0.00031017369727047125, "[_w p a tʃ i ]_w": 0.00031017369727047125, "[_w n a t a ]_w": 0.0009305210918114148, "[_w n a t o ]_w": 0.004652605459057071, "[_w n a t ]_w": 0.0006203473945409425, "[_w a j o ]_w": 0.000620347394540943, "[_w m a ɾ i ]_w": 0.002171215880893301, "[_w m a ɾ a ]_w": 0.0012406947890818863, "[_w w a ᵑk a ]_w": 0.0015508684863523563, "[_w w a ᵑk aː ]_w": 0.00031017369727047125, "[_w w a ᵑk ]_w": 0.00031017369727047125, "[_w w a ᵑk i ]_w": 0.00031017369727047125, "[_w ʃ i ᵑk i ]_w": 0.000620347394540943, "[_w ⁿt o n i ]_w": 0.0012406947890818852, "[_w w a m a ]_w": 0.0018610421836228299, "[_w a ɾ a p ]_w": 0.003411910669975187, "[_w a ɾ a ᵑk ]_w": 0.0018610421836228299, "[_w a ɾ a s ]_w": 0.0006203473945409436, "[_w a ɾ a tʃ ]_w": 0.0003101736972704718, "[_w m aː tʃ i ]_w": 0.0015508684863523579, "[_w m aː tʃ ia ]_w": 0.0012406947890818852, "[_w k a n i ]_w": 0.003411910669975187, "[_w k a n ]_w": 0.0003101736972704718, "[_w k a n a ]_w": 0.0003101736972704718, "[_w k a n oa ]_w": 0.0003101736972704718, "[_w i tʃ ia ]_w": 0.000620347394540943, "[_w m o s a ]_w": 0.003411910669975187,