{"[_w a m m a ]_w": 0.0027548209366391194, "[_w t aː n a ]_w": 0.0009182736455463737, "[_w t aː n ]_w": 0.0009182736455463737, "[_w m i n i ]_w": 0.011019283746556469, "[_w k i s u ]_w": 0.00918273645546373, "[_w i n u i ]_w": 0.003673094582185492, "[_w i n u k ]_w": 0.0027548209366391194, "[_w i n u ]_w": 0.0009182736455463728, "[_w i n u t ]_w": 0.0018365472910927458, "[_w n u n a ]_w": 0.02846648301193756, "[_w m i s ]_w": 0.0009182736455463737, "[_w m i s i ]_w": 0.0009182736455463737, "[_w q a n u ]_w": 0.005509641873278239, "[_w s u l i ]_w": 0.004591368227731865, "[_w u l l u ]_w": 0.01744719926538108, "[_w m aː n i ]_w": 0.0009182736455463728, "[_w i l a k ]_w": 0.000918273645546372, "[_w m i l i ]_w": 0.00826446280991736, "[_w m i l u ]_w": 0.0009182736455463737, "[_w m a l i ]_w": 0.006427915518824611, "[_w m u t ]_w": 0.0009182736455463728, "[_w i m m a ]_w": 0.003673094582185492, "[_w t u t u ]_w": 0.0009182736455463728, "[_w t u t uː ]_w": 0.0009182736455463728, "[_w n a m i ]_w": 0.0009182736455463737, "[_w k uː l i ]_w": 0.0009182736455463728, "[_w n i k ]_w": 0.0009182736455463728, "[_w a s i a ]_w": 0.006427915518824611, "[_w p iː t a ]_w": 0.0018365472910927458, "[_w p iː k u ]_w": 0.0009182736455463728, "[_w p iː k uː ]_w": 0.0009182736455463728, "[_w u n a ]_w": 0.0009182736455463728, "[_w m i k ]_w": 0.0009182736455463728, "[_w u v v a ]_w": 0.0018365472910927458, "[_w a k i t ]_w": 0.0009182736455463737, "[_w n i t ]_w": 0.0009182736455463728, "[_w a t a u ]_w": 0.0009182736455463728, "[_w i l aː k ]_w": 0.0018365472910927458, "[_w i l aː ]_w": 0.0009182736455463728, "[_w m a m i ]_w": 0.0009182736455463728, "[_w m i t ]_w": 0.0009182736455463728, "[_w m aː t a ]_w": 0.0009182736455463728, "[_w u k u a ]_w": 0.0009182736455463728, "[_w q a ŋ a ]_w": 0.004591368227731865, "[_w i l l u ]_w": 0.011937557392102841, "[_w m a i ]_w": 0.0009182736455463737, "[_w m a i k ]_w": 0.0018365472910927458, "[_w n u t ]_w": 0.0009182736455463728, "[_w n u t aː ]_w": 0.01101928374655648, "[_w p aː l ]_w": 0.0009182736455463728, "[_w i m aː k ]_w": 0.0009182736455463728, "[_w i m aː ]_w": 0.0009182736455463728, "[_w t aː m ]_w": 0.0009182736455463728, "[_w i a t ]_w": 0.0009182736455463728, "[_w l u i ]_w": 0.0009182736455463728, "[_w i m a n ]_w": 0.0018365472910927458, "[_w i m a k ]_w": 0.0009182736455463728, "[_w i n n a ]_w": 0.005509641873278239, "[_w m a k u ]_w": 0.003673094582185492, "[_w n a n i ]_w": 0.0009182736455463737, "[_w u n i k ]_w": 0.0027548209366391194, "[_w a u j a ]_w": 0.0027548209366391194, "[_w t aː l a ]_w": 0.008264462809917354, "[_w ɣ aː s i ]_w": 0.0018365472910927458, "[_w j aː k ]_w": 0.0009182736455463728, "[_w i ɣ l u ]_w": 0.00826446280991736, "[_w i v v i ]_w": 0.0018365472910927458, "[_w j aː n ]_w": 0.0009182736455463728, "[_w j aː n i ]_w": 0.0009182736455463728, "[_w s i l a ]_w": 0.004591368227731865, "[_w a t iː ]_w": 0.0009182736455463728, "[_w a t iː t ]_w": 0.0009182736455463728, "[_w p i k u ]_w": 0.0009182736455463728, "[_w aː ɣ ɣ a ]_w": 0.0018365472910927458, "[_w j uː n i ]_w": 0.0018365472910927458, "[_w j uː n ]_w": 0.0009182736455463728, "[_w j uː n a ]_w": 0.0009182736455463728, "[_w t u ŋ a ]_w": 0.0009182736455463737, "[_w u n n u ]_w": 0.003673094582185492, "[_w m a n a ]_w": 0.0009182736455463728, "[_w n a l i ]_w": 0.003673094582185492, "[_w n a l u ]_w": 0.0018365472910927458, "[_w k i n a ]_w": 0.004591368227731865, "[_w p a t ]_w": 0.0009182736455463728, "[_w i l i n ]_w": 0.001836547291092744, "[_w i l i k ]_w": 0.000918273645546372, "[_w j uː p i ]_w": 0.0009182736455463728, "[_w uː m a ]_w": 0.0009182736455463728, "[_w s a n i ]_w": 0.0009182736455463728, "[_w a ŋ u t ]_w": 0.0027548209366391194, "[_w p i u l ]_w": 0.0009182736455463728, "[_w ʁ i t s ]_w": 0.0009182736455463728, "[_w iː t u a ]_w": 0.0018365472910927458, "[_w t uː t u ]_w": 0.0009182736455463728, "[_w t uː t uː ]_w": 0.0009182736455463728, "[_w s i u l ]_w": 0.0009182736455463728, "[_w k iː t ]_w": 0.0009182736455463728, "[_w j uː m i ]_w": 0.0009182736455463728, "[_w i n uː p ]_w": 0.0009182736455463728, "[_w s u n a ]_w": 0.005509641873278239, "[_w k u i n ]_w": 0.0009182736455463728, "[_w aː l a n ]_w": 0.0009182736455463728, "[_w s aː l i ]_w": 0.0009182736455463728, "[_w k u a k ]_w": 0.0009182736455463728, "[_w s aː n ]_w": 0.0009182736455463728, "[_w a v a ]_w": 0.0009182736455463737, "[_w aː k k a ]_w": 0.0009182736455463728, "[_w j u a j ]_w": 0.0009182736455463728, "[_w s uː q ]_w": 0.0009182736455463728, "[_w n u a t ]_w": 0.0009182736455463728, "[_w n u a ]_w": 0.0009182736455463728, "[_w ŋ i t ]_w": 0.0009182736455463728, "[_w s a m i ]_w": 0.0009182736455463728, "[_w ŋ a n i ]_w": 0.0009182736455463728, "[_w j i m i ]_w": 0.0009182736455463728, "[_w j i m ]_w": 0.0009182736455463728, "[_w iː p ʁ u ]_w": 0.0009182736455463728, "[_w aː n i ]_w": 0.0009182736455463728, "[_w m aː k ]_w": 0.0009182736455463728, "[_w iː l aː k ]_w": 0.0009182736455463728, "[_w a k iː t ]_w": 0.0009182736455463728, "[_w v aː t i ]_w": 0.0009182736455463728, "[_w k uː k ]_w": 0.0009182736455463728, "[_w k aː t i ]_w": 0.0009182736455463728, "[_w v u a t ]_w": 0.0009182736455463728, "[_w n i u ]_w": 0.0009182736455463728, "[_w n i u s ]_w": 0.0009182736455463728, "[_w k uː p a ]_w": 0.0009182736455463728, "[_w i ŋ n a ]_w": 0.0009182736455463728, "[_w l uː s i ]_w": 0.0009182736455463728, "[_w uː k iː ]_w": 0.0009182736455463728, "[_w s aː m ]_w": 0.0009182736455463728, "[_w j uː s i ]_w": 0.0018365472910927458, "[_w i v i t ]_w": 0.0009182736455463728, "[_w t uː n i ]_w": 0.0009182736455463728, "[_w t u n i ]_w": 0.0009182736455463728, "[_w s iː l a ]_w": 0.0009182736455463728, "[_w p aː t ]_w": 0.0009182736455463728, "[_w l iː n a ]_w": 0.0009182736455463728, "[_w i u ʁ i ]_w": 0.0009182736455463728, "[_w ʁ u i ]_w": 0.0009182736455463728, "[_w ʁ aː s ]_w": 0.0009182736455463728, "[_w iː v a ]_w": 0.0009182736455463728, "[_w aː s i t ]_w": 0.0009182736455463728, "[_w u i ŋ a ]_w": 0.0009182736455463728, "[_w ʁ uː s ]_w": 0.0009182736455463728, "[_w a v v a ]_w": 0.0009182736455463728, "[_w k p m ɣ ]_w": 0.0009182736455463728}