{"n": 0.1282051282051282, "t": 0.016025641025641024, "a": 0.10897435897435898, "e": 0.09294871794871795, "w": 0.11217948717948718, "x": 0.02564102564102564, "ɾ": 0.08653846153846154, "s": 0.028846153846153848, "ɘ": 0.00641025641025641, "p": 0.028846153846153848, "u": 0.03205128205128205, "o": 0.04807692307692308, "ⁿdz": 0.019230769230769232, "k": 0.00641025641025641, "ᵑɡ": 0.028846153846153848, "j": 0.02564102564102564, "ŋ": 0.00641025641025641, "m": 0.0641025641025641, "i": 0.05448717948717949, "ᵐb": 0.035256410256410256, "ʔ": 0.041666666666666664, "ⁿd": 0.003205128205128205}