{"ʔ": 0.2692307692307692, "o": 0.16346153846153846, "e": 0.05448717948717949, "ɘ": 0.3269230769230769, "a": 0.15705128205128205, "i": 0.02564102564102564, "w": 0.003205128205128205}