{"ɘ": 0.3289065958388668, "ʔ": 0.4028331119964586, "o": 0.1456396635679504, "a": 0.07746790615316512, "e": 0.03142983621071271, "i": 0.013280212483399735, "w": 0.0004426737494466578}