{"u": 0.021362716438048122, "a": 0.060265347425230494, "d": 0.04317517427479199, "ɡb": 0.035529570496964244, "o": 0.05396896784348999, "j": 0.05037103665392399, "i": 0.04699797616370587, "ʔ": 0.12435349673937486, "b": 0.06431302001349225, "e": 0.033955475601529124, "h": 0.05869125252979537, "m": 0.11805711715763437, "w": 0.023386552732178996, "ɡ": 0.045423881268270745, "s": 0.054193838542837866, "k": 0.014391724758263998, "t": 0.055093321340229366, "l": 0.027659096019788623, "n": 0.033055992804137624, "f": 0.0332808635034855, "r": 0.002473577692826625}