{"u": 0.13009404388714735, "ə": 0.21316614420062696, "a": 0.12539184952978055, "i": 0.07836990595611286, "s": 0.017241379310344827, "m": 0.007836990595611285, "d": 0.023510971786833857, "t": 0.023510971786833857, "o": 0.16300940438871472, "e": 0.09561128526645768, "ɨ": 0.0438871473354232, "n": 0.012539184952978056, "ɾ": 0.01567398119122257, "k": 0.017241379310344827, "ɡ": 0.017241379310344827, "p": 0.006269592476489028, "b": 0.006269592476489028, "ŋ": 0.001567398119122257, "ɸ": 0.001567398119122257}