{"u": 0.0848605577689243, "ə": 0.2900398406374502, "i": 0.10756972111553785, "a": 0.08565737051792828, "o": 0.23266932270916335, "s": 0.02151394422310757, "d": 0.001195219123505976, "ɨ": 0.03346613545816733, "e": 0.10358565737051793, "n": 0.010358565737051793, "ɾ": 0.006772908366533864, "k": 0.004382470119521913, "p": 0.00398406374501992, "t": 0.007171314741035857, "m": 0.004382470119521913, "ŋ": 0.00039840637450199205, "ɸ": 0.001195219123505976, "b": 0.00039840637450199205, "x": 0.00039840637450199205}