{"a": 0.1411239627860196, "s": 0.03840834800100578, "u": 0.03960271561478501, "n": 0.04859190344480764, "i": 0.04639175257731959, "ⁿd": 0.04073422177520744, "o": 0.09165199899421675, "x": 0.0546266029670606, "ɸ": 0.034510937892884085, "ə": 0.11962534573799347, "ɾ": 0.05632386220769424, "ᵐb": 0.03721398038722655, "ɡ": 0.005971838068896153, "d": 0.015526778979129997, "j": 0.02495599698265024, "m": 0.03966557706814181, "w": 0.010372139803872266, "b": 0.012257983404576313, "e": 0.05424943424691979, "ᵑɡ": 0.01408096555192356, "p": 0.013515212471712347, "ɨ": 0.03388232335931607, "k": 0.015778224792557204, "t": 0.01012069399044506, "ŋ": 0.000817198893638421}