{"m": 0.05821917808219178, "t": 0.07191780821917808, "θ": 0.0273972602739726, "f": 0.03767123287671233, "e": 0.030821917808219176, "ʐ": 0.06335616438356165, "k": 0.11472602739726027, "ʎ": 0.02910958904109589, "i": 0.046232876712328765, "w": 0.05650684931506849, "tʃ": 0.03424657534246575, "a": 0.10273972602739725, "p": 0.0958904109589041, "l": 0.05136986301369863, "j": 0.011986301369863013, "ŋ": 0.017123287671232876, "n": 0.032534246575342464, "ɘ": 0.011986301369863013, "ʈʂ": 0.017123287671232876, "ɲ": 0.008561643835616438, "s": 0.018835616438356163, "o": 0.0136986301369863, "u": 0.008561643835616438, "n̪": 0.030821917808219176, "ɣ": 0.0017123287671232876, "ʃ": 0.0017123287671232876, "l̪": 0.005136986301369863}