{"m": 0.047681909388530994, "e": 0.13259055866511776, "w": 0.03136550850142571, "t": 0.027774844228535222, "a": 0.10618861548209949, "ɲ": 0.011405639455063893, "i": 0.07809694793536805, "θ": 0.013042559932411026, "u": 0.06948991445770408, "ŋ": 0.026349139296652235, "f": 0.03585383884253881, "j": 0.045411342274791426, "ɘ": 0.0460977927975499, "n": 0.06162213538916464, "ʐ": 0.023761748864716443, "tʃ": 0.019484634069067485, "k": 0.0500052803886366, "ʎ": 0.013834618227901574, "s": 0.009346287886788467, "p": 0.03432252613792375, "o": 0.030943077410497413, "l": 0.06700813179850038, "ʈʂ": 0.011669658886894075, "l̪": 0.0022177632273735347, "n̪": 0.0027986059773999366, "ʃ": 0.0005280388636603654, "ː": 0.00047523497729432885, "ɣ": 0.0006336466363924385}