{"x": 0.02847324496809033, "a": 0.226313205694649, "n": 0.033873343151693665, "i": 0.10751104565537556, "u": 0.13991163475699558, "k": 0.040746195385370644, "t": 0.044673539518900345, "χ": 0.010800196367206676, "s": 0.04958271968581247, "m": 0.03632793323514973, "ɾ": 0.039273441335297005, "w": 0.026509572901325478, "j": 0.028964162984781543, "l": 0.022091310751104567, "aː": 0.008836524300441826, "q": 0.026509572901325478, "p": 0.026018654884634267, "tʃʼ": 0.008836524300441826, "kʰ": 0.008345606283750613, "qʰ": 0.010309278350515464, "tʃ": 0.021600392734413353, "kʼ": 0.005891016200294551, "ɲ": 0.008345606283750613, "tʃʰ": 0.002454590083456063, "ʎ": 0.010309278350515464, "pʰ": 0.007854688267059401, "iː": 0.0014727540500736377, "qʼ": 0.007363770250368188, "tʰ": 0.004418262150220913, "uː": 0.0009818360333824251, "tʼ": 0.004418262150220913, "pʼ": 0.0009818360333824251}