{"x": 0.13230066023362114, "u": 0.12696800406297612, "w": 0.04875571356018284, "m": 0.07795835449466734, "s": 0.06602336211274759, "t": 0.047739969527679026, "a": 0.106399187404774, "k": 0.0457084814626714, "n": 0.02920264093448451, "j": 0.036566785170137124, "ɲ": 0.003809040121889284, "p": 0.04647028948704927, "kʰ": 0.0111731843575419, "l": 0.03224987303199594, "tʃ": 0.029964448958862366, "q": 0.03732859319451498, "pʰ": 0.014220416455053326, "tʃʼ": 0.01904520060944642, "qʼ": 0.009395632300660234, "i": 0.029456576942610464, "kʼ": 0.006602336211274758, "qʰ": 0.01345860843067547, "ʎ": 0.0045708481462671405, "tʰ": 0.010919248349415947, "tʼ": 0.0063484002031488065, "ɾ": 0.0012696800406297613, "pʼ": 0.0035551041137633316, "tʃʰ": 0.0025393600812595226}