{"b": 0.029707714422616195, "i": 0.08640792205717937, "ɾ": 0.046318479476122026, "p": 0.023957834211787255, "l": 0.03817281584411436, "d": 0.055422456476601184, "æ": 0.09662993132087526, "t": 0.05494329979236544, "y": 0.019166267369429803, "tʃ": 0.012617792684874621, "n": 0.035936751317680884, "dʒ": 0.013416387158600862, "o": 0.022839801948570517, "ɑ": 0.11563647979555981, "k": 0.02539530426449449, "m": 0.020923175211627537, "ɡ": 0.024756428685513497, "s": 0.048235106213065, "u": 0.02811052547516371, "z": 0.041207474844274075, "x": 0.013576106053346111, "ɣ": 0.00878453921098866, "ɟ": 0.00782622584251717, "œ": 0.00878453921098866, "ʃ": 0.014055262737581856, "f": 0.011978917105893628, "e": 0.021082894106372783, "h": 0.011180322632167386, "j": 0.017888516211467816, "ɯ": 0.028589682159399457, "v": 0.013895543842836608, "ʒ": 0.002236064526433477, "ts": 0.00031943778949049674}