{"b": 0.06019366657942947, "i": 0.05365087673383931, "y": 0.010730175346767862, "o": 0.04056529704265899, "k": 0.03428421879089243, "s": 0.06830672598796127, "tʃ": 0.019890081130594085, "ɟ": 0.03637791154148129, "e": 0.03402250719706883, "ɡ": 0.058361685422664226, "h": 0.034545930384716046, "d": 0.058361685422664226, "j": 0.048678356451190785, "n": 0.02538602460088982, "ɑ": 0.07118555352002094, "œ": 0.014132426066474744, "t": 0.054697723109133733, "v": 0.02381575503794818, "m": 0.07301753467678618, "æ": 0.03951845066736456, "l": 0.007066213033237372, "z": 0.007327924627060979, "x": 0.022768908662653756, "ɾ": 0.01962836953677048, "ʃ": 0.029573410102067522, "u": 0.008374771002355404, "ʒ": 0.0010468463752944255, "dʒ": 0.011777021722062287, "f": 0.018319811567652448, "ɯ": 0.00026171159382360636, "p": 0.014132426066474744}