{"ɾ": 0.1107040041873855, "æ": 0.1023292331850301, "n": 0.14315624182151268, "i": 0.14237110704004188, "ɑ": 0.09159905783826224, "x": 0.0036639623135304895, "f": 0.00654278984559016, "k": 0.029311698508243916, "ɡ": 0.028003140539125882, "u": 0.025909447788537033, "ʃ": 0.020675215912064903, "b": 0.03114367966500916, "dʒ": 0.006019366657942947, "y": 0.011253598534415075, "p": 0.002093692750588851, "d": 0.01753467678618163, "j": 0.006281078251766554, "ɯ": 0.073802669458257, "tʃ": 0.002093692750588851, "l": 0.03480764197853965, "s": 0.011777021722062287, "t": 0.03245223763412719, "m": 0.027741428945302276, "z": 0.017011253598534413, "h": 0.0057576550641193405, "ɣ": 0.0018319811567652448, "ɟ": 0.0013085579691180318, "v": 0.008898194190002618, "e": 0.0023554043444124575, "o": 0.0015702695629416384}