{"m": 0.03131991051454139, "ɑ": 0.14988814317673377, "l": 0.0395227442207308, "ɤ": 0.08202833706189411, "a": 0.11036539895600299, "ɵ": 0.023117076808351976, "r": 0.0447427293064877, "ɘ": 0.07531692766592095, "n": 0.0529455630126771, "p": 0.03803131991051454, "b": 0.03803131991051454, "j": 0.0343027591349739, "k": 0.020134228187919462, "ɡ": 0.019388516032811335, "ð": 0.024608501118568233, "θ": 0.024608501118568233, "ŋ": 0.014168530947054437, "ʃ": 0.020879940343027592, "ʒ": 0.014914243102162566, "u": 0.011185682326621925, "t": 0.02609992542878449, "d": 0.02535421327367636, "y": 0.006711409395973154, "s": 0.020879940343027592, "z": 0.015659955257270694, "q": 0.023117076808351976, "o": 0.00820283370618941, "ɣ": 0.0007457121551081282, "x": 0.0007457121551081282, "f": 0.0014914243102162564, "v": 0.0014914243102162564}