{"h": 0.015619861887536994, "a": 0.0666310424202565, "m": 0.026348240710292667, "o": 0.02236106543900033, "k": 0.02671818480762907, "ɑ": 0.11990299243669846, "t": 0.05701249588951003, "r": 0.0603830976652417, "s": 0.02507398881946728, "j": 0.06408253863860572, "q": 0.029718842486024334, "u": 0.0292255836895758, "ʃ": 0.019113778362380797, "ɤ": 0.06457579743505426, "l": 0.0564370272936534, "ɣ": 0.017634001973035187, "ɵ": 0.019812561657349556, "θ": 0.005631371259454127, "n": 0.0522032226241368, "ɘ": 0.08089444261756001, "x": 0.007070042749095692, "d": 0.016483064781321933, "ŋ": 0.007851035843472541, "b": 0.024827359421243013, "i": 0.008508714238737258, "p": 0.014057875698783294, "tʃ": 0.0006987832949687603, "ɡ": 0.011016113120683986, "y": 0.015866491285761262, "ð": 0.020922393949358763, "f": 0.0036172311739559354, "w": 0.0013564616902334758, "ʒ": 0.0018086155869779677, "z": 0.0036172311739559354, "ts": 0.0005754685958566261, "v": 0.00226076948372246, "ʔ": 8.220979940808945e-05}