{"m": 0.029362214199759325, "o": 0.00914560770156438, "j": 0.05174488567990373, "ɑ": 0.13429602888086642, "ɤ": 0.09963898916967509, "k": 0.02430806257521059, "n": 0.11696750902527075, "ɘ": 0.07773766546329723, "q": 0.029843561973525872, "ŋ": 0.026955475330926595, "r": 0.07388688327316487, "l": 0.025511432009626956, "p": 0.056558363417569195, "t": 0.03802647412755716, "a": 0.08977135980746088, "ɵ": 0.009867629362214199, "u": 0.019494584837545126, "ʃ": 0.020216606498194945, "ð": 0.016365824308062576, "y": 0.012996389891696752, "s": 0.01829121540312876, "θ": 0.0036101083032490976, "d": 0.001444043321299639, "v": 0.004332129963898917, "f": 0.002647412755716005, "x": 0.0007220216606498195, "z": 0.0033694344163658243, "h": 0.00024067388688327315, "ts": 0.00024067388688327315, "ʒ": 0.0009626955475330926, "b": 0.0004813477737665463, "ɡ": 0.0007220216606498195, "tʃ": 0.00024067388688327315}