{"o": 0.031163434903047092, "u": 0.11080332409972299, "k": 0.019390581717451522, "a": 0.19321329639889195, "ɛ": 0.07479224376731301, "dzʲ": 0.02077562326869806, "tsʲ": 0.02146814404432133, "i": 0.15789473684210525, "d": 0.04362880886426593, "t": 0.04362880886426593, "n": 0.02077562326869806, "x": 0.02146814404432133, "ɣ": 0.0221606648199446, "sʲ": 0.006925207756232687, "zʲ": 0.006925207756232687, "s": 0.02146814404432133, "z": 0.019390581717451522, "ts": 0.002077562326869806, "dz": 0.0013850415512465374, "j": 0.01662049861495845, "ʃ": 0.013157894736842105, "r": 0.025623268698060944, "b": 0.01731301939058172, "p": 0.01662049861495845, "m": 0.024238227146814405, "l": 0.018005540166204988, "nʲ": 0.002770083102493075, "lʲ": 0.004847645429362881, "tʃ": 0.002770083102493075, "v": 0.004155124653739612, "f": 0.004155124653739612, "ʒ": 0.009002770083102494, "dʒ": 0.0006925207756232687, "sː": 0.0006925207756232687}