{"ʃ": 0.02077562326869806, "ʒ": 0.01662049861495845, "b": 0.05886426592797784, "p": 0.05678670360110803, "j": 0.0221606648199446, "d": 0.062326869806094184, "ɣ": 0.03393351800554017, "x": 0.029085872576177285, "bʲ": 0.014542936288088643, "pʲ": 0.015235457063711912, "t": 0.061634349030470915, "a": 0.05193905817174515, "tʃ": 0.01592797783933518, "dʒ": 0.011772853185595568, "k": 0.036703601108033244, "v": 0.03185595567867036, "f": 0.03185595567867036, "r": 0.04986149584487535, "m": 0.037396121883656507, "z": 0.05678670360110803, "s": 0.05955678670360111, "n": 0.02077562326869806, "sː": 0.0006925207756232687, "u": 0.0221606648199446, "tsʲ": 0.015235457063711912, "dzʲ": 0.01592797783933518, "sʲ": 0.013157894736842105, "zʲ": 0.009002770083102494, "lʲ": 0.024930747922437674, "mʲ": 0.01731301939058172, "nʲ": 0.0110803324099723, "vʲ": 0.023545706371191136, "fʲ": 0.02008310249307479, "ts": 0.004847645429362881, "dz": 0.002770083102493075, "ɣʲ": 0.00554016620498615, "kʲ": 0.0013850415512465374, "l": 0.002770083102493075, "o": 0.004155124653739612, "xʲ": 0.002770083102493075, "ɛ": 0.006232686980609419}