{"o": 0.014022546054440473, "u": 0.14764916139675557, "k": 0.022271102557052516, "a": 0.22298597745394555, "ɛ": 0.058839703051965904, "i": 0.22326092933736597, "n": 0.018696728072587297, "x": 0.03574374484465218, "s": 0.010998075336816057, "d": 0.016222161121803684, "ʃ": 0.00384932636788562, "sʲ": 0.0027495188342040143, "b": 0.004399230134726423, "m": 0.043442397580423425, "tsʲ": 0.04041792686279901, "ʒ": 0.003299422601044817, "z": 0.004399230134726423, "t": 0.018421776189166895, "r": 0.020346439373109707, "j": 0.05224085784987627, "l": 0.009898267803134452, "nʲ": 0.0027495188342040143, "lʲ": 0.006598845202089634, "tʃ": 0.0041242782513060215, "ɣ": 0.004674182018146824, "f": 0.0008248556502612042, "zʲ": 0.0008248556502612042, "ts": 0.0027495188342040143, "p": 0.0021996150673632116, "ː": 0.00027495188342040145, "dzʲ": 0.0005499037668408029, "v": 0.00027495188342040145}