{"ʃ": 0.011213047910295617, "t": 0.031878417199518116, "o": 0.04758595125567602, "b": 0.013946807524789176, "i": 0.10198313409322583, "u": 0.05722361226948383, "j": 0.04040404040404041, "a": 0.17741636548975998, "k": 0.031646742655916965, "ɣ": 0.0158465387823186, "d": 0.02543786488740617, "lʲ": 0.024094152534519506, "dzʲ": 0.00773792975627838, "ɛ": 0.048234639977759244, "kʲ": 0.007367250486516541, "bʲ": 0.0034287832452970066, "l": 0.0163098878695209, "r": 0.05490686683347234, "sʲ": 0.009730330831248262, "n": 0.03729960151978501, "s": 0.03600222407561857, "m": 0.02353813362987675, "x": 0.0127420998980632, "p": 0.024279492169400427, "tʃ": 0.013622463163747567, "vʲ": 0.012093411175979984, "v": 0.022611435455472152, "tsʲ": 0.013715132981188026, "mʲ": 0.009869335557408952, "ʒ": 0.006579557038272635, "z": 0.014595496246872394, "ts": 0.008710962839403206, "nʲ": 0.017329255861365953, "ː": 0.004540821054582522, "zʲ": 0.0032434436104160874, "pʲ": 0.004865165415624131, "f": 0.002363080344731721, "ɣʲ": 0.003382448336576777, "dz": 0.0004170141784820684, "fʲ": 0.0008803632656843667, "xʲ": 0.0006950236308034474, "dʒ": 0.0002316745436011491}