{"h": 0.10548523206751055, "ɭ": 0.11814345991561181, "j": 0.046413502109704644, "ɑ": 0.040787623066104076, "ɸ": 0.0970464135021097, "k": 0.1111111111111111, "m": 0.07313642756680731, "n": 0.07876230661040788, "s": 0.06751054852320675, "f": 0.05485232067510549, "t": 0.06188466947960619, "p": 0.02390998593530239, "ɣ": 0.06469760900140648, "i": 0.02812939521800281, "e": 0.015471167369901548, "o": 0.009845288326300985, "u": 0.0028129395218002813}