{"h": 0.08836206896551724, "ɭ": 0.12095905172413793, "j": 0.046875, "ɑ": 0.050107758620689655, "ɸ": 0.06357758620689655, "e": 0.06276939655172414, "k": 0.11179956896551724, "m": 0.10317887931034483, "n": 0.13604525862068967, "s": 0.036637931034482756, "f": 0.04741379310344827, "t": 0.03636853448275862, "p": 0.017780172413793104, "ɣ": 0.04175646551724138, "u": 0.003771551724137931, "i": 0.020743534482758622, "o": 0.011853448275862068}