{"h": 0.03738964860654319, "u": 0.05084819110264843, "t": 0.046434135364375975, "o": 0.09542149904794876, "ɭ": 0.07322139518781375, "j": 0.015881945646529342, "ɑ": 0.15700190410247533, "ɸ": 0.03358144365587675, "e": 0.09702267612947897, "ʔ": 0.03617794703133114, "m": 0.03777912411286135, "i": 0.11377012290115977, "n": 0.07209624372511685, "s": 0.02224337891639259, "k": 0.028518262073740697, "ɣ": 0.0441405573827246, "p": 0.01752639778431712, "f": 0.020945127228665397}