{"ʃ": 0.013507561297900456, "tʃ": 0.012920276024078697, "e": 0.07458522977536339, "t": 0.065775950668037, "o": 0.07634708559682866, "v": 0.02672147995889003, "a": 0.12846865364850976, "f": 0.01629716634855381, "d": 0.06621641462340332, "k": 0.03464983115548378, "ɡ": 0.03244751137865218, "i": 0.07825576273674938, "ɫ": 0.03171340478637498, "ɤ": 0.017618558214652767, "m": 0.024959624137424755, "ʒ": 0.012626633387167817, "x": 0.006753780648950228, "j": 0.014682131845543973, "s": 0.046395536631918956, "z": 0.0421377183967112, "n": 0.034062545881662014, "p": 0.0328879753340185, "r": 0.04257818235207752, "b": 0.0328879753340185, "dʒ": 0.007634708559682866, "u": 0.02084862722067244, "eː": 0.0007341065922771986, "ts": 0.0035237116429305535, "nː": 0.0004404639553663192, "iː": 0.0007341065922771986, "oː": 0.00014682131845543972, "tː": 0.0004404639553663192}