{"ʃ": 0.013865779256794232, "t": 0.07653910149750416, "d": 0.0776483638380477, "k": 0.05268996117581808, "ɡ": 0.052135330005546314, "i": 0.03494176372712146, "m": 0.03937881308929562, "s": 0.07875762617859124, "z": 0.07598447032723239, "e": 0.020521353300055462, "p": 0.07376594564614532, "b": 0.07487520798668885, "n": 0.04714364947310039, "o": 0.03771491957848031, "a": 0.013311148086522463, "x": 0.008319467554076539, "v": 0.04159733777038269, "f": 0.03438713255684969, "j": 0.00887409872434831, "tʃ": 0.027176927343316695, "dʒ": 0.02107598447032723, "ʒ": 0.011092623405435386, "r": 0.032723239046034386, "ts": 0.006100942872989462, "ɫ": 0.02329450915141431, "u": 0.014975041597337771, "ɤ": 0.0011092623405435386}