{"ʃ": 0.0079155672823219, "t": 0.04617414248021108, "k": 0.06068601583113457, "i": 0.04116094986807388, "m": 0.055408970976253295, "s": 0.11609498680738786, "e": 0.01345646437994723, "p": 0.12058047493403694, "n": 0.06912928759894459, "v": 0.06754617414248021, "o": 0.05567282321899736, "a": 0.018469656992084433, "b": 0.03931398416886544, "x": 0.013984168865435357, "z": 0.031134564643799472, "ɡ": 0.03245382585751979, "j": 0.008707124010554089, "d": 0.060422163588390504, "tʃ": 0.021899736147757257, "r": 0.04353562005277045, "ʒ": 0.008970976253298154, "u": 0.021899736147757257, "ts": 0.012401055408970976, "ɫ": 0.017941952506596307, "f": 0.013984168865435357, "dʒ": 0.0007915567282321899, "ɤ": 0.0002638522427440633}