{"ɵ": 0.08396305625524769, "a": 0.181360201511335, "b": 0.031066330814441646, "p": 0.031066330814441646, "l": 0.03610411418975651, "e": 0.08900083963056256, "u": 0.03610411418975651, "i": 0.14105793450881612, "n": 0.04869857262804366, "m": 0.055415617128463476, "t": 0.04869857262804366, "d": 0.047019311502938706, "ɡ": 0.04785894206549118, "k": 0.04785894206549118, "ŋ": 0.030226700251889168, "o": 0.020990764063811923, "s": 0.010075566750629723, "r": 0.009235936188077247, "ts": 0.0033585222502099076, "w": 0.0008396305625524769}