{"m": 0.06054365733113674, "ɵ": 0.08909939593629873, "n": 0.06571480871316127, "a": 0.12657880285557385, "k": 0.07985539081090975, "kʷ": 0.007642321069009701, "e": 0.07042833607907743, "p": 0.02352187442796998, "u": 0.040087863811092805, "d": 0.008877905912502287, "o": 0.028601501006772837, "b": 0.023842211239245837, "ts": 0.012355848434925865, "i": 0.10465861248398316, "ŋ": 0.05866739886509244, "ɡ": 0.04242174629324547, "dz": 0.013408383671975105, "j": 0.009106717920556472, "t": 0.06443346146805784, "l": 0.032994691561413145, "s": 0.026267618524620173, "w": 0.004027091341753615, "ɡʷ": 0.0009152480322167307, "r": 0.003157605711147721, "f": 0.0015559216547684422, "ɣ": 0.0012355848434925864}