{"m": 0.10818307905686546, "a": 0.11789181692094314, "kʷ": 0.03744798890429958, "k": 0.14590846047156728, "d": 0.01608876560332871, "dz": 0.06158113730929265, "j": 0.024687933425797504, "p": 0.012760055478502081, "e": 0.04604715672676838, "n": 0.06907073509015256, "ɵ": 0.02524271844660194, "ɡ": 0.038834951456310676, "b": 0.038002773925104025, "i": 0.026907073509015257, "t": 0.05131761442441054, "u": 0.02274618585298197, "s": 0.07073509015256588, "l": 0.021081830790568655, "w": 0.02302357836338419, "ɡʷ": 0.004715672676837725, "o": 0.017475728155339806, "r": 0.0030513176144244107, "f": 0.004438280166435506, "ts": 0.005270457697642164, "ɣ": 0.007212205270457697, "ŋ": 0.00027739251040221914}