{"i": 0.08144883096972019, "j": 0.00891146032962821, "a": 0.1960521272518206, "s": 0.0355021080873898, "b": 0.01930816404752779, "w": 0.019691452663855885, "t": 0.039862016098121886, "u": 0.05897853583748563, "l": 0.03559793024147183, "ː": 0.0492046761211192, "o": 0.051312763510923724, "m": 0.043934457646607895, "e": 0.036077041011881944, "n": 0.06113453430433116, "ŋ": 0.035789574549635876, "r": 0.0378976619394404, "ɵ": 0.056151782292065924, "p": 0.030950555768493676, "ʔ": 0.022326561901111538, "d": 0.016768876964354158, "k": 0.027932157914909928, "ɡ": 0.012600613261786124, "c": 0.006467995400536604, "ɟ": 0.009821770793407436, "h": 0.005509773859716367, "ɲ": 0.0007665772326561902}