{"i": 0.06796116504854369, "j": 0.006674757281553398, "a": 0.20722087378640777, "ɵ": 0.05552184466019418, "s": 0.02669902912621359, "b": 0.03428398058252427, "p": 0.03428398058252427, "t": 0.03944174757281554, "u": 0.08040048543689321, "d": 0.03944174757281554, "ŋ": 0.012135922330097087, "n": 0.024271844660194174, "l": 0.03671116504854369, "o": 0.05946601941747573, "e": 0.046723300970873786, "m": 0.027305825242718445, "ʔ": 0.012135922330097087, "kː": 0.0054611650485436895, "k": 0.023361650485436893, "ɡ": 0.023361650485436893, "dː": 0.006371359223300971, "tː": 0.008798543689320388, "r": 0.023968446601941747, "w": 0.013956310679611651, "bː": 0.010618932038834952, "pː": 0.010922330097087379, "ɟ": 0.017900485436893203, "c": 0.017900485436893203, "h": 0.0045509708737864075, "sː": 0.0045509708737864075, "nː": 0.006371359223300971, "lː": 0.006371359223300971, "mː": 0.0027305825242718447, "cː": 0.0009101941747572816, "ɟː": 0.0009101941747572816, "ɲ": 0.00030339805825242716}