{"ɘ": 0.14783889980353634, "m": 0.008104125736738703, "ai": 0.05304518664047151, "s": 0.004174852652259332, "n": 0.1362966601178782, "ː": 0.11738703339882121, "i": 0.04494106090373281, "a": 0.12721021611001965, "d": 0.043958742632612964, "r": 0.04567779960707269, "ei": 0.043222003929273084, "ɡ": 0.03610019646365423, "oi": 0.011542239685658153, "o": 0.03315324165029469, "l": 0.03610019646365423, "b": 0.022102161100196464, "nʲ": 0.04174852652259332, "ʉi": 0.026277013752455794, "t": 0.011787819253438114, "ʃ": 0.005648330058939097, "x": 0.0007367387033398821, "k": 0.0014734774066797642, "lʲ": 0.0004911591355599214, "rʲ": 0.0002455795677799607, "ui": 0.0002455795677799607, "ʒ": 0.0002455795677799607, "p": 0.0002455795677799607}