{"p": 0.10723718964606445, "b": 0.10618066561014262, "d": 0.08716323296354993, "t": 0.08716323296354993, "l": 0.017432646592709985, "e": 0.04120443740095087, "u": 0.01162176439513999, "a": 0.07025884838880085, "m": 0.04807184363444268, "k": 0.0676175382989963, "ɡ": 0.0676175382989963, "s": 0.05652403592181722, "z": 0.051241415742208134, "f": 0.04173269941891178, "o": 0.01901743264659271, "n": 0.021658742736397254, "ʒ": 0.025884838880084523, "ʃ": 0.01901743264659271, "r": 0.021658742736397254, "ʎ": 0.014791336502905442, "w": 0.003169572107765452, "i": 0.013206550449022716, "kː": 0.0005282620179609086}