{"ɾ": 0.03328050713153724, "ɔ": 0.006339144215530904, "s": 0.11304807184363444, "z": 0.03909138932910724, "i": 0.06233491811938722, "e": 0.05335446381405177, "o": 0.04807184363444268, "t": 0.07237189646064449, "d": 0.06867406233491812, "n": 0.04331748547279451, "b": 0.016904384574749076, "p": 0.016376122556788168, "l": 0.025884838880084523, "a": 0.20549392498679345, "m": 0.01584786053882726, "u": 0.028526148969889066, "ts": 0.021130480718436345, "ʎ": 0.010565240359218173, "ɲ": 0.005810882197569995, "k": 0.03803486529318542, "ɡ": 0.03750660327522451, "dz": 0.005810882197569995, "tʃ": 0.008452192287374538, "dʒ": 0.006867406233491812, "ʃ": 0.006339144215530904, "ʒ": 0.006339144215530904, "j": 0.0005282620179609086, "ɛ": 0.0010565240359218173, "f": 0.0005282620179609086, "sː": 0.0010565240359218173, "zː": 0.0010565240359218173}