{"ɾ": 0.08180009945300845, "l": 0.040775733465937346, "s": 0.19517652909000496, "a": 0.2347090999502735, "b": 0.0037294878170064643, "m": 0.023371456986573842, "ɔ": 0.0027349577324714074, "t": 0.10268523122824466, "u": 0.026106414719045252, "e": 0.06464445549477872, "p": 0.0044753853804077575, "n": 0.044256588761810045, "ɛ": 0.0014917951268025858, "ts": 0.03008453505718548, "tʃ": 0.004226752859273993, "k": 0.024117354549975135, "ʃ": 0.005967180507210343, "i": 0.03505718547986077, "ɲ": 0.0044753853804077575, "ɡ": 0.002486325211337643, "o": 0.046494281452013925, "ʎ": 0.011934361014420686, "d": 0.006215813028344107, "z": 0.0012431626056688214, "ː": 0.0007458975634012929, "j": 0.0007458975634012929, "f": 0.0002486325211337643}