{"n": 0.07218844984802432, "a": 0.26773049645390073, "l": 0.0364741641337386, "s": 0.1702127659574468, "ɾ": 0.050405268490374876, "e": 0.0911854103343465, "o": 0.24417426545086118, "t̪": 0.005572441742654508, "j": 0.007345491388044579, "ŋ": 0.0025329280648429585, "d̪": 0.011904761904761904, "i": 0.022289766970618033, "u": 0.003799392097264438, "k": 0.005572441742654508, "m": 0.0022796352583586625, "ɡ": 0.0012664640324214793, "h": 0.0005065856129685917, "b": 0.002026342451874367, "p": 0.0017730496453900709, "ʎ": 0.0005065856129685917, "w": 0.00025329280648429586}