{"j": 0.013382066851382421, "u": 0.10322466544832871, "s": 0.0384955491363556, "ɨ": 0.06897364852915168, "w": 0.037670223427459765, "a": 0.18958910570064258, "tʃ": 0.012438837469787184, "i": 0.13175735424158463, "n": 0.1365914048222602, "k": 0.05942345104049991, "ɾ": 0.05476625596887343, "m": 0.02499557861227377, "p": 0.05600424453221718, "t": 0.05759594411365914, "ʃ": 0.006956316689264871, "ʔ": 0.008135353416258916}