{"ɨ": 0.1574074074074074, "i": 0.2037037037037037, "a": 0.3148148148148148, "n": 0.09953703703703703, "u": 0.2222222222222222, "ʔ": 0.0023148148148148147}