{"ɨ": 0.16169429097605892, "i": 0.15138121546961325, "a": 0.2570902394106814, "n": 0.19889502762430938, "u": 0.2151012891344383, "ʔ": 0.01583793738489871}