final_voiced_obstruents,final_voiceless_obstruent,final_obstruents
0.11172161172161173,0.11459968602825746,0.22632129774986917
