final_voiced_obstruents,final_voiceless_obstruent,final_obstruents
0.03464393731097058,0.14434973879571075,0.17899367610668132
