final_voiced_obstruents,final_voiceless_obstruent,final_obstruents
0.027867095391211148,0.2508038585209003,0.27867095391211144
