final_voiced_obstruents,final_voiceless_obstruent,final_obstruents
0.02092836061175208,0.21652803863697342,0.23745639924872552
