final_voiced_obstruents,final_voiceless_obstruent,final_obstruents
0.0049504950495049506,0.08480413258717176,0.08975462763667671
