final_voiced_obstruents,final_voiceless_obstruent,final_obstruents
0.2612244897959184,0.24081632653061225,0.5020408163265306
