final_voiced_obstruents,final_voiceless_obstruent,final_obstruents
0.030183727034120734,0.2183727034120735,0.24855643044619422
