final_voiced_obstruents,final_voiceless_obstruent,final_obstruents
0.011609664261060559,0.06055851898336994,0.0721681832444305
