final_voiced_obstruents,final_voiceless_obstruent,final_obstruents
0.028728453659755182,0.15963027729203097,0.18835873095178615
