final_voiced_obstruents,final_voiceless_obstruent,final_obstruents
0.0011580775911986102,0.027793862188766647,0.02895193977996526
