final_voiced_obstruents,final_voiceless_obstruent,final_obstruents
0.0004585052728106373,0.002751031636863824,0.0032095369096744614
