final_voiced_obstruents,final_voiceless_obstruent,final_obstruents
0.008930425752855659,0.18006230529595016,0.18899273104880582
