final_voiced_obstruents,final_voiceless_obstruent,final_obstruents
0.07275287491199249,0.31377610889462565,0.38652898380661815
