{"n": 0.12492578078612991, "t": 0.01092506828167676, "ⁿd": 0.011400071250445315, "a": 0.0819380121125757, "ᵑɡ": 0.016743854649091557, "e": 0.05937537109606935, "w": 0.10319439496496853, "x": 0.033843961524759526, "ⁿdz": 0.00831255195344971, "s": 0.055575347345920914, "ɾ": 0.07125044531528323, "j": 0.03443771523572022, "ɘ": 0.008787554922218263, "m": 0.09500059375371096, "p": 0.035981474884218025, "u": 0.051656572853580336, "i": 0.06376914855717848, "o": 0.0583066144163401, "k": 0.004868780429877687, "ŋ": 0.010212563828523927, "ᵐb": 0.020900130625816412, "ʔ": 0.038593991212445077}