{"n": 0.07426160337552742, "a": 0.1080168776371308, "ʔ": 0.1080168776371308, "o": 0.08691983122362869, "t": 0.006751054852320675, "ɘ": 0.16455696202531644, "e": 0.06835443037974684, "m": 0.036286919831223625, "w": 0.05147679324894515, "i": 0.06413502109704641, "x": 0.016033755274261603, "j": 0.024472573839662448, "ŋ": 0.015189873417721518, "ɾ": 0.07341772151898734, "p": 0.032067510548523206, "s": 0.010970464135021098, "u": 0.02109704641350211, "ⁿdz": 0.005063291139240506, "k": 0.004219409282700422, "ᵑɡ": 0.016877637130801686, "ᵐb": 0.010126582278481013, "ⁿd": 0.0016877637130801688}