{"n": 0.07359368391371775, "a": 0.1096856055265755, "ʔ": 0.13795291132102072, "ɘ": 0.19350063442830961, "t": 0.004440998167207106, "ⁿd": 0.004581982236007331, "ŋ": 0.027209925278443535, "m": 0.040814887917665306, "ᵑɡ": 0.013816438742422107, "o": 0.05893134075849429, "ɾ": 0.060482165515296775, "x": 0.02001973776963203, "e": 0.04328210912166925, "w": 0.04321161708726914, "i": 0.05794445227689271, "j": 0.02904271817284647, "ⁿdz": 0.004018045960806429, "s": 0.019385309460031017, "p": 0.03038206682644861, "u": 0.014380375017623008, "k": 0.007542647680812069, "ᵐb": 0.005780346820809248}