{"ɘ": 0.29996437477734234, "ʔ": 0.3053081581759886, "o": 0.16791354945968412, "e": 0.043225270157938485, "i": 0.03503146894668092, "a": 0.14843842774017338, "w": 0.00011875074219213871}