{"n": 0.08877905912502287, "a": 0.1145890536335347, "ʔ": 0.14870284392524918, "ɘ": 0.21614830346296574, "ŋ": 0.02654219293428519, "o": 0.05148686203051936, "e": 0.036526716922104074, "u": 0.013545670876807615, "ɾ": 0.08104105303446325, "i": 0.04691062186943571, "p": 0.02720782786680645, "j": 0.0243788794035911, "m": 0.03592764548283494, "w": 0.035078960943870335, "t": 0.002196595277320154, "x": 0.012796831577721199, "ᵑɡ": 0.013362621270364269, "ⁿd": 0.0033281746626062938, "k": 0.0041102957083187725, "ⁿdz": 0.001780573444494367, "s": 0.011881583545504467, "ᵐb": 0.0036776330021799546}