{"u": 0.027777777777777776, "a": 0.1037037037037037, "d": 0.07777777777777778, "t": 0.07777777777777778, "ɡb": 0.032407407407407406, "o": 0.05648148148148148, "j": 0.046296296296296294, "i": 0.06574074074074074, "b": 0.03796296296296296, "e": 0.044444444444444446, "ʔ": 0.05, "h": 0.05, "w": 0.024074074074074074, "m": 0.06111111111111111, "ɡ": 0.05277777777777778, "k": 0.05277777777777778, "s": 0.041666666666666664, "l": 0.03333333333333333, "n": 0.03333333333333333, "f": 0.027777777777777776, "r": 0.002777777777777778}