{"u": 0.0516500904159132, "ɡb": 0.014353526220614829, "a": 0.14884719710669078, "ɡ": 0.04532097649186257, "e": 0.10936558167570826, "d": 0.04829716696805304, "n": 0.08759041591320073, "o": 0.06969559975889089, "ʔ": 0.06735985533453888, "b": 0.026408981314044604, "j": 0.01548372513562387, "i": 0.10556057866184448, "s": 0.029309825195901144, "t": 0.023922543701024715, "h": 0.025768535262206148, "m": 0.04298523206751055, "w": 0.013223327305605787, "l": 0.05323236889692586, "k": 0.004897528631705847, "r": 0.0037673297166968055, "f": 0.01295961422543701}