{"u": 0.05686231406169854, "a": 0.07807576756796365, "d": 0.08053051952810142, "t": 0.08053051952810142, "ɡb": 0.03418333699714223, "o": 0.07236022569062797, "j": 0.03748076500329743, "i": 0.04843555360152414, "ʔ": 0.09361031728585037, "b": 0.03865318384993039, "e": 0.02821132849710559, "h": 0.04587088737451454, "m": 0.09983879240858796, "w": 0.018172492122810874, "ɡ": 0.037883783981827505, "k": 0.037883783981827505, "s": 0.04587088737451454, "l": 0.019088444346742874, "n": 0.020956986883564153, "f": 0.02469407195720671, "r": 0.0008060379570601598}