{"a": 0.25406475328714834, "u": 0.06743955888590414, "h": 0.010462321504312174, "l": 0.03958716244874876, "n": 0.16046939064046373, "ʔ": 0.08285027569630991, "i": 0.10773363494980913, "e": 0.03364908808143645, "d": 0.019086667609218153, "t": 0.019086667609218153, "b": 0.018379753994061925, "m": 0.04340449597059239, "o": 0.02403506291531175, "ɡ": 0.04764597766152976, "k": 0.04764597766152976, "s": 0.02304538385409303, "f": 0.0005655308921249824, "j": 0.0001413827230312456, "w": 0.0005655308921249824, "r": 0.0001413827230312456}