{"u": 0.05287088928835783, "ɡb": 0.011261499418420218, "a": 0.1608596806598287, "n": 0.076980014803849, "e": 0.09360790948503754, "h": 0.020381727820661943, "l": 0.04343343555038596, "ʔ": 0.04470233689330654, "d": 0.05802580099397272, "o": 0.07465369567516125, "t": 0.05802580099397272, "i": 0.11205984984667441, "ɡ": 0.04155651898064926, "k": 0.04155651898064926, "b": 0.014936026223961087, "m": 0.03780268584117585, "w": 0.011050015861266787, "f": 0.009384582848683515, "s": 0.022285079835042826, "j": 0.01171090197737126, "r": 0.0028550280215713228}