{"u": 0.05549648716826151, "ɡb": 0.0108251506243876, "a": 0.16696374590864552, "n": 0.08161340087977151, "d": 0.0626993558071174, "e": 0.0947578543582046, "ʔ": 0.05030541830842037, "t": 0.0624335480642942, "m": 0.035831926115871326, "i": 0.10725603018742051, "h": 0.01645923238893406, "l": 0.04339441699501741, "o": 0.07272187128650948, "b": 0.014994683845143537, "w": 0.009767131569620781, "s": 0.018742051827297934, "ɡ": 0.03878187086955615, "k": 0.03859424187462213, "j": 0.008683052932224237, "f": 0.008391185606771321, "r": 0.0012873433819083954}