{"u": 0.04708044676940478, "a": 0.08680899194118478, "d": 0.08115368301993496, "t": 0.08115368301993496, "ɡb": 0.03068005089778029, "o": 0.071963806022904, "j": 0.04128375512512371, "i": 0.05810829916584193, "ʔ": 0.06772232433196664, "b": 0.03322493991234271, "e": 0.0319524954050615, "h": 0.04736321221546727, "m": 0.08680899194118478, "w": 0.02007634667043687, "ɡ": 0.04425279230877987, "k": 0.04425279230877987, "s": 0.04821150855365474, "l": 0.02530750742259296, "n": 0.024883359253499222, "f": 0.026438569206842923, "r": 0.0012724445072812103}