{"u": 0.05683792504343509, "ɡb": 0.013899230578307272, "a": 0.1518987341772152, "n": 0.06378754033258874, "ɡ": 0.04343509555721023, "e": 0.09357160585753288, "k": 0.04343509555721023, "ʔ": 0.035740878629932984, "d": 0.05038471084636386, "t": 0.05038471084636386, "i": 0.117150657731447, "o": 0.0769421692727724, "l": 0.044676098287416234, "m": 0.04070488955075701, "j": 0.015884834946636884, "s": 0.026061057334326135, "b": 0.0193596425912137, "h": 0.028046661702655747, "w": 0.010672623479771656, "f": 0.010424422933730455, "r": 0.006701414743112435}