{"a": 0.267861068366674, "ʔ": 0.07650032974280062, "m": 0.04228035465670111, "i": 0.08371803326738478, "h": 0.005935370411079358, "u": 0.08001758628269949, "l": 0.037041107935810065, "n": 0.16256320070345132, "o": 0.02304535795412911, "b": 0.023961310178061114, "e": 0.044588554261009744, "s": 0.02506045284677951, "ɡ": 0.046273906353044625, "k": 0.046273906353044625, "d": 0.017256539898878875, "t": 0.017256539898878875, "f": 0.00014655235582911996, "j": 3.663808895727999e-05, "w": 0.00014655235582911996, "r": 3.663808895727999e-05}