{"a": 0.22314814814814815, "n": 0.11666666666666667, "e": 0.03518518518518519, "ʔ": 0.053703703703703705, "u": 0.05648148148148148, "i": 0.13796296296296295, "o": 0.03425925925925926, "l": 0.06111111111111111, "m": 0.053703703703703705, "s": 0.023148148148148147, "t": 0.030555555555555555, "d": 0.030555555555555555, "ɡ": 0.05, "k": 0.05, "b": 0.016666666666666666, "h": 0.022222222222222223, "j": 0.000925925925925926, "w": 0.001851851851851852, "f": 0.000925925925925926, "r": 0.000925925925925926}