{"a": 0.14717360454115422, "s": 0.035241248817407755, "u": 0.040799432355723746, "n": 0.03394039735099338, "i": 0.04304635761589404, "ⁿd": 0.030570009460737936, "o": 0.09241958372753074, "ə": 0.11281929990539262, "ɸ": 0.028441343424787133, "e": 0.049373226111636706, "x": 0.045470671712393565, "ɾ": 0.06285477767265847, "ᵑɡ": 0.009224219489120151, "ᵐb": 0.025248344370860928, "j": 0.015964995269631032, "ɨ": 0.029860454115421004, "m": 0.027199621570482498, "b": 0.027140491958372752, "p": 0.027140491958372752, "ɡ": 0.023651844843897825, "d": 0.029978713339640493, "t": 0.029978713339640493, "k": 0.023651844843897825, "w": 0.008337275307473984, "ŋ": 0.0004730368968779565}