{"a": 0.06896551724137931, "n": 0.03918495297805643, "ɾ": 0.05642633228840126, "ɡ": 0.09090909090909091, "k": 0.09090909090909091, "j": 0.02664576802507837, "m": 0.045454545454545456, "ᵑɡ": 0.0219435736677116, "x": 0.08463949843260188, "w": 0.029780564263322883, "s": 0.0877742946708464, "b": 0.08620689655172414, "p": 0.08620689655172414, "d": 0.047021943573667714, "t": 0.047021943573667714, "ⁿd": 0.032915360501567396, "ᵐb": 0.023510971786833857, "ɸ": 0.018808777429467086, "e": 0.009404388714733543, "i": 0.004702194357366771, "o": 0.001567398119122257}