{"a": 0.11115537848605578, "n": 0.07410358565737052, "x": 0.13386454183266933, "ɾ": 0.07649402390438247, "ɡ": 0.020717131474103586, "s": 0.11912350597609561, "j": 0.053784860557768925, "m": 0.0796812749003984, "ᵑɡ": 0.02908366533864542, "w": 0.036653386454183264, "b": 0.034661354581673305, "k": 0.04223107569721116, "d": 0.026693227091633465, "ⁿd": 0.034262948207171316, "p": 0.0402390438247012, "t": 0.02151394422310757, "ᵐb": 0.028286852589641434, "ɸ": 0.025896414342629483, "e": 0.007569721115537849, "i": 0.0031872509960159364, "o": 0.0007968127490039841}