{"u": 0.08675752644426363, "o": 0.21958909682668837, "i": 0.09804719283970707, "a": 0.11818551668022782, "ə": 0.2628152969894223, "e": 0.12978030919446704, "ɨ": 0.03986981285598047, "s": 0.01790073230268511, "m": 0.0027461350691619204, "d": 0.0034580960130187145, "t": 0.0034580960130187145, "n": 0.0053905614320585845, "ɾ": 0.006000813669650122, "ɸ": 0.0003051261187957689, "x": 0.0001017087062652563, "k": 0.0016273393002441008, "ɡ": 0.0016273393002441008, "p": 0.0011187957689178193, "b": 0.0011187957689178193, "ŋ": 0.0001017087062652563}