{"a": 0.15233585494023213, "s": 0.02670785932898308, "u": 0.03487902061558006, "n": 0.03900791130103367, "i": 0.03437373679043714, "ⁿd": 0.03500895074204539, "o": 0.09632153375295952, "ᵐb": 0.03122654039383265, "j": 0.021871571288329388, "e": 0.04476814690766299, "ə": 0.1311861176878212, "ɸ": 0.026765606051856558, "x": 0.047886469942830745, "ɨ": 0.02877230467170988, "ɾ": 0.06252526419125715, "m": 0.029465265346191604, "ᵑɡ": 0.008445458220246001, "b": 0.026419125714615695, "p": 0.0264624357567708, "w": 0.008055667840850031, "k": 0.01654443610325114, "ɡ": 0.016472252699659296, "d": 0.026967719581913727, "t": 0.026866662816885142, "ŋ": 0.0006640873130449847}