{"a": 0.09090909090909091, "n": 0.03969270166453265, "x": 0.08482714468629962, "ɾ": 0.045134443021766966, "ɡ": 0.07106274007682459, "k": 0.07106274007682459, "s": 0.10307298335467349, "j": 0.03681177976952625, "m": 0.056338028169014086, "ᵑɡ": 0.02112676056338028, "w": 0.03265044814340589, "b": 0.0765044814340589, "p": 0.0765044814340589, "d": 0.05377720870678617, "t": 0.05377720870678617, "ⁿd": 0.03137003841229193, "ᵐb": 0.023047375160051217, "ɸ": 0.023047375160051217, "e": 0.006722151088348271, "i": 0.002240717029449424, "o": 0.0003201024327784891}