{"a": 0.13015095879232966, "s": 0.03916768665850673, "u": 0.05059159526723786, "n": 0.02733578131374949, "i": 0.05222358221134231, "ⁿd": 0.028559771521827825, "ə": 0.0864953080375357, "ɾ": 0.058343533251733984, "x": 0.03671970624235006, "m": 0.02284781721746226, "ɡ": 0.03223174214606283, "o": 0.08445532435740515, "d": 0.037535699714402286, "t": 0.03835169318645451, "k": 0.03223174214606283, "j": 0.0138718890248878, "b": 0.03631170950632395, "e": 0.05711954304365565, "p": 0.03631170950632395, "ᵑɡ": 0.009383924928600572, "w": 0.011015911872705019, "ᵐb": 0.01591187270501836, "ɸ": 0.02529579763361893, "ɨ": 0.03712770297837617, "ŋ": 0.0004079967360261118}