{"a": 0.11859235150528885, "n": 0.04465012205044752, "x": 0.08787632221318145, "ɾ": 0.051973148901545974, "ɡ": 0.05604149715215623, "k": 0.05604149715215623, "s": 0.09286004882017901, "j": 0.037021969080553295, "m": 0.05980471928397071, "ᵑɡ": 0.021562245728234338, "w": 0.03590317331163548, "b": 0.07282343368592352, "p": 0.07282343368592352, "d": 0.05380390561432059, "t": 0.0540073230268511, "ⁿd": 0.030512611879576892, "ᵐb": 0.027359641985353945, "ɸ": 0.019324654190398697, "e": 0.0053905614320585845, "i": 0.0015256305939788447, "o": 0.0001017087062652563}