{"m": 0.06919019547005895, "t": 0.043748060812907226, "θ": 0.03475023270245113, "f": 0.08656531182128452, "e": 0.041576171269004036, "ʐ": 0.03723239218119764, "ŋ": 0.023270245113248527, "k": 0.12379770400248216, "ʎ": 0.027924294135898232, "i": 0.032268073223704626, "w": 0.06608749612162582, "tʃ": 0.032578343158547934, "ɲ": 0.004343779087806391, "a": 0.09494260006205399, "p": 0.09928637914986038, "l": 0.034129692832764506, "ʈʂ": 0.03878374185541421, "ɘ": 0.01179025752404592, "j": 0.014582686937635743, "n": 0.042817251008377286, "s": 0.015823766677008997, "u": 0.004964318957493019, "o": 0.004654049022649705, "l̪": 0.00589512876202296, "n̪": 0.008067018305926156, "ɣ": 0.00031026993484331366, "ʃ": 0.0006205398696866273}