{"w": 0.018505667360629193, "i": 0.12190608373814481, "a": 0.08096229470275272, "j": 0.13694193846865602, "u": 0.12630117973629423, "n": 0.17580383992597734, "o": 0.031922276197085354, "m": 0.027758501040943788, "l": 0.09414758269720101, "ɲ": 0.030071709461022438, "e": 0.1193615544760583, "ɘ": 0.007402266944251677, "ʐ": 0.003238491788110109, "s": 0.006708304418228082, "ʎ": 0.004626416840157298, "k": 0.0006939625260235947, "θ": 0.0018505667360629193, "ŋ": 0.003932454314133704, "f": 0.002775850104094379, "n̪": 0.0018505667360629193, "t": 0.0018505667360629193, "l̪": 0.0006939625260235947, "tʃ": 0.0002313208420078649, "p": 0.0002313208420078649, "ʃ": 0.0002313208420078649}