{"m": 0.039323273891175126, "e": 0.09876543209876543, "w": 0.027892089620484683, "t": 0.03292181069958848, "a": 0.1467764060356653, "ɲ": 0.012345679012345678, "i": 0.09373571101966163, "j": 0.025605852766346592, "θ": 0.01417466849565615, "u": 0.06492912665752172, "ŋ": 0.01828989483310471, "f": 0.02377686328303612, "ɘ": 0.04343850022862369, "n": 0.04618198445358939, "ʐ": 0.04572473708276177, "k": 0.04846822130772748, "ʎ": 0.019204389574759947, "s": 0.013260173754000914, "tʃ": 0.02194787379972565, "p": 0.038408779149519894, "o": 0.05258344764517604, "l": 0.04298125285779607, "ʈʂ": 0.009144947416552356, "n̪": 0.013260173754000914, "ʃ": 0.001828989483310471, "ɣ": 0.002286236854138089, "ʐː": 0.0004572473708276177, "l̪": 0.002286236854138089}