{"w": 0.017123287671232876, "i": 0.14726027397260275, "j": 0.04965753424657534, "u": 0.11643835616438356, "n": 0.06164383561643835, "ɘ": 0.039383561643835614, "e": 0.1541095890410959, "a": 0.20376712328767124, "m": 0.0273972602739726, "ɲ": 0.008561643835616438, "o": 0.0702054794520548, "θ": 0.005136986301369863, "f": 0.015410958904109588, "ʐ": 0.011986301369863013, "l": 0.02910958904109589, "s": 0.011986301369863013, "ʎ": 0.00684931506849315, "ŋ": 0.010273972602739725, "t": 0.003424657534246575, "n̪": 0.003424657534246575, "tʃ": 0.0017123287671232876, "p": 0.0017123287671232876, "k": 0.0017123287671232876, "ʃ": 0.0017123287671232876}