{"m": 0.04548752176436448, "e": 0.14988392338943704, "w": 0.026044689495066744, "t": 0.02880150899593732, "a": 0.1055934416715032, "ɲ": 0.009104759141033082, "i": 0.07320081253627395, "j": 0.044580673244341264, "o": 0.02640742890307603, "u": 0.0702263493905978, "θ": 0.01099100406268137, "ŋ": 0.03032501450957632, "n": 0.06801363900174115, "ɘ": 0.041424840394660475, "l": 0.08274085896691817, "k": 0.05227074869413813, "f": 0.03195734184561811, "tʃ": 0.015561520603598375, "p": 0.031775972141613464, "ʐ": 0.0225623911781776, "ʈʂ": 0.008850841555426581, "ʎ": 0.010845908299477656, "s": 0.008415554265815438, "n̪": 0.0020313406848520023, "l̪": 0.0019225188624492164, "ʃ": 0.0003264654672083575, "ʐː": 7.254788160185723e-05, "ɣ": 0.00036273940800928613, "mː": 7.254788160185723e-05, "jː": 7.254788160185723e-05, "tː": 3.627394080092861e-05, "nː": 3.627394080092861e-05}