{"w": 0.016483516483516484, "i": 0.10789210789210789, "a": 0.13136863136863136, "j": 0.1038961038961039, "u": 0.11488511488511488, "n": 0.16233766233766234, "o": 0.04795204795204795, "e": 0.13536463536463536, "l": 0.06543456543456544, "ɘ": 0.014485514485514486, "ɲ": 0.022977022977022976, "m": 0.025974025974025976, "s": 0.00949050949050949, "ʎ": 0.008491508491508492, "k": 0.0014985014985014985, "θ": 0.0034965034965034965, "f": 0.005494505494505495, "ŋ": 0.007992007992007992, "ʐ": 0.005494505494505495, "n̪": 0.003996003996003996, "t": 0.001998001998001998, "l̪": 0.0014985014985014985, "tʃ": 0.0004995004995004995, "p": 0.0004995004995004995, "ʃ": 0.0004995004995004995}