{"m": 0.06315058986814712, "t": 0.0309969928290539, "θ": 0.031690955355077495, "f": 0.06939625260235947, "e": 0.04973398103169095, "ʐ": 0.03261623872310895, "ŋ": 0.030534351145038167, "k": 0.11751098773999537, "ʎ": 0.026139255146888734, "i": 0.04140643071940782, "w": 0.06268794818413138, "tʃ": 0.027758501040943788, "ɲ": 0.003238491788110109, "a": 0.10131852879944483, "p": 0.10710154984964146, "l": 0.03631737219523479, "ʈʂ": 0.03747397640527411, "ɘ": 0.015267175572519083, "j": 0.022900763358778626, "n": 0.05181586860976174, "s": 0.01919962988665279, "u": 0.003238491788110109, "o": 0.004163775156141568, "l̪": 0.006708304418228082, "n̪": 0.006708304418228082, "ɣ": 0.0002313208420078649, "ʃ": 0.0004626416840157298, "jː": 0.0002313208420078649}