{"w": 0.025752404591995036, "i": 0.11355879615265281, "u": 0.12069500465404902, "j": 0.13465715172199813, "n": 0.17282035370772572, "e": 0.1089047471300031, "s": 0.007756748371082842, "m": 0.025442134657151724, "ɲ": 0.02854483400558486, "l": 0.0816009928637915, "ɘ": 0.01427241700279243, "a": 0.09835556934533043, "o": 0.0363015823766677, "f": 0.005274588892336333, "ʐ": 0.004964318957493019, "ʎ": 0.007446478436239528, "θ": 0.0024821594787465093, "t": 0.0015513496742165685, "l̪": 0.0006205398696866273, "ŋ": 0.004654049022649705, "ː": 0.00031026993484331366, "k": 0.000930809804529941, "n̪": 0.0021718895439031957, "tʃ": 0.00031026993484331366, "p": 0.00031026993484331366, "ʃ": 0.00031026993484331366}