{"n": 0.032196969696969696, "i": 0.19507575757575757, "a": 0.3181818181818182, "t": 0.03977272727272727, "χ": 0.022727272727272728, "s": 0.022727272727272728, "m": 0.02462121212121212, "ɾ": 0.022727272727272728, "w": 0.01893939393939394, "k": 0.01893939393939394, "j": 0.022727272727272728, "l": 0.005681818181818182, "aː": 0.015151515151515152, "p": 0.015151515151515152, "q": 0.015151515151515152, "u": 0.16856060606060605, "x": 0.007575757575757576, "tʃ": 0.017045454545454544, "ɲ": 0.005681818181818182, "iː": 0.001893939393939394, "ʎ": 0.003787878787878788, "uː": 0.003787878787878788, "tʰ": 0.001893939393939394}