{"n": 0.0620544231348529, "w": 0.05884124912139773, "a": 0.3136861130635606, "i": 0.1436891254141982, "k": 0.03434079726880209, "ɾ": 0.06406265689326238, "t": 0.05653178029922683, "χ": 0.07581082437995783, "u": 0.055628075107942564, "s": 0.03102721156742645, "j": 0.01375640124510493, "tʃ": 0.006225524651069385, "p": 0.02470127522843659, "m": 0.020684807711617632, "q": 0.007430464906115072, "iː": 0.0030123506376142184, "ʎ": 0.004418114268500853, "ɲ": 0.01807410382568531, "l": 0.0004016467516818958, "aː": 0.0025102921980118486, "qʰ": 0.0024098805100913746, "x": 0.0004016467516818958, "uː": 0.0002008233758409479, "tʰ": 0.00010041168792047395}