{"x": 0.09468822170900693, "u": 0.12551460990059243, "w": 0.055126016668340196, "s": 0.07731699969876493, "t": 0.04518525956421327, "a": 0.14820765137061953, "k": 0.04990460889647555, "n": 0.02319509990962948, "j": 0.03333668038959735, "m": 0.07390300230946882, "ɲ": 0.0027111155738527965, "kʰ": 0.006024701275228437, "l": 0.037252736218495834, "p": 0.04639019981925896, "tʃ": 0.02972185962446029, "q": 0.03183050507079024, "pʰ": 0.008635405161160759, "tʃʼ": 0.015664223315593934, "qʼ": 0.004618937644341801, "i": 0.03765438297017773, "kʼ": 0.007631288281956019, "qʰ": 0.01777286876192389, "ʎ": 0.006426348026910333, "tʰ": 0.009137463600763129, "tʼ": 0.005823877899387489, "ɾ": 0.0006024701275228437, "pʼ": 0.0028115272617732705, "tʃʰ": 0.0029119389496937444}