{"x": 0.02604511278195489, "a": 0.26875187969924813, "n": 0.0557593984962406, "i": 0.08968421052631578, "w": 0.03266165413533834, "ɾ": 0.05112781954887218, "t": 0.060571428571428575, "u": 0.09010526315789473, "s": 0.04607518796992481, "tʃ": 0.015458646616541354, "j": 0.030255639097744362, "χ": 0.021894736842105262, "qʼ": 0.002406015037593985, "iː": 0.0018045112781954887, "kʼ": 0.0027669172932330826, "k": 0.04601503759398496, "p": 0.03019548872180451, "m": 0.04102255639097745, "q": 0.021774436090225564, "l": 0.015518796992481203, "tʼ": 0.003669172932330827, "ɲ": 0.011428571428571429, "aː": 0.004270676691729323, "tʃʼ": 0.0040300751879699245, "kʰ": 0.005293233082706767, "qʰ": 0.005834586466165414, "tʰ": 0.0036090225563909775, "uː": 0.000481203007518797, "ʎ": 0.005714285714285714, "tʃʰ": 0.001924812030075188, "pʰ": 0.0030075187969924814, "pʼ": 0.0008421052631578948}