{"x": 0.02120929418967377, "a": 0.29303810384536894, "n": 0.06218477595405382, "i": 0.08467683157925425, "w": 0.03434302206932743, "ɾ": 0.05190810763534591, "k": 0.05424040115448529, "t": 0.06584356141220372, "χ": 0.026209148421328824, "u": 0.07253432844523483, "s": 0.04577126031311041, "j": 0.02808956007113495, "tʃ": 0.012521500830879566, "p": 0.033351797323693186, "qʼ": 0.0010932625870965862, "m": 0.04330777528351943, "iː": 0.0008017258972041632, "kʼ": 0.0019241421532899916, "q": 0.01788577592490015, "ʎ": 0.003629631789160666, "ɲ": 0.011369930905804496, "l": 0.01282761435526661, "tʼ": 0.002682137547010291, "aː": 0.002652983878021049, "qʰ": 0.004489665024343313, "tʃʼ": 0.0027987522229672604, "kʰ": 0.0036004781201714234, "tʰ": 0.0019532958222792337, "uː": 0.00021865251741931722, "tʃʰ": 0.0007725722282149208, "pʰ": 0.0015305676219352206, "pʼ": 0.0005393428763009825}