{"x": 0.08333333333333333, "u": 0.11742424242424243, "w": 0.03787878787878788, "s": 0.08333333333333333, "t": 0.041666666666666664, "a": 0.1534090909090909, "k": 0.030303030303030304, "n": 0.015151515151515152, "j": 0.02462121212121212, "m": 0.045454545454545456, "kʰ": 0.015151515151515152, "l": 0.03598484848484849, "p": 0.043560606060606064, "tʃ": 0.028409090909090908, "q": 0.041666666666666664, "pʰ": 0.01893939393939394, "tʃʼ": 0.026515151515151516, "qʼ": 0.022727272727272728, "i": 0.058712121212121215, "kʼ": 0.011363636363636364, "qʰ": 0.02462121212121212, "tʰ": 0.011363636363636364, "tʼ": 0.00946969696969697, "ɾ": 0.005681818181818182, "pʼ": 0.003787878787878788, "ʎ": 0.003787878787878788, "ɲ": 0.003787878787878788, "tʃʰ": 0.001893939393939394}