{"x": 0.030507763323541753, "a": 0.2620646244229962, "n": 0.0536718422156945, "u": 0.08841796055392362, "k": 0.04712547209399916, "w": 0.03298363407469576, "l": 0.013680234997901804, "i": 0.0961393201846412, "m": 0.03965589592950063, "ː": 0.007175828787242971, "s": 0.0433906840117499, "t": 0.056021821233738986, "q": 0.022912295425933697, "tʃʼ": 0.004616030214015947, "χ": 0.026563155686109945, "j": 0.02815778430549727, "p": 0.032605958875367186, "kʰ": 0.00570709190096517, "qʰ": 0.004993705413344524, "ɾ": 0.04775493075954679, "ɲ": 0.013302559798573227, "kʼ": 0.0034410407049937056, "tʃ": 0.015778430549727235, "tʃʰ": 0.0015946286193873269, "ʎ": 0.006504406210658833, "pʰ": 0.0031892572387746537, "qʼ": 0.003483004616030214, "pʼ": 0.0011330255979857323, "tʰ": 0.003063365505665128, "tʼ": 0.004364246747796894}