{"b": 0.01922808764940239, "i": 0.11249003984063745, "ɾ": 0.06525398406374502, "p": 0.014018924302788845, "n": 0.060941235059760956, "dʒ": 0.008097609561752988, "tʃ": 0.007111553784860558, "l": 0.045816733067729085, "æ": 0.11296812749003984, "d": 0.06504980079681275, "t": 0.06396414342629482, "k": 0.026474103585657372, "ɡ": 0.0274203187250996, "j": 0.017156374501992033, "ɟ": 0.005104581673306773, "ɑ": 0.09989541832669323, "ʃ": 0.00872011952191235, "m": 0.02771414342629482, "s": 0.035836653386454184, "z": 0.033351593625498006, "y": 0.012480079681274901, "o": 0.010936254980079682, "ɯ": 0.03391434262948207, "x": 0.009297808764940239, "ɣ": 0.0055727091633466135, "f": 0.011638446215139443, "v": 0.012524900398406374, "u": 0.01631972111553785, "œ": 0.003889442231075697, "e": 0.01890438247011952, "ʒ": 0.0015338645418326692, "h": 0.0063496015936254984, "ts": 2.4900398406374503e-05}