{"ɾ": 0.04830053667262969, "i": 0.13655336911150864, "æ": 0.09719737626714371, "n": 0.054859868813357186, "ɑ": 0.10077519379844961, "m": 0.022659511031604056, "u": 0.028622540250447227, "x": 0.01073345259391771, "ɣ": 0.01073345259391771, "f": 0.007155635062611807, "p": 0.020274299344066785, "b": 0.02623732856290996, "k": 0.022063208109719738, "ɡ": 0.02385211687537269, "ʃ": 0.01311866428145498, "ɯ": 0.0626118067978533, "dʒ": 0.014311270125223614, "d": 0.0626118067978533, "t": 0.057245080500894455, "y": 0.0172927847346452, "s": 0.0381633870005963, "z": 0.032796660703637445, "j": 0.01073345259391771, "tʃ": 0.012522361359570662, "l": 0.03697078115682767, "v": 0.011329755515802028, "h": 0.008348240906380441, "ɟ": 0.0017889087656529517, "e": 0.004770423375074538, "ʒ": 0.0035778175313059034, "o": 0.0017889087656529517}