{"b": 0.04553241366874042, "p": 0.04553241366874042, "i": 0.04904877828870255, "y": 0.011450725813722838, "o": 0.02208998286899288, "k": 0.05563069155170859, "ɡ": 0.05563069155170859, "s": 0.04715535118564602, "z": 0.04715535118564602, "tʃ": 0.022270309259760167, "dʒ": 0.022270309259760167, "ɟ": 0.020196555765936344, "e": 0.030294833648904517, "h": 0.026147326661256874, "d": 0.07240104589306645, "t": 0.07240104589306645, "j": 0.02542602109818772, "n": 0.016319538364439636, "ɑ": 0.07330267784690289, "œ": 0.007754034802993418, "f": 0.02686863222432603, "v": 0.02686863222432603, "m": 0.04778649355333153, "æ": 0.0369669101072942, "l": 0.00531962852763502, "x": 0.01415562167523217, "ɣ": 0.01415562167523217, "ɾ": 0.017942475881345236, "ʃ": 0.016770354341357856, "ʒ": 0.016770354341357856, "u": 0.008295013975295284, "ɯ": 9.01631953836444e-05}