{"b": 0.047903374390119074, "p": 0.04684567880173326, "i": 0.05472721689583404, "y": 0.015183049575215804, "o": 0.021188030980244976, "k": 0.055784912484219865, "ɡ": 0.05517076665870552, "s": 0.04503736053771879, "tʃ": 0.023371660582073767, "dʒ": 0.023269302944488042, "ɟ": 0.03128731788870313, "e": 0.03490395441673206, "h": 0.02023269302944488, "d": 0.07707530110205056, "t": 0.07710942031457914, "j": 0.02797775427343137, "n": 0.020198573816916306, "ɑ": 0.06045924460063462, "œ": 0.0075744651813436144, "v": 0.02869425773653144, "f": 0.02869425773653144, "m": 0.05602374697191989, "æ": 0.03510866969190351, "l": 0.004264901566071855, "z": 0.04049950527141834, "x": 0.018936162953359037, "ɾ": 0.016445460438773072, "ʃ": 0.015899553038315875, "u": 0.007233273056057866, "ʒ": 0.002866013852400287, "ɯ": 3.411921252857484e-05}