{"b": 0.02227285966385115, "i": 0.09356314355714702, "ɾ": 0.057635307622457894, "p": 0.02227285966385115, "n": 0.04783524937036339, "æ": 0.10308907430568644, "l": 0.04041667380540374, "k": 0.029400174756283516, "ɡ": 0.029400174756283516, "ɟ": 0.004848630219130673, "d": 0.05691572292562578, "t": 0.05691572292562578, "tʃ": 0.01089656826631487, "dʒ": 0.01089656826631487, "j": 0.01598506005105625, "y": 0.013929103774393065, "o": 0.014425959874586667, "ɑ": 0.11179262254356058, "ɯ": 0.032518375109222675, "s": 0.034454400603080505, "z": 0.034454400603080505, "m": 0.028337930680007537, "u": 0.02237565747768431, "x": 0.011307759521647507, "ɣ": 0.011307759521647507, "œ": 0.0064077303956002534, "ʃ": 0.009731526376205732, "ʒ": 0.009731526376205732, "f": 0.013517912519060428, "v": 0.013517912519060428, "e": 0.019977041821577262, "h": 0.009817191221066699, "ts": 5.139890691657957e-05}