{"b": 0.05366726296958855, "p": 0.05366726296958855, "i": 0.057841383422778773, "y": 0.020274299344066785, "o": 0.02623732856290996, "k": 0.057245080500894455, "ɡ": 0.055456171735241505, "s": 0.06499701848539058, "tʃ": 0.0172927847346452, "dʒ": 0.016696481812760882, "ɟ": 0.025044722719141325, "e": 0.02981514609421586, "h": 0.016100178890876567, "d": 0.06499701848539058, "t": 0.06559332140727489, "j": 0.022063208109719738, "n": 0.016696481812760882, "ɑ": 0.08527131782945736, "œ": 0.014311270125223614, "v": 0.020274299344066785, "f": 0.020274299344066785, "æ": 0.05128205128205128, "x": 0.013714967203339297, "ɾ": 0.017889087656529516, "ʃ": 0.016696481812760882, "m": 0.024448419797257006, "z": 0.0518783542039356, "u": 0.010137149672033392, "ʒ": 0.002385211687537269, "l": 0.007155635062611807, "ɯ": 0.0005963029218843172}