{"ɾ": 0.10112934593469583, "i": 0.15237640315261525, "l": 0.020812719642430654, "æ": 0.11208161315636835, "n": 0.13033539185915588, "k": 0.03722406086867515, "ɡ": 0.0433996383363472, "ɑ": 0.08649220375993721, "p": 0.017025487051758846, "b": 0.026476508922174076, "m": 0.02303046845678802, "s": 0.02367873349483094, "z": 0.023235183731959465, "y": 0.0039919478658432565, "ɯ": 0.07393633354942168, "ʃ": 0.013852400286601386, "d": 0.026169436009416902, "t": 0.025111740421031082, "x": 0.002729537002285987, "ɣ": 0.002729537002285987, "u": 0.015148930362687229, "f": 0.011361697772015423, "v": 0.011737009109829746, "ʒ": 0.003616636528028933, "dʒ": 0.003207205977686035, "tʃ": 0.0031048483401003107, "h": 0.0029342522774574364, "j": 0.0018424374765430413, "ɟ": 0.00013647685011429936, "e": 0.0007847418881572213, "o": 0.0003070729127571736}