{"b": 0.026517197911039077, "i": 0.09341797226724294, "ɾ": 0.06793625067531064, "l": 0.05839186025571763, "d": 0.04916261480280929, "æ": 0.09445344858634971, "y": 0.018683594453448586, "tʃ": 0.007788582748064109, "n": 0.0657752566180443, "o": 0.019764091482081757, "ɑ": 0.1071042679632631, "k": 0.022825499729875742, "m": 0.03934810012605799, "s": 0.03741220961642355, "x": 0.009859535386277688, "u": 0.028408067711147126, "ɟ": 0.008328831262380695, "œ": 0.009139204033855574, "ʃ": 0.018638573743922204, "f": 0.008508914100486223, "e": 0.022915541148928506, "j": 0.02971366828741221, "ɡ": 0.021204754186925984, "t": 0.035476319106789125, "h": 0.014451647757968665, "ɣ": 0.0055825679812713845, "dʒ": 0.00927426616243472, "ɯ": 0.03484602917341977, "p": 0.005672609400324149, "v": 0.013191067891229966, "z": 0.015442103367549073, "ʒ": 0.0006302899333693499, "ts": 0.0001350621285791464}