{"h": 0.02609992542878449, "q": 0.040268456375838924, "j": 0.055182699478001494, "ɵ": 0.02162565249813572, "m": 0.017897091722595078, "k": 0.047725577926920205, "ɡ": 0.047725577926920205, "b": 0.036539895600298286, "p": 0.03281133482475764, "i": 0.07307979120059657, "t": 0.08351976137211037, "d": 0.08351976137211037, "ɑ": 0.10961968680089486, "x": 0.02237136465324385, "ɣ": 0.017897091722595078, "u": 0.04623415361670395, "ð": 0.0022371364653243847, "ʃ": 0.013422818791946308, "ʒ": 0.01267710663683818, "o": 0.018642803877703208, "n": 0.011185682326621925, "a": 0.030574198359433258, "y": 0.037285607755406416, "w": 0.002982848620432513, "s": 0.02535421327367636, "z": 0.02237136465324385, "l": 0.006711409395973154, "ɘ": 0.03355704697986577, "r": 0.010439970171513796, "ɤ": 0.005219985085756898, "f": 0.002982848620432513, "tʃ": 0.0014914243102162564, "ts": 0.0007457121551081282}