{"h": 0.03177240514055135, "o": 0.011257671832084365, "r": 0.012546200535756672, "q": 0.05116815299582923, "j": 0.07090298735207351, "ɵ": 0.010376046929571734, "m": 0.024719405920450306, "k": 0.04221626937031637, "ɡ": 0.04194500016954325, "x": 0.030721236987555526, "ɣ": 0.03041605913668577, "b": 0.06707130989115323, "p": 0.06147638262520769, "i": 0.04679393713336272, "t": 0.08548370689362857, "d": 0.08548370689362857, "ɑ": 0.07727781357024177, "u": 0.02241361771387881, "ð": 0.0003390865009663965, "ʃ": 0.013122647587399545, "ʒ": 0.012987012987012988, "n": 0.01068122478044149, "a": 0.03224712624190431, "y": 0.015258892543487845, "w": 0.008884066325319588, "ɘ": 0.013258282187786104, "s": 0.033433928995286695, "z": 0.030585602387168967, "l": 0.009799599877928859, "ɤ": 0.0023396968566681362, "f": 0.010443864229765013, "tʃ": 0.0005086297514495947, "ts": 0.0020684276558950187}