{"m": 0.024176867518904074, "o": 0.005662744566138822, "j": 0.047268658234715676, "ŋ": 0.024176867518904074, "ɘ": 0.08331355328744362, "a": 0.09118036010986402, "r": 0.07215760740564918, "l": 0.014072089790105456, "n": 0.10616798345257876, "ɑ": 0.11427215082567563, "p": 0.04971008104167373, "b": 0.04971008104167373, "q": 0.017022142348513104, "s": 0.023532603167067918, "z": 0.022956156115425046, "ɤ": 0.08724695669865383, "ʃ": 0.014241633040588654, "u": 0.014953714692618086, "v": 0.0053914753653657044, "f": 0.0062052829676850565, "k": 0.016038791495710556, "ɡ": 0.015767522294937438, "ɵ": 0.004645485063239633, "ʒ": 0.008680614424739752, "t": 0.025601030822962938, "d": 0.016377877996676952, "ð": 0.011766301583533959, "θ": 0.011766301583533959, "y": 0.015055440642908006, "tʃ": 0.00027126920077311724, "x": 0.00027126920077311724, "ɣ": 0.00027126920077311724, "h": 3.3908650096639655e-05, "ts": 3.3908650096639655e-05}