{"h": 0.008430349257326376, "a": 0.0616218386190285, "m": 0.0190686471296668, "q": 0.02127659574468085, "u": 0.03653151344841429, "ʃ": 0.017663588920112404, "ɑ": 0.12846246487354476, "ʒ": 0.01364913689281413, "j": 0.0541951023685267, "ɤ": 0.05098354074668808, "l": 0.03994379767161783, "ɵ": 0.028703331995182657, "θ": 0.021075873143315937, "t": 0.04817342432757928, "r": 0.03994379767161783, "ɘ": 0.08570855078281815, "n": 0.02990766760337214, "k": 0.024688879967884384, "ɡ": 0.024287434765154558, "b": 0.023885989562424728, "p": 0.022480931352870333, "i": 0.019670814933761542, "d": 0.04375752709755119, "o": 0.020875150541951024, "ð": 0.021678040947410677, "ŋ": 0.004817342432757929, "s": 0.02288237655560016, "x": 0.011039743075070253, "ɣ": 0.011039743075070253, "y": 0.02127659574468085, "z": 0.01746286631874749, "f": 0.0024086712163789645, "w": 0.0008028904054596548, "v": 0.0010036130068245685, "tʃ": 0.0004014452027298274, "ts": 0.0002007226013649137}