{"h": 0.008754416355931374, "a": 0.07053446470340684, "m": 0.018330935533437075, "o": 0.015326345459349952, "k": 0.023366315315579828, "ɑ": 0.12216056451060414, "t": 0.052643941395813146, "d": 0.043610597296847624, "ɡ": 0.02076298971392779, "r": 0.06375211642541864, "s": 0.017822014739129158, "j": 0.06665394364680897, "z": 0.01508167200054807, "ð": 0.012894291278859235, "ɘ": 0.10060972625933429, "ŋ": 0.004555819802891062, "θ": 0.00985055345136381, "l": 0.056240641240200825, "n": 0.04830343423666774, "y": 0.011186470536422091, "q": 0.01873220000587216, "u": 0.019916419546473278, "ʃ": 0.01114732278301379, "ɤ": 0.05608405022656762, "p": 0.022446343110484747, "b": 0.023801834072247178, "ɣ": 0.01748436536598256, "x": 0.015473149534631081, "ʒ": 0.006136410346751226, "v": 0.0016197382972684656, "f": 0.0032052223103046676, "ɵ": 0.012781741487810368, "i": 0.006752987462931971, "tʃ": 0.00022999305127377004, "w": 0.001282088924121867, "ts": 0.00043551875666735174, "ʔ": 2.9360815056225962e-05}