{"m": 0.02891063984049302, "o": 0.00734094616639478, "j": 0.05147725212978068, "l": 0.022838499184339316, "ɑ": 0.11772702555736814, "b": 0.04196121080297263, "p": 0.04196121080297263, "n": 0.0929853181076672, "ɤ": 0.07984411818017038, "s": 0.023019757114373755, "z": 0.023019757114373755, "ŋ": 0.017038245423237265, "r": 0.07739713612470546, "ʃ": 0.01295994199746239, "ʒ": 0.01295994199746239, "q": 0.022657241254304877, "a": 0.0934384629327533, "ɘ": 0.07005618995831067, "ɵ": 0.01105673373210078, "t": 0.03099510603588907, "d": 0.03099510603588907, "u": 0.012325539242341853, "k": 0.015497553017944535, "ɡ": 0.015497553017944535, "y": 0.01105673373210078, "θ": 0.011691136487221317, "ð": 0.011691136487221317, "tʃ": 0.0007250317201377561, "ɣ": 0.000543773790103317, "x": 0.000543773790103317, "f": 0.004803335145912633, "v": 0.004803335145912633, "h": 9.062896501721951e-05, "ts": 9.062896501721951e-05}