{"o": 0.00854955338153977, "d": 0.02386218630370055, "t": 0.02386218630370055, "u": 0.14883028498511272, "k": 0.0232666950233943, "a": 0.20042535091450447, "j": 0.042237345810293495, "ɛ": 0.05329646958740961, "tsʲ": 0.04262016163334751, "dzʲ": 0.042279880901743935, "i": 0.17996597192683964, "l": 0.006465333900467886, "ɣ": 0.0383241173968524, "x": 0.038281582305401955, "p": 0.0019140791152700979, "b": 0.0019566142067205445, "r": 0.019693747341556784, "m": 0.04125903870693322, "tʃ": 0.00552956188855806, "s": 0.011867290514674606, "z": 0.011612079965971927, "n": 0.014419396001701404, "sʲ": 0.0013611229264142918, "zʲ": 0.0013611229264142918, "ts": 0.000893236920459379, "dz": 0.0004253509145044662, "nʲ": 0.004125903870693322, "lʲ": 0.006550404083368779, "dʒ": 0.0003828158230540196, "ʃ": 0.0020416843896214378, "ʒ": 0.0016163334751169716, "v": 0.00034028073160357296, "f": 0.00034028073160357296, "sː": 4.253509145044662e-05}