{"ʃ": 0.017812179427399048, "ʒ": 0.017812179427399048, "b": 0.07609810687307657, "p": 0.07609810687307657, "j": 0.016133544716963537, "t": 0.03916814324349529, "d": 0.03916814324349529, "ɣ": 0.03450526904784109, "x": 0.03450526904784109, "bʲ": 0.01044483819826541, "pʲ": 0.01044483819826541, "a": 0.06322857409307096, "tʃ": 0.011563928005222419, "dʒ": 0.011563928005222419, "k": 0.028350275109577543, "r": 0.04355124498741024, "v": 0.0315210295626224, "f": 0.0315210295626224, "vʲ": 0.016879604588268208, "fʲ": 0.016879604588268208, "ts": 0.0057819640026112095, "dz": 0.0057819640026112095, "m": 0.024899748204793435, "s": 0.09251142404177935, "z": 0.09251142404177935, "mʲ": 0.012683017812179427, "nʲ": 0.00811340110043831, "n": 0.02760421523827287, "sː": 0.00018651496782616804, "u": 0.029749137368273806, "dzʲ": 0.008859460971742983, "tsʲ": 0.008859460971742983, "sʲ": 0.011190898069570084, "zʲ": 0.011190898069570084, "lʲ": 0.018651496782616805, "ɣʲ": 0.002517952065653269, "xʲ": 0.002517952065653269, "kʲ": 0.0014921197426093443, "o": 0.0018651496782616805, "ɛ": 0.004476359227828033, "l": 0.0013056047747831763}