{"ʃ": 0.006346134512918468, "t": 0.044931889011762344, "o": 0.04116190811299889, "ʒ": 0.005384789383733789, "d": 0.04474338996682417, "ɣ": 0.019509651151100836, "x": 0.018774504875841962, "b": 0.022494219362621897, "i": 0.08341711068663919, "u": 0.04909771790489595, "p": 0.02348069769779833, "j": 0.025931185281994572, "a": 0.22009148486981, "k": 0.024209560671559265, "ɛ": 0.04157032271036493, "s": 0.03293706645219664, "tsʲ": 0.01456469287222278, "z": 0.03128455815823866, "dzʲ": 0.013879813008947422, "l": 0.011127726952850105, "lʲ": 0.013936362722428873, "sʲ": 0.005523022016688449, "n": 0.02968859957776214, "m": 0.014878857947119734, "tʃ": 0.00973283402030763, "r": 0.06130617271539158, "mʲ": 0.004410877651553232, "kʲ": 0.003499798934352066, "bʲ": 0.007219513421131999, "zʲ": 0.005164873831305921, "pʲ": 0.007395445863074294, "ts": 0.003901930230220167, "v": 0.017329345531315973, "f": 0.008193425153312556, "dz": 0.0002576153614155022, "nʲ": 0.010744445561475822, "vʲ": 0.008809188700110587, "fʲ": 0.00571780436312456, "ɣʲ": 0.0012692269025836936, "xʲ": 0.000980195033678496, "tsː": 0.0005529305318186388, "dʒ": 0.0025007539961797525, "tsʲː": 0.00017593244194229416, "nː": 0.000245048758419624, "dzʲː": 0.000245048758419624, "nʲː": 0.0012566602995878154, "sː": 2.5133205991756308e-05, "ʃː": 1.2566602995878154e-05, "sʲː": 7.539961797526893e-05, "tʃː": 1.2566602995878154e-05}