{"ʃ": 0.013185878349638452, "ʒ": 0.012292641429179072, "b": 0.08630370055295619, "p": 0.08617609527860486, "j": 0.01688643130582731, "d": 0.03947256486601446, "ɣ": 0.02994470438111442, "x": 0.029264142917907274, "bʲ": 0.014674606550404083, "pʲ": 0.01471714164185453, "t": 0.03951509995746491, "a": 0.0867715865589111, "tʃ": 0.01093151850276478, "dʒ": 0.008379413015737984, "k": 0.028030625265844322, "r": 0.036665248830284984, "v": 0.038962143768609105, "f": 0.01990642279880902, "vʲ": 0.01799234368353892, "fʲ": 0.0125903870693322, "ts": 0.0018290089323692047, "m": 0.01884304551254785, "z": 0.09336452573373033, "mʲ": 0.009017439387494683, "s": 0.09038706933219906, "nʲ": 0.009400255210548703, "n": 0.030625265844321566, "sː": 4.253509145044662e-05, "u": 0.035516801361122924, "tsʲ": 0.009527860484900043, "dzʲ": 0.009570395576350489, "sʲ": 0.013058273075287112, "zʲ": 0.012377711612079966, "lʲ": 0.009825606125053168, "dz": 0.0009783071033602723, "ɣʲ": 0.0016163334751169716, "kʲ": 0.0019140791152700979, "o": 0.0022118247554232242, "ɛ": 0.00552956188855806, "l": 0.0008507018290089324, "xʲ": 0.0008507018290089324}