{"ʃ": 0.015299539170506913, "t": 0.048294930875576035, "o": 0.059907834101382486, "ʒ": 0.012903225806451613, "d": 0.04811059907834101, "b": 0.025622119815668202, "i": 0.08092165898617512, "u": 0.061566820276497694, "p": 0.025806451612903226, "j": 0.01640552995391705, "a": 0.15963133640552996, "k": 0.021566820276497697, "ɣ": 0.020276497695852536, "x": 0.018617511520737328, "lʲ": 0.01935483870967742, "dzʲ": 0.015483870967741935, "ɛ": 0.05769585253456221, "tsʲ": 0.015852534562211983, "kʲ": 0.0022119815668202765, "bʲ": 0.005898617511520737, "l": 0.014562211981566821, "pʲ": 0.0064516129032258064, "n": 0.022488479262672813, "sʲ": 0.009216589861751152, "zʲ": 0.007741935483870968, "r": 0.046267281105990786, "s": 0.030783410138248847, "z": 0.02894009216589862, "ts": 0.0022119815668202765, "dz": 0.0011059907834101382, "tʃ": 0.007926267281105992, "dʒ": 0.003502304147465438, "m": 0.022488479262672813, "v": 0.015299539170506913, "f": 0.010506912442396314, "mʲ": 0.007557603686635945, "sː": 0.0007373271889400922, "nʲ": 0.007926267281105992, "tsʲː": 0.0011059907834101382, "vʲ": 0.009769585253456222, "fʲ": 0.005898617511520737, "ɣʲ": 0.0025806451612903226, "dzʲː": 0.0005529953917050691, "xʲ": 0.0018433179723502304, "nʲː": 0.0003686635944700461, "nː": 0.0003686635944700461, "tʃː": 0.0003686635944700461}