{"o": 0.013335820199571016, "t": 0.034691784015667256, "d": 0.034691784015667256, "u": 0.13802107619136436, "k": 0.02172899375174858, "a": 0.19173738692530076, "j": 0.03534458640305885, "ɛ": 0.06033759209176536, "dzʲ": 0.03497155646740651, "tsʲ": 0.03497155646740651, "ɣ": 0.026485125431315863, "x": 0.026485125431315863, "b": 0.0047561316795672855, "p": 0.0047561316795672855, "s": 0.01482793994218036, "z": 0.01482793994218036, "i": 0.18949920731138675, "m": 0.031334514594796234, "n": 0.017439149491746714, "l": 0.011563928005222419, "r": 0.021449221300009327, "sʲ": 0.003450526904784109, "zʲ": 0.003450526904784109, "ts": 0.0015853772265224284, "dz": 0.0015853772265224284, "tʃ": 0.003543784388697193, "dʒ": 0.003543784388697193, "nʲ": 0.004010071808262613, "lʲ": 0.006248251422176629, "ʃ": 0.003823556840436445, "ʒ": 0.003823556840436445, "v": 0.0007460598713046722, "f": 0.0007460598713046722, "sː": 0.00018651496782616804}