{"ʃ": 0.014847401704701677, "b": 0.03326917789386857, "j": 0.035193841077811386, "d": 0.03739345614517459, "ɣ": 0.03684355237833379, "bʲ": 0.010998075336816057, "t": 0.030244707176244157, "a": 0.06131427000274952, "p": 0.10778113830079736, "tʃ": 0.0192466318394281, "k": 0.05169095408303547, "r": 0.05031619466593346, "v": 0.053065713500137474, "vʲ": 0.029969755292823756, "ts": 0.006048941435248831, "m": 0.04041792686279901, "z": 0.05169095408303547, "mʲ": 0.02364586197415452, "s": 0.08551003574374484, "nʲ": 0.015122353588122079, "n": 0.03161946659334616, "u": 0.03986802309595821, "tsʲ": 0.005499037668408029, "sʲ": 0.0189716799560077, "dzʲ": 0.012372834753918064, "lʲ": 0.022271102557052516, "x": 0.012647786637338466, "ʒ": 0.009898267803134452, "pʲ": 0.014297497937860875, "f": 0.00962331591971405, "zʲ": 0.0035743744844652188, "dz": 0.00192466318394281, "ɣʲ": 0.004399230134726423, "kʲ": 0.003299422601044817, "o": 0.00384932636788562, "ɛ": 0.004399230134726423, "fʲ": 0.002474566950783613, "l": 0.0027495188342040143, "xʲ": 0.0010998075336816058, "dʒ": 0.0005499037668408029}