{"o": 0.22817887931034483, "e": 0.16379310344827586, "ɑ": 0.3181573275862069, "i": 0.2023168103448276, "u": 0.08755387931034483}