{"h": 0.09905383906891066, "ɭ": 0.12953194339780624, "j": 0.034580926065477684, "ɑ": 0.043623880097128025, "ɸ": 0.05702084903290631, "e": 0.05375533785481035, "k": 0.09093192665159508, "m": 0.10776186887716654, "n": 0.13882609059700243, "s": 0.04437745959976555, "f": 0.04010717575148623, "t": 0.048145357112953195, "p": 0.025956627313070416, "ɣ": 0.05107594406765469, "u": 0.003098049066398727, "i": 0.02168634346479109, "o": 0.010466381981076781}