{"o": 0.23536799799045466, "ɑ": 0.2943983923637277, "i": 0.2449970694130453, "u": 0.09721175584024115, "e": 0.12802478439253118}