{"o": 0.23095097460129946, "ɑ": 0.30271707028942707, "i": 0.22031896042528057, "u": 0.09125812167749557, "e": 0.15475487300649735}