{"h": 0.038447718289615525, "u": 0.05964786201940352, "t": 0.04994610132950054, "o": 0.1009701760689903, "ɭ": 0.06755300035932447, "j": 0.021200143729788, "ɑ": 0.14516708587854832, "ɸ": 0.05174272367948257, "e": 0.09629895795903701, "ʔ": 0.01437297879985627, "i": 0.11354653251886454, "n": 0.043478260869565216, "s": 0.03665109593963349, "k": 0.04096298957959037, "ɣ": 0.04204096298957959, "m": 0.03126122888968739, "p": 0.02012217031979878, "f": 0.0265900107797341}