{"h": 0.031856004306763254, "u": 0.040352499210036634, "t": 0.05140028321649678, "o": 0.09025477781548796, "ɣ": 0.05240675506454293, "ɑ": 0.1717555911851791, "i": 0.12291830023289291, "m": 0.03629150233478062, "ʔ": 0.037602256369445385, "f": 0.01861972918885391, "n": 0.07679614263812656, "k": 0.02297330508970473, "e": 0.0844031973035917, "ɭ": 0.09058246632415415, "ɸ": 0.025302234133439443, "j": 0.01277985183798144, "s": 0.01981345161328075, "p": 0.013891652135241728}