{"o": 0.21940928270042195, "u": 0.09423347398030943, "e": 0.17580872011251758, "ɑ": 0.31926863572433195, "i": 0.19127988748241911}