{"e": 0.1173647808517252, "i": 0.126359962698166, "ɫ": 0.033668790798880945, "t": 0.09721790488032328, "d": 0.09846129934721791, "a": 0.22295617034504198, "n": 0.0371852657755673, "o": 0.0899906745414983, "x": 0.00942259869443581, "ɡ": 0.015581286913273236, "k": 0.015620142990363692, "v": 0.02090456947466584, "f": 0.018145788001243394, "m": 0.028209511967671744, "ʃ": 0.009733447311159465, "ʒ": 0.009655735156978552, "r": 0.018029219769972023, "j": 0.003361050668324526, "z": 0.006294684488654025, "s": 0.006683245259558595, "p": 0.0027587814734224433, "tʃ": 0.001923375815977619, "dʒ": 0.0004468448865402549, "b": 0.0018068075847062482, "iː": 0.006994093876282251, "u": 0.0009908299658066522, "eː": 7.771215418091389e-05, "ts": 0.00015542430836182778}