{"e": 0.08985024958402663, "a": 0.20909595119245702, "o": 0.06544647809206877, "i": 0.12479201331114809, "m": 0.02384914032168608, "t": 0.07487520798668885, "d": 0.07709373266777593, "ʃ": 0.010537992235163616, "ʒ": 0.009428729894620078, "ɫ": 0.028286189683860232, "x": 0.011092623405435386, "j": 0.01608430393788131, "n": 0.026622296173044926, "z": 0.026067665002773157, "s": 0.032723239046034386, "k": 0.033277870216306155, "ɡ": 0.03216860787576262, "tʃ": 0.008319467554076539, "dʒ": 0.003882418191902385, "v": 0.018857459789240156, "u": 0.0027731558513588465, "f": 0.011647254575707155, "r": 0.013865779256794232, "b": 0.020521353300055462, "p": 0.02107598447032723, "eː": 0.0022185246810870773, "iː": 0.0022185246810870773, "ts": 0.0033277870216306157}