{"ʃ": 0.010326687016951355, "ʒ": 0.010326687016951355, "t": 0.05728388647139053, "d": 0.05728388647139053, "k": 0.048710787815808274, "ɡ": 0.048710787815808274, "i": 0.041176852633629926, "m": 0.031304799636292784, "s": 0.09436903292849257, "z": 0.09436903292849257, "e": 0.012275118529583686, "p": 0.07696304474897707, "b": 0.07696304474897707, "n": 0.03721504189127752, "v": 0.04923036955251023, "f": 0.04923036955251023, "o": 0.05981684743781256, "a": 0.016301876989023835, "x": 0.005715399103721504, "j": 0.007079301162564136, "tʃ": 0.021952328375657595, "dʒ": 0.021952328375657595, "r": 0.03416249918815353, "u": 0.020198740014288497, "ts": 0.005065921932844061, "ɫ": 0.01175553679288173, "tsː": 0.00012989543417548874, "ɤ": 0.00012989543417548874}