{"ʃ": 0.00742660138673951, "tʃ": 0.008616179361923592, "e": 0.07309846511397369, "ʒ": 0.00651238868358878, "t": 0.08279682999498836, "i": 0.07787605258375235, "d": 0.08291523706196269, "r": 0.053624633075775016, "ɫ": 0.026074337608838125, "o": 0.09584088293120825, "v": 0.032195707606139545, "a": 0.14160383749043107, "f": 0.021351823193466134, "k": 0.028296535354147275, "ɡ": 0.025705348144313432, "n": 0.041748128892976535, "x": 0.0031529323647818833, "j": 0.01563524014605374, "m": 0.013536956773159596, "z": 0.039481872704142044, "s": 0.042216249855433235, "ɤ": 0.011680994839654802, "p": 0.025270271014500734, "b": 0.025366648859712407, "ts": 0.0027922038584181916, "dʒ": 0.0036816336870859195, "iː": 0.0010684172554894066, "nː": 0.00022029221762668178, "u": 0.01010039817818336, "tː": 5.231940168633693e-05, "eː": 2.4782874483001702e-05, "oː": 2.7536527203335226e-06, "dː": 3.304383264400227e-05}