{"ʃ": 0.013873473917869035, "t": 0.07658157602663707, "d": 0.07769145394006659, "k": 0.05271920088790233, "ɡ": 0.05216426193118757, "i": 0.03496115427302997, "m": 0.039400665926748055, "s": 0.07880133185349611, "z": 0.07602663706992231, "e": 0.020532741398446172, "p": 0.07380688124306327, "b": 0.07491675915649279, "n": 0.04716981132075472, "o": 0.03773584905660377, "a": 0.013318534961154272, "x": 0.008324084350721421, "v": 0.041620421753607105, "f": 0.03440621531631521, "j": 0.008879023307436182, "tʃ": 0.02719200887902331, "dʒ": 0.021087680355160933, "ʒ": 0.011098779134295227, "r": 0.032741398446170925, "ts": 0.004994450610432853, "ɫ": 0.023307436182019976, "u": 0.014983351831298557, "tsː": 0.0005549389567147614, "ɤ": 0.0011098779134295228}