{"ʃ": 0.013517484572436086, "tʃ": 0.012929767851895386, "e": 0.07464002350866882, "t": 0.06582427270055834, "o": 0.07640317367029092, "v": 0.026741110784601823, "a": 0.1284161034381428, "f": 0.01630913899500441, "d": 0.06626506024096386, "k": 0.034675286511901264, "ɡ": 0.03232441962973846, "i": 0.0783132530120482, "ɫ": 0.031736702909197764, "ɤ": 0.01763150161622098, "m": 0.024977960622979724, "ʒ": 0.012635909491625037, "x": 0.006758742286218043, "j": 0.014692918013517485, "s": 0.0461357625624449, "z": 0.04216867469879518, "n": 0.034087569791360565, "p": 0.03291213635027917, "r": 0.04260946223920071, "b": 0.03291213635027917, "dʒ": 0.007640317367029092, "u": 0.020863943579194827, "eː": 0.0007346459006758742, "ts": 0.0032324419629738465, "nː": 0.0004407875404055245, "iː": 0.0007346459006758742, "oː": 0.00014692918013517486, "tː": 0.0004407875404055245, "tsː": 0.00014692918013517486}