{"e": 0.08651035916087549, "i": 0.14899006299928558, "t": 0.09086185620575436, "d": 0.09086185620575436, "a": 0.22783659154380723, "n": 0.03461713320776775, "o": 0.08657530687796323, "v": 0.023770864454114436, "f": 0.023770864454114436, "m": 0.02097811261934143, "ʃ": 0.0092225758264597, "ʒ": 0.0092225758264597, "x": 0.010586477885302332, "ɫ": 0.02396570760537767, "j": 0.005325712801195038, "s": 0.013054491134636617, "z": 0.013054491134636617, "r": 0.018510099370007145, "k": 0.016171981554848346, "ɡ": 0.016171981554848346, "tʃ": 0.004871078781580827, "dʒ": 0.004871078781580827, "p": 0.006299928557511204, "b": 0.006299928557511204, "u": 0.0022082223809833084, "iː": 0.004286549327791128, "eː": 0.0005195817367019549, "ts": 0.0005845294537896993}