{"ʃ": 0.007227230338824993, "t": 0.05331053776810693, "d": 0.053349393845197386, "k": 0.04656900839291265, "ɡ": 0.04635529996891514, "i": 0.04934721790488032, "m": 0.025528442648430214, "s": 0.0994132732359341, "z": 0.09344886540254896, "e": 0.007693503263910476, "p": 0.08777587814734225, "b": 0.0878147342244327, "n": 0.038020671433012125, "v": 0.04618044762200808, "f": 0.03846751631955238, "o": 0.06452051600870376, "a": 0.013735623251476531, "x": 0.006061548026111284, "j": 0.006352968604289711, "tʃ": 0.02123484612993472, "dʒ": 0.019039477774323903, "r": 0.04534504196456326, "ʒ": 0.0036136151694124963, "u": 0.023080509791731426, "ts": 0.004565589058128691, "ɫ": 0.011909387628225054, "ɤ": 3.8856077090456945e-05}