{"e": 0.08990011098779134, "a": 0.20865704772475027, "o": 0.06548279689234185, "i": 0.12486126526082131, "m": 0.02386237513873474, "t": 0.07491675915649279, "d": 0.07713651498335183, "ʃ": 0.010543840177580466, "ʒ": 0.009433962264150943, "ɫ": 0.02830188679245283, "x": 0.011098779134295227, "j": 0.01609322974472808, "n": 0.026637069922308545, "z": 0.026082130965593784, "s": 0.032741398446170925, "k": 0.033296337402885685, "ɡ": 0.03218645948945616, "tʃ": 0.008324084350721421, "dʒ": 0.00388457269700333, "v": 0.018867924528301886, "u": 0.002774694783573807, "f": 0.011653718091009988, "r": 0.013873473917869035, "b": 0.020532741398446172, "p": 0.021087680355160933, "eː": 0.0022197558268590455, "iː": 0.0022197558268590455, "ts": 0.003329633740288568}