{"e": 0.11134564643799472, "a": 0.29815303430079154, "o": 0.11213720316622691, "i": 0.15699208443271767, "m": 0.026385224274406333, "n": 0.037730870712401055, "z": 0.004485488126649077, "d": 0.018469656992084433, "s": 0.012928759894459104, "v": 0.019525065963060684, "k": 0.01926121372031662, "j": 0.010817941952506595, "x": 0.011345646437994723, "t": 0.07572559366754618, "u": 0.00395778364116095, "ɫ": 0.02295514511873351, "ɡ": 0.005277044854881266, "b": 0.0031662269129287598, "ts": 0.0013192612137203166, "r": 0.02216358839050132, "tʃ": 0.0036939313984168864, "ʃ": 0.006596306068601583, "p": 0.004485488126649077, "ː": 0.006068601583113457, "ʒ": 0.0036939313984168864, "f": 0.0010554089709762533, "dʒ": 0.0002638522427440633}