{"m": 0.04033161550526552, "ɵ": 0.07550974680708043, "n": 0.03248935693479722, "a": 0.13623123459556352, "k": 0.06184181044140712, "ɡ": 0.05937710060497423, "b": 0.03428187317947569, "p": 0.034730002240645305, "l": 0.03092090522070356, "kʷ": 0.007394129509298678, "ɡʷ": 0.00717006497871387, "e": 0.09029800582567779, "u": 0.0425722608111136, "d": 0.05243110015684517, "o": 0.04839793860631862, "t": 0.05355142280976921, "i": 0.09657181268205244, "dz": 0.019045485099708714, "ts": 0.022182388527896033, "ŋ": 0.017925162446784673, "j": 0.003809097019941743, "s": 0.021062065874971992, "r": 0.005153484203450594, "w": 0.0017925162446784674, "ɣ": 0.0033609679587721262, "f": 0.001568451714093659}