{"m": 0.05482637569036066, "a": 0.09265925809985913, "kʷ": 0.03494846052366791, "ɡʷ": 0.03492610066408783, "k": 0.09878585962480156, "ɡ": 0.09878585962480156, "d": 0.07222234644366433, "t": 0.07222234644366433, "dz": 0.035127339400308565, "ts": 0.035127339400308565, "j": 0.029403215347807616, "p": 0.03358450908928292, "b": 0.03358450908928292, "e": 0.046284909330769404, "n": 0.045547033964626706, "ɵ": 0.026831831496098205, "i": 0.027256668828119758, "u": 0.020280392639134226, "s": 0.05357422355387608, "l": 0.017328891174563425, "w": 0.015405943250676386, "o": 0.015227064374035731, "r": 0.002929141604990721, "f": 0.000693155646982537, "ɣ": 0.0024148648346488384, "ŋ": 2.2359859580081837e-05}