{"m": 0.0436607892527288, "a": 0.12594458438287154, "kʷ": 0.026028547439126783, "ɡʷ": 0.02518891687657431, "k": 0.09235936188077246, "ɡ": 0.09235936188077246, "d": 0.04534005037783375, "t": 0.04534005037783375, "dz": 0.05793450881612091, "ts": 0.05793450881612091, "p": 0.03442485306465155, "b": 0.03442485306465155, "e": 0.0688497061293031, "n": 0.02434928631402183, "ɵ": 0.031066330814441646, "j": 0.008396305625524769, "u": 0.03442485306465155, "s": 0.04450041981528128, "l": 0.017632241813602016, "o": 0.028547439126784216, "r": 0.0025188916876574307, "w": 0.005877413937867338, "i": 0.033585222502099076, "ɣ": 0.012594458438287154, "f": 0.005877413937867338, "ŋ": 0.0008396305625524769}