{"m": 0.05252602425747302, "a": 0.12109636137904689, "kʷ": 0.03266163690191959, "ɡʷ": 0.03266163690191959, "k": 0.09741189953204088, "ɡ": 0.09741189953204088, "d": 0.06369974214497183, "t": 0.06369974214497183, "ts": 0.037341228153949, "dz": 0.037341228153949, "j": 0.018813866870403973, "p": 0.0360042020819406, "b": 0.0360042020819406, "e": 0.0536720466049088, "n": 0.03944226912424792, "ɵ": 0.023875465571578647, "i": 0.026740521440168082, "u": 0.022442937637283927, "s": 0.05166650749689619, "l": 0.016999331486963996, "w": 0.010887212300639862, "o": 0.01814535383439977, "r": 0.003151561455448381, "f": 0.001623531658867348, "ɣ": 0.0045840893897431, "ŋ": 9.550186228631458e-05}