{"ɵ": 0.08923819958410661, "p": 0.031437962569595065, "b": 0.031437962569595065, "k": 0.06012566241084006, "ɡ": 0.06012566241084006, "ŋ": 0.04024774724414731, "i": 0.19014824586901594, "n": 0.07740983386624332, "a": 0.1781633611340921, "t": 0.04785009950137513, "d": 0.04771594034389464, "e": 0.0705453569751582, "r": 0.0009391141023634372, "l": 0.01339355588846902, "m": 0.041410459942311566, "s": 0.0031080204816313754, "o": 0.010374974845157972, "u": 0.005947722648301769, "f": 4.4719719160163675e-05, "ts": 0.0001788788766406547, "dz": 8.943943832032735e-05, "w": 6.70795787402455e-05}