{"m": 0.03583093389401705, "ɵ": 0.13637653987852547, "n": 0.04214798431499777, "p": 0.03281434734730675, "b": 0.031401199771650325, "k": 0.09000471049191885, "ɡ": 0.07961667202186168, "ŋ": 0.0491575706339823, "u": 0.035235103459248004, "i": 0.08783039733467266, "a": 0.1102941405847873, "d": 0.0538555844285487, "t": 0.0580326365340762, "e": 0.06083397543681234, "s": 0.014016053106896971, "o": 0.029604349874126922, "r": 0.0011199116548800383, "ts": 0.009636231481683674, "l": 0.013713458592904315, "f": 0.000243323423622961, "kʷ": 0.005365593443993499, "ɡʷ": 0.0051316286135868056, "j": 0.007206116776526153, "dz": 0.008007836262053088, "w": 0.0021805522193903814, "ɣ": 0.0003431484179298168}