{"ɵ": 0.089875173370319, "a": 0.1930651872399445, "u": 0.014147018030513176, "p": 0.021914008321775313, "n": 0.09070735090152567, "m": 0.05520110957004161, "ŋ": 0.07295423023578364, "t": 0.05464632454923717, "i": 0.20665742024965325, "k": 0.07461858529819695, "l": 0.025520110957004162, "e": 0.07323162274618586, "s": 0.011373092926490984, "o": 0.0063800277392510405, "r": 0.0036061026352288486, "b": 0.001941747572815534, "f": 0.00027739251040221914, "ts": 0.0011095700416088765, "w": 0.0005547850208044383, "d": 0.001664355062413315, "ɡ": 0.0005547850208044383}