{"i": 0.021301775147928994, "s": 0.06035502958579882, "t": 0.08402366863905325, "d": 0.08402366863905325, "l": 0.04970414201183432, "p": 0.09467455621301775, "b": 0.09467455621301775, "u": 0.021301775147928994, "m": 0.06863905325443787, "n": 0.03431952662721893, "a": 0.08757396449704143, "r": 0.03195266272189349, "e": 0.01893491124260355, "w": 0.011834319526627219, "k": 0.046153846153846156, "ɡ": 0.046153846153846156, "ɟ": 0.04378698224852071, "c": 0.04378698224852071, "j": 0.009467455621301775, "o": 0.01301775147928994, "h": 0.008284023668639054, "ɵ": 0.011834319526627219, "ŋ": 0.002366863905325444, "ʔ": 0.010650887573964497, "ɲ": 0.001183431952662722}