{"a": 0.25575757575757574, "o": 0.09662337662337663, "i": 0.21113997113997113, "ʔ": 0.045021645021645025, "ŋ": 0.08352092352092352, "ɵ": 0.17137085137085137, "l": 0.005483405483405483, "u": 0.07012987012987013, "e": 0.018124098124098126, "s": 0.012005772005772006, "d": 0.0035786435786435786, "t": 0.0035786435786435786, "n": 0.012640692640692642, "k": 0.0006926406926406926, "ɡ": 0.0006926406926406926, "h": 0.0015584415584415584, "m": 0.00202020202020202, "r": 0.003520923520923521, "b": 0.0012698412698412698, "p": 0.0012698412698412698}