{"i": 0.011486291486291487, "s": 0.0541991341991342, "t": 0.06453102453102454, "d": 0.06453102453102454, "a": 0.10712842712842713, "l": 0.021933621933621934, "m": 0.12253968253968255, "j": 0.00531024531024531, "p": 0.09252525252525252, "b": 0.09252525252525252, "u": 0.03578643578643579, "n": 0.10424242424242425, "k": 0.043001443001443, "ɡ": 0.04288600288600289, "r": 0.04103896103896104, "e": 0.011486291486291487, "w": 0.005945165945165945, "ɟ": 0.02349206349206349, "c": 0.02349206349206349, "h": 0.0056565656565656566, "o": 0.002481962481962482, "ɵ": 0.007445887445887446, "ʔ": 0.01494949494949495, "ŋ": 0.00011544011544011544, "ɲ": 0.0012698412698412698}