{"a": 0.3384615384615385, "ɵ": 0.13254437869822486, "u": 0.1408284023668639, "d": 0.005917159763313609, "t": 0.005917159763313609, "ŋ": 0.027218934911242602, "n": 0.004733727810650888, "o": 0.08520710059171598, "e": 0.04260355029585799, "ʔ": 0.03076923076923077, "i": 0.16094674556213018, "h": 0.007100591715976331, "k": 0.001183431952662722, "ɡ": 0.001183431952662722, "s": 0.0035502958579881655, "m": 0.0035502958579881655, "b": 0.001183431952662722, "p": 0.001183431952662722, "l": 0.004733727810650888, "r": 0.001183431952662722}