{"a": 0.280275624461671, "o": 0.08664944013781223, "i": 0.17502153316106805, "ʔ": 0.04582256675279931, "ɵ": 0.158656330749354, "u": 0.0975021533161068, "e": 0.023600344530577088, "s": 0.013608957795004307, "t": 0.003962101636520241, "d": 0.003962101636520241, "ŋ": 0.08354866494401378, "n": 0.007407407407407408, "h": 0.0024117140396210162, "r": 0.004651162790697674, "m": 0.0018949181739879415, "l": 0.004134366925064599, "k": 0.0013781223083548665, "ɡ": 0.0013781223083548665, "b": 0.0020671834625322996, "p": 0.0020671834625322996}