{"i": 0.06955776373853138, "j": 0.005555731927997714, "a": 0.22711832121654657, "r": 0.03358836788469475, "o": 0.053398520587955176, "ʔ": 0.01888948855519223, "k": 0.024254738245658592, "ɡ": 0.024254738245658592, "ɵ": 0.055716054477919934, "n": 0.04063621067335471, "t": 0.034763008349471415, "d": 0.034763008349471415, "s": 0.024762690879075525, "b": 0.03250896853868377, "w": 0.016635448744404584, "p": 0.03250896853868377, "u": 0.06343058509793961, "l": 0.028477094510936857, "e": 0.03581066065589384, "pː": 0.007714530620019683, "bː": 0.007714530620019683, "ŋ": 0.024730943839486968, "nː": 0.008412965490967967, "dː": 0.006508143115654465, "tː": 0.006508143115654465, "lː": 0.0037778977110384457, "mː": 0.0026350042858503445, "m": 0.035937648814248074, "kː": 0.005492237848820598, "sː": 0.0038731388298041207, "c": 0.011524175370646688, "ɟ": 0.011524175370646688, "cː": 0.00155560493983936, "ɟː": 0.00155560493983936, "h": 0.0033334391567986284, "ɲ": 0.0005714467125940506}