{"a": 0.26378312519037467, "u": 0.0743222662199208, "o": 0.08193725251294548, "ŋ": 0.08985683825769114, "s": 0.015534572037770332, "ɵ": 0.16692049954310081, "ʔ": 0.04904051172707889, "i": 0.2187024063356686, "m": 0.0024367956137678953, "k": 0.0018275967103259215, "n": 0.0039597928723728295, "e": 0.019494364910143162, "d": 0.0006091989034419738, "h": 0.003350593968930856, "l": 0.003655193420651843, "r": 0.0018275967103259215, "b": 0.0006091989034419738, "t": 0.0021321961620469083}