{"i": 0.07084649506015189, "j": 0.005065864641440957, "a": 0.2479501310571947, "r": 0.03591471201021574, "o": 0.051095503730089385, "ɵ": 0.05074265743665569, "ʔ": 0.020616304859197528, "ɡ": 0.025052086833792595, "k": 0.024867262584851134, "n": 0.05632098931379797, "ŋ": 0.03361281000067209, "l": 0.0249848780159957, "t": 0.03526782713892063, "d": 0.034990590765508436, "s": 0.021926876806236978, "b": 0.032487062302574095, "w": 0.0171298474359836, "p": 0.032386249075878754, "nː": 0.0073257611398615495, "mː": 0.0016298138315747027, "u": 0.05190200954365213, "e": 0.02790006048793602, "bː": 0.004595402916862693, "pː": 0.004620606223536528, "tː": 0.004645809530210363, "m": 0.039434773842328116, "dː": 0.0033856441965185832, "lː": 0.0016466160360239263, "kː": 0.003889710329995295, "c": 0.010560185496337119, "ɟ": 0.010392163451844882, "h": 0.0026631494052019623, "sː": 0.0021926876806236976, "cː": 0.000957725653605753, "ɲ": 0.00027723637341219167, "ɟː": 0.0007224947913166207}