{"ɡ": 0.03839500784066476, "ɘ": 0.11537901935108395, "ʒ": 0.020482726288051475, "ʃ": 0.020482726288051475, "k": 0.03839500784066476, "l": 0.035517403042501255, "ʉː": 0.004300240878154453, "t": 0.06429345102413632, "d": 0.06429345102413632, "ei": 0.007775999482677789, "n": 0.04547585560243788, "ɦ": 0.012690560486282879, "j": 0.012997720549008196, "u": 0.01602082221898896, "m": 0.014032364970819795, "a": 0.13194949641916032, "i": 0.023602825872577074, "b": 0.027434243497098144, "p": 0.027434243497098144, "r": 0.049048612121506054, "x": 0.03406243432432869, "aː": 0.02164670126258952, "uː": 0.007840664759041015, "nʲ": 0.005367217938147663, "iː": 0.004154744006337197, "s": 0.018720597507153595, "z": 0.018720597507153595, "ai": 0.019270252356241007, "ʉ": 0.025429619929838176, "ɘː": 0.013272547973551901, "ɵː": 0.007226344633590378, "ʉi": 0.005690544319963788, "o": 0.03766752348157848, "oi": 0.002926103755435925, "oː": 0.006531192912685711, "lʲ": 0.00042032429636096156, "dʲ": 3.233263818161243e-05, "ui": 0.0006951517209046672, "bʲ": 3.233263818161243e-05, "rʲ": 0.00025866110545289943, "mʲ": 3.233263818161243e-05}