{"ɡ": 0.033942558746736295, "ɘ": 0.0889736894958827, "ʒ": 0.02289616388833099, "ʃ": 0.028118096003213498, "j": 0.013657360915846555, "u": 0.021289415545290218, "m": 0.01787507531632858, "b": 0.028318939546093592, "r": 0.04157461337617996, "uː": 0.019280980116489255, "iː": 0.005221932114882507, "s": 0.026511347660172727, "z": 0.02410122514561157, "x": 0.03655352480417755, "ʉ": 0.02912231371761398, "n": 0.044386422976501305, "ei": 0.004016870857601928, "ɵː": 0.011849769029925688, "t": 0.06206065474994979, "d": 0.061056437035549305, "ɘː": 0.019682667202249447, "ai": 0.01948182365936935, "aː": 0.03534846354689697, "ɦ": 0.012653143201446074, "i": 0.03233581040369552, "a": 0.12532637075718014, "l": 0.030929905603534848, "p": 0.011648925487045592, "o": 0.04780076320546294, "oi": 0.004820245029122314, "oː": 0.013858204458726651, "nʲ": 0.003615183771841735, "k": 0.010443864229765013, "ʉː": 0.00723036754368347, "ʉi": 0.002008435428800964, "ui": 0.0014059048001606748, "rʲ": 0.0004016870857601928, "lʲ": 0.0002008435428800964}