{"ɡ": 0.05305543825782711, "j": 0.02289316522893165, "b": 0.07193702117391566, "iː": 0.006183265970923568, "x": 0.09395548048500935, "t": 0.09329191047837365, "d": 0.09142184955058213, "p": 0.030705193943415577, "ʉ": 0.046359413645412316, "z": 0.047053145925076915, "s": 0.047143632744163604, "ɘ": 0.04277010315497376, "ɦ": 0.032183145321831454, "n": 0.02690474754177475, "k": 0.025155335706098812, "m": 0.03722024491765699, "u": 0.02880497074259516, "o": 0.017222657899499307, "a": 0.06659829884780118, "ɵː": 0.0009651927369246547, "ʃ": 0.044730650901851965, "ʒ": 0.041412800868673466, "i": 0.006937322796645955, "ʉi": 0.0024129818423116365, "aː": 0.0029559027568317547, "l": 0.005097424141883332, "ai": 0.00425288049707426, "oi": 0.0012366531941847138, "r": 0.0006334077336068046, "uː": 0.005097424141883332, "ʉː": 0.0024733063883694275, "ui": 0.0009350304638957592}