{"ɡ": 0.04510703363914373, "j": 0.016819571865443424, "b": 0.04892966360856269, "iː": 0.0061162079510703364, "x": 0.07874617737003058, "t": 0.09250764525993883, "d": 0.0871559633027523, "p": 0.016819571865443424, "ʉ": 0.0581039755351682, "z": 0.05504587155963303, "s": 0.05581039755351682, "ɘ": 0.06498470948012232, "ɦ": 0.022935779816513763, "n": 0.02981651376146789, "k": 0.016055045871559634, "m": 0.0191131498470948, "u": 0.035932721712538224, "o": 0.040519877675840976, "a": 0.09021406727828746, "ɵː": 0.009174311926605505, "ʃ": 0.03287461773700306, "ʒ": 0.027522935779816515, "ʉi": 0.0015290519877675841, "aː": 0.00764525993883792, "i": 0.009938837920489297, "ai": 0.009938837920489297, "oi": 0.00382262996941896, "r": 0.0022935779816513763, "uː": 0.008409785932721712, "ʉː": 0.0061162079510703364}