{"ɡ": 0.04601580436296723, "ɘ": 0.11584563660283584, "ʒ": 0.017193048831870127, "ʃ": 0.019329819341857485, "l": 0.04069752444173109, "t": 0.07700972510038952, "d": 0.07739236609714782, "b": 0.03018134603644118, "p": 0.01595054042666621, "nʲ": 0.006861741919396029, "r": 0.054769254580943616, "k": 0.015189557770191837, "n": 0.04950686604125644, "ei": 0.005481654728840813, "ʉː": 0.00222705658787415, "ɦ": 0.01648365821990249, "j": 0.010417293653318659, "u": 0.013934151353861234, "m": 0.012227314548096684, "a": 0.19362924237082643, "i": 0.019936025864811645, "x": 0.03933893393638701, "ai": 0.0169135919241253, "aː": 0.011466331891622312, "uː": 0.00476796477983095, "iː": 0.0017627281873135163, "s": 0.014217907598648289, "z": 0.012906609800768722, "ʉ": 0.017751962647359776, "ɘː": 0.006719863797002503, "ɵː": 0.0025925002364635373, "ʉi": 0.0031342167037842765, "o": 0.02415797484027963, "oi": 0.001306998460837339, "oː": 0.0019390010060448678, "lʲ": 0.00024506221140700106, "dʲ": 0.0001547761335202112, "ui": 0.00019347016690026398, "bʲ": 1.2898011126684264e-05, "rʲ": 0.00013327944830907073, "mʲ": 4.299337042228088e-06}