{"ɘ": 0.10843337153887916, "l": 0.04373529589189842, "b": 0.023405923870422875, "p": 0.01613681607045907, "nʲ": 0.04813898775411715, "r": 0.03902998129939072, "ɡ": 0.04340351088858056, "k": 0.040025336309344274, "n": 0.09392531821198045, "ei": 0.03034324666706883, "d": 0.04017614767448875, "t": 0.04017614767448875, "ʒ": 0.004825963684623273, "ʃ": 0.005218073233998914, "m": 0.008023164625686191, "a": 0.18154672136092176, "i": 0.039995174036315376, "ai": 0.06816673704530374, "aː": 0.0325450925981782, "uː": 0.0015382759244736684, "s": 0.001447789105386982, "z": 0.0012064909211558182, "ɘː": 0.025637932074561137, "ɵː": 0.010345659648911142, "ʉi": 0.017282982445557097, "o": 0.022772516136816072, "oi": 0.005610182783374555, "oː": 0.004343367316160946, "ʉː": 0.0004222718224045364, "iː": 0.00015081136514447728, "x": 0.001779574108704832, "lʲ": 0.00012064909211558183, "rʲ": 6.032454605779092e-05, "ui": 3.016227302889546e-05}