{"ɘ": 0.12079510703363915, "ʒ": 0.0045871559633027525, "ʃ": 0.0045871559633027525, "m": 0.016055045871559634, "uː": 0.022935779816513763, "s": 0.008409785932721712, "z": 0.006880733944954129, "n": 0.06345565749235474, "ei": 0.01452599388379205, "ɵː": 0.023700305810397553, "ɘː": 0.04128440366972477, "aː": 0.07339449541284404, "ɡ": 0.02599388379204893, "ai": 0.03746177370030581, "i": 0.06192660550458716, "a": 0.1720183486238532, "oi": 0.009938837920489297, "oː": 0.02522935779816514, "nʲ": 0.013761467889908258, "l": 0.023700305810397553, "r": 0.03211009174311927, "d": 0.040519877675840976, "t": 0.040519877675840976, "k": 0.020642201834862386, "iː": 0.0022935779816513763, "o": 0.06422018348623854, "b": 0.013761467889908258, "p": 0.005351681957186544, "ʉː": 0.00382262996941896, "x": 0.0015290519877675841, "ʉi": 0.00382262996941896, "ui": 0.0007645259938837921}