{"ɡ": 0.049337761594173905, "ɘ": 0.11788243767756393, "ʒ": 0.01256452322836221, "j": 0.02244808130927134, "u": 0.024768916810051618, "m": 0.019326957704773717, "b": 0.03917410267696371, "r": 0.05169861150014005, "x": 0.05013804969789124, "a": 0.1242047136969309, "n": 0.06226241446920892, "ai": 0.018446640790684646, "i": 0.03501260453763355, "ː": 0.06462326437517506, "s": 0.014965387539514225, "ʉ": 0.03081109199311752, "t": 0.03725341122804209, "ɦ": 0.020367332239606257, "d": 0.05301908687127366, "l": 0.03977431875475171, "ʃ": 0.019887159377375854, "z": 0.011244047857228602, "o": 0.04469609059261334, "ei": 0.008523068304589652, "ɵ": 0.007242607338641911, "oi": 0.004041454923772558, "nʲ": 0.006802448881597375, "ʉi": 0.0052018726741626985, "p": 0.0009603457244608059, "lʲ": 0.000920331319274939, "dʲ": 0.00028010083630106836, "ui": 0.0006402304829738706, "bʲ": 8.002881037173383e-05, "rʲ": 0.00048017286223040297, "k": 0.000880316914089072, "mʲ": 4.0014405185866914e-05}