{"ɘ": 0.11901445237680655, "l": 0.03961344245168031, "t": 0.04892913111614139, "d": 0.04892913111614139, "ei": 0.0383075047884381, "n": 0.09246038655754832, "ʒ": 0.0056590632073829005, "ʃ": 0.0056590632073829005, "m": 0.008880376110047014, "a": 0.14278251784781473, "i": 0.03874281734285217, "b": 0.013494689186836148, "p": 0.013494689186836148, "uː": 0.004353125544140693, "nʲ": 0.028904753613094202, "ɡ": 0.035086191885773985, "k": 0.035086191885773985, "s": 0.002524812815601602, "z": 0.002524812815601602, "ai": 0.05493644436705555, "aː": 0.03961344245168031, "r": 0.0445760055720007, "ɘː": 0.03290962911370364, "ɵː": 0.017238377154797143, "ʉi": 0.026989378373672296, "oi": 0.008706251088281386, "o": 0.03395437924429741, "oː": 0.012275814034476754, "ʉː": 0.0013930001741250218, "iː": 0.0004353125544140693, "x": 0.0017412502176562773, "lʲ": 0.0005223750652968832, "rʲ": 0.00017412502176562773, "ui": 8.706251088281386e-05}