{"ɾ": 0.07336343115124154, "ɔ": 0.0011913719588663154, "ɛ": 0.0015048908954100827, "e": 0.055869074492099324, "a": 0.1721218961625282, "d": 0.09054426887383998, "t": 0.09054426887383998, "ts": 0.0245171808377226, "dz": 0.0245171808377226, "s": 0.11079759217456735, "z": 0.11079759217456735, "o": 0.03379734135941811, "ʎ": 0.009154752947078003, "i": 0.03881364434411839, "m": 0.018936543767243543, "n": 0.044143466265362426, "ɲ": 0.0031351893654376723, "l": 0.025896664158515173, "p": 0.004138449962377728, "b": 0.004138449962377728, "k": 0.016930022573363433, "ɡ": 0.016930022573363433, "u": 0.018246802106847253, "kː": 0.0007524454477050414, "ʃ": 0.0025708552796588915, "ʒ": 0.0025708552796588915, "tʃ": 0.0015675946827188362, "dʒ": 0.0015675946827188362, "j": 0.00043892651116127413, "f": 0.00025081514923501377, "sː": 0.00012540757461750688, "zː": 0.00012540757461750688}