{"ɾ": 0.08575618340013687, "ɔ": 0.0002737315475608564, "ɛ": 0.0013100009776126698, "a": 0.20156418027177633, "e": 0.05351451754814742, "t": 0.09989246260631537, "d": 0.09895395444324959, "ts": 0.029582559389969693, "s": 0.1145957571610128, "z": 0.07185453123472481, "l": 0.0334734578160133, "n": 0.040610030305992764, "o": 0.04473555577280282, "i": 0.040649134812787174, "ʎ": 0.010558216834490175, "m": 0.015172548636230326, "ɲ": 0.0030892560367582365, "b": 0.0017401505523511585, "p": 0.00140776224459869, "u": 0.018320461433180175, "k": 0.012063740346074886, "ɡ": 0.01204418809267768, "kː": 0.0002737315475608564, "dz": 0.0025417929416365237, "ʃ": 0.0025613451950337275, "ʒ": 0.0025613451950337275, "tʃ": 0.00039104506794408056, "dʒ": 0.00033238830775246845, "j": 7.820901358881612e-05, "f": 1.955225339720403e-05, "sː": 3.910450679440806e-05, "zː": 3.910450679440806e-05}