{"p": 0.10690995736142463, "b": 0.10690995736142463, "d": 0.08396037120642087, "t": 0.08396037120642087, "l": 0.03417356408327063, "e": 0.07066716829696514, "u": 0.004702784048156509, "a": 0.07687484324053173, "m": 0.0418861299222473, "k": 0.05699774266365688, "ɡ": 0.05699774266365688, "s": 0.05304740406320542, "z": 0.05304740406320542, "f": 0.03599197391522448, "o": 0.018811136192626036, "n": 0.015048908954100828, "ʃ": 0.018246802106847253, "ʒ": 0.018246802106847253, "ʎ": 0.01235264609982443, "r": 0.027903185352395284, "i": 0.021193880110358665, "w": 0.0005016302984700275, "ɛ": 0.0015048908954100827, "kː": 6.270378730875344e-05}