{"p": 0.035533666082702545, "e": 0.13127623706739827, "ɾ": 0.07498154453001907, "b": 0.03573750261682037, "ɔ": 0.00040491852047730805, "k": 0.025162793772518427, "ɛ": 0.0012450555867737634, "o": 0.046612457166782355, "ɲ": 0.0011844555360900847, "a": 0.13772463336969337, "ɡ": 0.02612413094018224, "t": 0.07637810024350203, "d": 0.07498705362553576, "ts": 0.004189667140448881, "s": 0.06636531914190329, "n": 0.07081942286715368, "z": 0.028022014345684725, "l": 0.02592029440606441, "i": 0.07249418790422989, "ʎ": 0.005005013276920195, "m": 0.020003525821130685, "u": 0.01400687535120484, "f": 0.005478795491356229, "ʃ": 0.004239249000099163, "ʒ": 0.005723950241849293, "r": 0.007723751914410692, "kː": 4.131821637523551e-05, "dz": 0.0004104276159940061, "tʃ": 0.0003030002534183938, "dʒ": 0.00034982756531032734, "w": 0.0012973919941823952, "j": 1.1018191033396137e-05, "lː": 2.479092982514131e-05, "sː": 8.81455282671691e-05, "ɾː": 5.784550292532972e-05, "mː": 6.060005068367875e-05, "nː": 2.754547758349034e-06, "tː": 2.754547758349034e-06, "zː": 5.509095516698068e-06}