{"p": 0.043527576917623705, "e": 0.09017439387494683, "ɾ": 0.05160924429320857, "b": 0.0432440096412874, "ɔ": 0.0018431872961860202, "s": 0.06252658443215653, "z": 0.02552105487026797, "i": 0.07273500638026371, "o": 0.07415284276194527, "t": 0.05628810435275769, "d": 0.05501205160924429, "n": 0.05061675882603148, "l": 0.027931376719126613, "u": 0.03416985679852545, "a": 0.13526159081242026, "m": 0.022968949383241174, "k": 0.03899050049624273, "ɡ": 0.039841202325251665, "ts": 0.005954912803062527, "ʎ": 0.012051609244293209, "f": 0.012051609244293209, "ɲ": 0.002835672763363108, "w": 0.002835672763363108, "ʃ": 0.0077981000992485465, "ʒ": 0.011342691053452432, "dz": 0.0018431872961860202, "tʃ": 0.002835672763363108, "dʒ": 0.002552105487026797, "r": 0.00893236920459379, "nː": 0.0001417836381681554, "j": 0.0001417836381681554, "ɛ": 0.000708918190840777, "sː": 0.0005671345526726216, "ɾː": 0.0002835672763363108, "mː": 0.0002835672763363108, "kː": 0.0001417836381681554, "zː": 0.0002835672763363108}