{"p": 0.03794943168638367, "e": 0.11839480398979355, "ɾ": 0.06382509858501507, "b": 0.03794943168638367, "ɔ": 0.0007770818835536998, "k": 0.03042217582927395, "ɛ": 0.0019485038274182323, "ɡ": 0.03042217582927395, "a": 0.13370447691950824, "d": 0.0663187195546277, "t": 0.0663187195546277, "ts": 0.004616098353050336, "dz": 0.004616098353050336, "s": 0.05709812108559499, "o": 0.04930410577592206, "z": 0.05709812108559499, "i": 0.07524936209696126, "ʎ": 0.006738575736488054, "m": 0.021387149153328695, "n": 0.05135699373695198, "ɲ": 0.0012526096033402922, "u": 0.020030155416376712, "l": 0.027673393644166086, "f": 0.008014381813964277, "kː": 0.0001507770818835537, "ʃ": 0.007852006495012758, "ʒ": 0.007852006495012758, "w": 0.0014845743446996057, "tʃ": 0.0008930642542333565, "dʒ": 0.0008930642542333565, "j": 8.118765947575968e-05, "r": 0.007480862908837857, "lː": 9.278589654372535e-05, "sː": 0.00016237531895151936, "zː": 0.00016237531895151936, "ɾː": 0.0003015541637671074, "mː": 9.278589654372535e-05, "nː": 1.159823706796567e-05, "tː": 2.319647413593134e-05}