{"p": 0.09502395151041157, "b": 0.09486753348323394, "d": 0.09044872421546583, "t": 0.09046827646886303, "l": 0.04346465930198455, "e": 0.06643855704369929, "u": 0.0038322416658519896, "a": 0.0806334930100694, "m": 0.03677778864014078, "k": 0.056369146544139215, "ɡ": 0.05609541499657836, "s": 0.05709257991983576, "z": 0.05415974191025516, "f": 0.028995991788053573, "o": 0.024538078013491053, "n": 0.01751881904389481, "ʒ": 0.015133444129435918, "ʃ": 0.011222993449995111, "ʎ": 0.010714634861667807, "r": 0.041489881708866944, "i": 0.02383419689119171, "w": 0.00011731352038322416, "ɛ": 0.000742985629093753, "kː": 1.955225339720403e-05}