{"p": 0.11785181501740427, "d": 0.08130283441074093, "l": 0.03704624564893088, "e": 0.05793137742416708, "u": 0.010193933366484336, "a": 0.07757334659373447, "m": 0.07011437095972153, "k": 0.10417702635504723, "t": 0.05793137742416708, "s": 0.08577821979114868, "f": 0.04724017901541522, "b": 0.07856787667826952, "o": 0.016658378915962207, "n": 0.02660367976131278, "ɡ": 0.01914470412729985, "ʒ": 0.021133764296369966, "ʎ": 0.0174042764793635, "r": 0.04475385380407757, "i": 0.020387866732968673, "w": 0.000994530084535057, "ʃ": 0.005718547986076579, "z": 0.000994530084535057, "ɛ": 0.0004972650422675286}