{"p": 0.031781358497284785, "e": 0.11372741030891124, "ɾ": 0.07357785097480637, "d": 0.030980147778865843, "l": 0.03823555595121517, "s": 0.0895130419300276, "u": 0.029600284874922105, "n": 0.058043265378794624, "a": 0.13478144752069796, "m": 0.03360633846701683, "b": 0.033873408706489805, "k": 0.043621472447253624, "o": 0.06244992433009881, "ɔ": 0.002270097035520342, "t": 0.06658951304193003, "f": 0.012062672482862993, "ɲ": 0.0029377726342027953, "i": 0.07753939286032227, "ɛ": 0.0027152141013086443, "w": 0.0022255853289415116, "ʃ": 0.004584705777619514, "ts": 0.00560847502893261, "tʃ": 0.0009347458381554349, "r": 0.011884625656547671, "ɡ": 0.013932164159173862, "ʒ": 0.008501735956556575, "ʎ": 0.010326715926288614, "dʒ": 0.0014688863171013976, "ː": 0.001513398023680228, "z": 0.0006231638921036232, "j": 0.0001335351197364907, "dz": 0.00035609365263064184}