{"k": 0.03429710867397807, "o": 0.10927218344965105, "n": 0.03928215353938185, "ɡ": 0.028713858424725822, "m": 0.02073778664007976, "a": 0.1708873379860419, "d̪": 0.052642073778664006, "e": 0.09312063808574277, "l": 0.03569292123629113, "t̪": 0.05503489531405783, "i": 0.07377866400797607, "s": 0.05862412761714855, "p": 0.05044865403788634, "ɾ": 0.04945164506480558, "b": 0.0514456630109671, "u": 0.03988035892323031, "j": 0.006580259222333001, "h": 0.01156530408773679, "ŋ": 0.00259222333000997, "ɲ": 0.001794616151545364, "ʎ": 0.00777666999002991, "ts": 0.005383848454636092, "w": 0.0009970089730807576}