{"k": 0.07495467282017472, "ɡ": 0.07244107466622714, "m": 0.045141750453271796, "d̪": 0.07919894511290589, "t̪": 0.07921954837646283, "p": 0.10476759518707764, "b": 0.10487061150486238, "u": 0.009374484918411077, "l": 0.02818526454590407, "h": 0.01221773528926982, "s": 0.06846464479973628, "a": 0.1161818031976265, "e": 0.07499587934728862, "n": 0.009086039228613813, "i": 0.027773199274765122, "o": 0.035911488379759354, "ʎ": 0.006139772539970331, "ɾ": 0.048191033459700015, "j": 8.241305422778968e-05, "ts": 0.0023693753090489535, "w": 0.00043266853469589583}