{"k": 0.024741122883964076, "o": 0.08410035013183623, "n": 0.067776133204694, "ɡ": 0.023261007108563773, "m": 0.018897957898292857, "i": 0.07840319269847723, "s": 0.07802815369155762, "t̪": 0.07601840267737771, "ɾ": 0.07900440026682165, "a": 0.15087733361580546, "d̪": 0.07373667681085151, "l": 0.02609240846614772, "e": 0.11166428569383648, "h": 0.004497605189852761, "u": 0.019184247216552104, "ɲ": 0.0010020126139073625, "b": 0.03961099007434934, "p": 0.03951937749250638, "ŋ": 0.0004580629092147943, "j": 0.0009247144979773659, "ts": 0.0007357635479262633, "ʎ": 0.0013856403003747527, "w": 8.0161009112589e-05}