{"n": 0.07145211801549366, "o": 0.23712296027690785, "s": 0.16196225482116366, "a": 0.2220207680896654, "l": 0.0394964562386682, "ɾ": 0.0810738420965881, "e": 0.09236443052579528, "t̪": 0.030080764793143235, "d̪": 0.03001895500247239, "i": 0.023982198780286797, "u": 0.001854293720125268, "j": 0.0024105818361628483, "b": 0.00043266853469589583, "p": 0.0004120652711389484, "ŋ": 0.0008447338058348442, "m": 0.00026784242624031644, "ɡ": 0.00191610351079611, "k": 0.0019985165650238997, "h": 0.00022663589912642163, "ʎ": 4.120652711389484e-05, "w": 2.060326355694742e-05}