{"n": 0.06981186133129597, "a": 0.24343424696781588, "e": 0.09674338649603667, "o": 0.2318785216311718, "s": 0.13991022824945087, "ɾ": 0.06857033712157387, "d̪": 0.02960557730875752, "t̪": 0.02960557730875752, "i": 0.03227962945277433, "l": 0.03218412759048801, "u": 0.003438067042307325, "p": 0.0021965428325852352, "b": 0.0021965428325852352, "j": 0.005539108012606246, "ŋ": 0.0023875465571578645, "k": 0.0043930856651704705, "ɡ": 0.0043930856651704705, "ʎ": 0.00019100372457262916, "m": 0.000668513036004202, "h": 0.0004775093114315729, "w": 9.550186228631458e-05}