{"k": 0.0648854961832061, "ɡ": 0.055725190839694655, "m": 0.04045801526717557, "d̪": 0.08091603053435115, "t̪": 0.0816793893129771, "p": 0.10610687022900764, "b": 0.10534351145038168, "u": 0.022900763358778626, "l": 0.04122137404580153, "s": 0.05725190839694656, "a": 0.11755725190839694, "e": 0.04885496183206107, "h": 0.016793893129770993, "n": 0.01603053435114504, "i": 0.03435114503816794, "o": 0.0450381679389313, "ʎ": 0.012213740458015267, "ɾ": 0.044274809160305344, "j": 0.0030534351145038168, "ts": 0.0022900763358778627, "w": 0.0030534351145038168}