{"k": 0.1096757852077001, "m": 0.06864235055724417, "d̪": 0.060536980749746706, "p": 0.13095238095238096, "u": 0.017983789260385005, "l": 0.037487335359675786, "h": 0.02254305977710233, "s": 0.08814589665653495, "a": 0.11144883485309018, "e": 0.07016210739614995, "ɡ": 0.02127659574468085, "t̪": 0.0488855116514691, "n": 0.02330293819655522, "i": 0.03292806484295846, "b": 0.06484295845997974, "o": 0.030648429584599797, "ʎ": 0.007852077001013171, "ɾ": 0.04635258358662614, "j": 0.0007598784194528875, "ts": 0.0035460992907801418, "w": 0.002026342451874367}