{"n": 0.055725190839694655, "a": 0.2770992366412214, "l": 0.029770992366412213, "i": 0.05725190839694656, "s": 0.07709923664122137, "ɾ": 0.03358778625954199, "e": 0.11908396946564885, "o": 0.2198473282442748, "b": 0.013740458015267175, "p": 0.012977099236641221, "j": 0.012977099236641221, "u": 0.012213740458015267, "t̪": 0.025954198473282442, "d̪": 0.02366412213740458, "ŋ": 0.0061068702290076335, "ɡ": 0.008396946564885497, "k": 0.011450381679389313, "h": 0.0015267175572519084, "m": 0.0007633587786259542, "w": 0.0007633587786259542}