{"ɨ": 0.16062002513615417, "i": 0.18240469208211144, "n": 0.16732299958106409, "u": 0.21675743611227483, "a": 0.24591537494763302, "ʔ": 0.026979472140762465}