{"j": 0.04069329314242653, "w": 0.08214016578749057, "n": 0.14204973624717407, "k": 0.10625470987189148, "m": 0.06367746797287113, "i": 0.1145440844009043, "p": 0.10512434061793519, "t": 0.07686510926902788, "tʃ": 0.019593067068575734, "a": 0.12999246420497362, "s": 0.05764883195177091, "ʃ": 0.01808590806330068, "u": 0.025998492840994723, "ɨ": 0.012057272042200452, "ɾ": 0.0052750565184626974}