{"j": 0.0211864406779661, "u": 0.10108958837772397, "s": 0.03450363196125908, "ɨ": 0.07142857142857142, "w": 0.04055690072639225, "a": 0.211864406779661, "tʃ": 0.009685230024213076, "i": 0.13861985472154964, "n": 0.11077481840193705, "k": 0.05871670702179177, "ɾ": 0.04721549636803874, "m": 0.024818401937046004, "p": 0.0599273607748184, "t": 0.051452784503631964, "ʃ": 0.013922518159806295, "ʔ": 0.00423728813559322}