{"j": 0.05092592592592592, "w": 0.09953703703703703, "n": 0.1388888888888889, "k": 0.10185185185185185, "m": 0.05787037037037037, "i": 0.08564814814814815, "p": 0.11805555555555555, "t": 0.08101851851851852, "tʃ": 0.011574074074074073, "a": 0.1087962962962963, "s": 0.06018518518518518, "ʃ": 0.027777777777777776, "ɨ": 0.018518518518518517, "u": 0.027777777777777776, "ɾ": 0.011574074074074073}