{"j": 0.010074448067505815, "u": 0.08978179820716899, "s": 0.031240138845061535, "ɨ": 0.06121804985799937, "ɾ": 0.061942662131996305, "i": 0.13203136869908721, "n": 0.14822995921134136, "tʃ": 0.010904245994179728, "t": 0.0641398735434709, "a": 0.2137372462396129, "ʔ": 0.006182578918457745, "k": 0.0555613992029265, "w": 0.03665135631055479, "p": 0.05425242219183526, "m": 0.020370954735107465, "ʃ": 0.00368149784369412}