{"j": 0.04356933389191454, "w": 0.07582739840804358, "n": 0.14285714285714285, "k": 0.10180142438206954, "m": 0.05647255969836615, "i": 0.1204021784666946, "p": 0.09635525764558023, "t": 0.07633012149141181, "tʃ": 0.02647674905739422, "a": 0.14034352744030162, "s": 0.06292417260159196, "ʃ": 0.016841223292836195, "u": 0.02873900293255132, "ɨ": 0.008462505236698786, "ɾ": 0.0025974025974025974}