{"ⁿtʃ": 0.002372112211221122, "ia": 0.04527640264026403, "m": 0.06043729372937294, "a": 0.2731023102310231, "i": 0.15913778877887788, "s": 0.04414191419141914, "ʃ": 0.06363448844884488, "n": 0.03712871287128713, "ⁿt": 0.005466171617161716, "p": 0.018461221122112213, "ʂ": 0.008766501650165017, "ᵑk": 0.014748349834983498, "t": 0.03032178217821782, "ts": 0.0028877887788778876, "tʃ": 0.052083333333333336, "ɾ": 0.0343440594059406, "k": 0.008353960396039604, "o": 0.08838696369636964, "aː": 0.02268976897689769, "oa": 0.007116336633663367, "w": 0.008044554455445545, "j": 0.009282178217821782, "ⁿts": 0.0033003300330033004, "ᵐp": 0.0003094059405940594, "ᶯʈʂ": 0.00010313531353135314, "h": 0.00010313531353135314}