{"a": 0.23308491861149244, "p": 0.04996077662286723, "ⁿtʃ": 0.005736418905667778, "t": 0.05525593253579133, "o": 0.08408511472837811, "ts": 0.019268484016473818, "i": 0.10904098842910374, "ɾ": 0.05167679937242597, "n": 0.05491272798587958, "oa": 0.0047558344773485, "ᵑk": 0.023484997058246714, "j": 0.03245734457736811, "k": 0.04559717591684644, "ia": 0.020984506766032557, "s": 0.03608550696214944, "w": 0.022602471072759363, "ː": 0.006618944891155129, "ʃ": 0.03637968229064523, "m": 0.04476367915277506, "ʂ": 0.01152186703275152, "tʃ": 0.035104922533830164, "ⁿt": 0.007207295548146695, "ᵐp": 0.0026966071778780154, "ⁿts": 0.002745636399293979, "h": 0.002206314963718376, "ʈʂ": 0.0016179643067268093, "ᶯʈʂ": 0.00014708766424789175}