{"a": 0.26941086950159504, "p": 0.04768942608797448, "ⁿtʃ": 0.003219292341010858, "ia": 0.014296584623489128, "m": 0.05528402938335918, "ʃ": 0.029997951359419357, "ts": 0.010360268079253124, "i": 0.10892914630220375, "s": 0.030144282829465303, "t": 0.06944891568380696, "h": 0.0014925809944686705, "ʂ": 0.007711668471421464, "tʃ": 0.03602680792531242, "o": 0.061561649448330355, "ɾ": 0.06912698644970587, "n": 0.0583277239603149, "ⁿt": 0.005019169422576019, "ᵑk": 0.02009131083730867, "j": 0.0360707073663262, "k": 0.03444642804881618, "aː": 0.0051508677456173725, "oa": 0.0018730428165881355, "w": 0.019637683280166233, "ⁿts": 0.001609646170505429, "oː": 5.8532588018379236e-05, "ᵐp": 0.0012291843483859639, "ʈʂ": 0.0017267113465421874, "ᶯʈʂ": 4.3899441013784425e-05, "iː": 1.4633147004594809e-05}