{"ⁿtʃ": 0.0030988534242330336, "ts": 0.005887821506042764, "o": 0.11403780601177564, "oa": 0.013634955066625348, "a": 0.2993492407809111, "k": 0.006507592190889371, "ia": 0.0365664704059498, "s": 0.04834211341803533, "ː": 0.020142547257514718, "i": 0.15215370312984197, "m": 0.0548497056089247, "ᵑk": 0.008986674930275797, "ɾ": 0.018903005887821504, "w": 0.0037186241090796405, "ʃ": 0.05949798574527425, "n": 0.03718624109079641, "t": 0.025720483421134182, "j": 0.004958165478772854, "ʂ": 0.013634955066625348, "ⁿt": 0.006507592190889371, "tʃ": 0.040904865199876045, "p": 0.020762317942361327, "ⁿts": 0.0030988534242330336, "ᶯʈʂ": 0.0003098853424233034, "ᵐp": 0.0009296560272699101, "h": 0.0003098853424233034}