{"a": 0.24606580829756797, "p": 0.050372712898125144, "ⁿtʃ": 0.003990663353663128, "ia": 0.016037948949627286, "m": 0.04638204954446201, "ʃ": 0.032226488969204124, "i": 0.11241623371734057, "s": 0.03267826217905278, "o": 0.07409080641517958, "tʃ": 0.03531360590316994, "ɾ": 0.06159174760936677, "n": 0.05888110835027483, "t": 0.06550711542805511, "ᵑk": 0.01746856411414803, "aː": 0.008056622242301031, "ʂ": 0.010466079361493864, "j": 0.03124764701453204, "ts": 0.01468262932008132, "w": 0.023642797982079664, "oa": 0.004442436563511783, "k": 0.04058429335140426, "ⁿts": 0.001581206234470296, "oː": 0.00015059106994955198, "ⁿt": 0.006324824937881184, "ᵐp": 0.002108274979293728, "h": 0.0013553196295459679, "ʈʂ": 0.002108274979293728, "ᶯʈʂ": 0.00015059106994955198, "iː": 7.529553497477599e-05}