{"a": 0.10416666666666667, "t": 0.11148927392739275, "i": 0.08168316831683169, "k": 0.09808168316831684, "n": 0.07951732673267327, "s": 0.040429042904290426, "w": 0.07962046204620463, "m": 0.06992574257425743, "o": 0.02959983498349835, "j": 0.07033828382838284, "ʃ": 0.0246493399339934, "ʂ": 0.020214521452145213, "tʃ": 0.029187293729372937, "p": 0.10313531353135313, "ⁿt": 0.0049504950495049506, "ts": 0.020111386138613862, "ᵑk": 0.01382013201320132, "ⁿtʃ": 0.005053630363036303, "ᵐp": 0.002268976897689769, "ʈʂ": 0.010726072607260726, "ɾ": 0.00010313531353135314, "h": 0.0009282178217821782}