{"ⁿtʃ": 0.007159904534606206, "ɾ": 0.028639618138424822, "p": 0.0405727923627685, "ʂ": 0.007159904534606206, "ts": 0.014319809069212411, "w": 0.011933174224343675, "oa": 0.050119331742243436, "m": 0.03579952267303103, "a": 0.2553699284009546, "i": 0.17422434367541767, "o": 0.0954653937947494, "k": 0.016706443914081145, "s": 0.0405727923627685, "aː": 0.045346062052505964, "j": 0.014319809069212411, "ʃ": 0.031026252983293555, "tʃ": 0.031026252983293555, "ᵑk": 0.016706443914081145, "t": 0.02386634844868735, "ia": 0.03579952267303103, "ⁿt": 0.00477326968973747, "n": 0.014319809069212411, "ᵐp": 0.002386634844868735, "h": 0.002386634844868735}