{"ⁿtʃ": 0.003216726980297547, "ia": 0.04061117812625653, "m": 0.05307599517490953, "a": 0.255729794933655, "i": 0.1640530759951749, "ʃ": 0.05388017691998392, "p": 0.028548451950140732, "s": 0.038600723763570564, "tʃ": 0.04825090470446321, "n": 0.025331724969843185, "t": 0.03498190591073583, "ɾ": 0.04061117812625653, "ᵑk": 0.013268998793727383, "aː": 0.026537997587454766, "ʂ": 0.010052271813429835, "ts": 0.006433453960595094, "o": 0.10253317249698432, "w": 0.0056292722155207075, "j": 0.009248090068355449, "oa": 0.017289907519099316, "k": 0.009248090068355449, "ⁿts": 0.004422999597909127, "ⁿt": 0.006433453960595094, "ᵐp": 0.0012062726176115801, "ᶯʈʂ": 0.0004020908725371934, "h": 0.0004020908725371934}