{"a": 0.2137887413029728, "p": 0.048703352308665404, "ⁿtʃ": 0.0031625553447185324, "ɾ": 0.04174573055028463, "ʂ": 0.010752688172043012, "t": 0.058191018342821, "o": 0.09234661606578115, "ts": 0.017077798861480076, "w": 0.036685641998734975, "i": 0.11511701454775458, "n": 0.058823529411764705, "oa": 0.015180265654648957, "m": 0.04554079696394687, "k": 0.04174573055028463, "s": 0.03289057558507274, "aː": 0.02024035420619861, "j": 0.03225806451612903, "ʃ": 0.03225806451612903, "tʃ": 0.033523086654016446, "ᵑk": 0.018975332068311195, "ia": 0.015180265654648957, "ⁿt": 0.005060088551549652, "ᵐp": 0.006957621758380772, "ʈʂ": 0.001265022137887413, "ᶯʈʂ": 0.0006325110689437065, "h": 0.001265022137887413, "iː": 0.0006325110689437065}