{"a": 0.11248837929965913, "t": 0.11496746203904555, "i": 0.06259683916950728, "k": 0.11806631546327859, "n": 0.0638363805392005, "s": 0.0365664704059498, "w": 0.08955686396033467, "m": 0.08738766656337155, "o": 0.022621629996901146, "j": 0.0635264951967772, "ʃ": 0.026030368763557483, "ʂ": 0.02200185931205454, "tʃ": 0.02665013944840409, "p": 0.08893709327548807, "ⁿt": 0.010226216299969011, "ts": 0.024480942051440968, "ᵑk": 0.012085528354508832, "ⁿtʃ": 0.005577936163619461, "ᵐp": 0.004958165478772854, "ʈʂ": 0.006817477533312674, "ɾ": 0.0003098853424233034, "h": 0.0003098853424233034}