{"a": 0.13365155131264916, "t": 0.10739856801909307, "i": 0.06443914081145585, "k": 0.0954653937947494, "n": 0.06682577565632458, "s": 0.05489260143198091, "w": 0.07637231503579953, "m": 0.0954653937947494, "o": 0.050119331742243436, "j": 0.045346062052505964, "ʃ": 0.028639618138424822, "ʂ": 0.01909307875894988, "tʃ": 0.02386634844868735, "p": 0.05250596658711217, "ⁿt": 0.011933174224343675, "ts": 0.028639618138424822, "ᵑk": 0.016706443914081145, "ⁿtʃ": 0.00477326968973747, "ᵐp": 0.016706443914081145, "ɾ": 0.002386634844868735, "ʈʂ": 0.00477326968973747}