{"m": 0.06883814640698456, "n": 0.12041638683680322, "ɑ": 0.07871054398925453, "e": 0.0809267965077233, "ʃ": 0.09126930826057757, "ʒ": 0.09126930826057757, "d": 0.07206178643384822, "t": 0.07206178643384822, "ɡ": 0.02941571524513096, "k": 0.02941571524513096, "r": 0.02981867024848892, "ə": 0.03223640026863667, "æ": 0.010745466756212223, "ts": 0.002753525856279382, "o": 0.04143720617864338, "ɤ": 0.05466756212222969, "j": 0.014976494291470785, "i": 0.01229012760241773, "tɕ": 0.004566823371390195, "l": 0.024647414372061787, "u": 0.002955003357958361, "s": 0.0063801208865010076, "z": 0.0063801208865010076, "p": 0.0016118200134318335, "b": 0.0016118200134318335, "ɲ": 0.0024848891873740764, "β": 0.002955003357958361, "ø": 0.008529214237743452, "ŋ": 0.0007387508394895903, "x": 0.0006044325050369375, "ʎ": 0.00241773002014775, "y": 0.0005372733378106112, "f": 0.0002686366689053056}