{"e": 0.02631578947368421, "d": 0.06160287081339713, "t": 0.0645933014354067, "ə": 0.014952153110047847, "m": 0.03349282296650718, "ɡ": 0.07775119617224881, "k": 0.08074162679425838, "o": 0.04784688995215311, "l": 0.022129186602870814, "i": 0.04066985645933014, "ɤ": 0.022129186602870814, "u": 0.05143540669856459, "ʃ": 0.050239234449760764, "ʒ": 0.04844497607655503, "j": 0.03588516746411483, "n": 0.01674641148325359, "β": 0.04485645933014354, "ts": 0.005382775119617225, "p": 0.04784688995215311, "b": 0.04007177033492823, "s": 0.03409090909090909, "z": 0.023923444976076555, "x": 0.0029904306220095694, "r": 0.01674641148325359, "ɑ": 0.053229665071770335, "tɕ": 0.01674641148325359, "y": 0.011961722488038277, "f": 0.0023923444976076554, "æ": 0.004784688995215311}