{"m": 0.06570098292809105, "æ": 0.007615106052767719, "n": 0.10636316606311433, "t": 0.07778582514226591, "d": 0.06839110191412312, "ɑ": 0.059679255043973096, "e": 0.10278323848939472, "ɡ": 0.03416451112260735, "k": 0.03507501293326436, "ʃ": 0.10118986032074495, "ʒ": 0.10079668908432489, "ə": 0.02123124676668391, "o": 0.049560269011898604, "r": 0.01438178996378686, "ts": 0.0013036730470770822, "ɤ": 0.07644076564924987, "j": 0.013698913605794102, "i": 0.008318675633729953, "tɕ": 0.009643041903776513, "ø": 0.014568028970512157, "z": 0.004676668391101914, "s": 0.005069839627521986, "β": 0.002586652871184687, "l": 0.010367304707708226, "ɲ": 0.003000517330574237, "u": 0.0012415933781686499, "p": 0.0009105018106570098, "b": 0.0007863424728401448, "ŋ": 0.00037247801345059495, "ʎ": 0.0018623900672529747, "x": 0.00031039834454216247, "y": 4.138644593895499e-05, "f": 8.277289187790999e-05}