{"e": 0.0554683932606634, "d": 0.06574541324684752, "m": 0.03358545352363334, "t": 0.08373239354166423, "β": 0.010391176573897364, "l": 0.050907983936119144, "æ": 0.005379995082485453, "n": 0.04508014377875868, "ə": 0.014287136016110714, "ɑ": 0.10854242527134143, "ɡ": 0.03693990094720697, "k": 0.03757800700160405, "o": 0.04064267231790561, "ʃ": 0.06059373133978855, "ʒ": 0.07790455338430376, "r": 0.031562832956714165, "ts": 0.001027409289419148, "p": 0.011746420166492992, "y": 0.002643164069360372, "ɤ": 0.12896474610404055, "i": 0.016488309194581368, "j": 0.01175812853446358, "tɕ": 0.0073557821775222755, "ø": 0.004153543537566299, "z": 0.007929492208081116, "s": 0.009208631408867917, "ɲ": 0.0009015443337353206, "u": 0.025963305974780176, "b": 0.01036483274596354, "x": 0.0011737638890515051, "ŋ": 0.0009425236216323807, "ʎ": 0.0006088351344706062, "f": 0.0003863761430294231, "ɕ": 4.097928789706003e-05}