{"m": 0.09732988802756244, "e": 0.09043927648578812, "n": 0.17506459948320413, "ə": 0.03919035314384152, "ʃ": 0.09969853574504738, "o": 0.046296296296296294, "j": 0.028423772609819122, "ts": 0.0034453057708871662, "tɕ": 0.008397932816537468, "k": 0.04931093884582256, "l": 0.027131782945736434, "ɤ": 0.04112833763996555, "u": 0.003875968992248062, "ɑ": 0.07838070628768304, "s": 0.0071059431524547806, "t": 0.08031869078380706, "ɲ": 0.0049526270456503015, "ø": 0.0071059431524547806, "i": 0.018518518518518517, "ŋ": 0.001937984496124031, "æ": 0.020887166236003445, "p": 0.0023686477174849267, "r": 0.03531438415159346, "ʒ": 0.009474590869939707, "ʎ": 0.003875968992248062, "d": 0.00516795865633075, "ɡ": 0.002153316106804479, "z": 0.0034453057708871662, "β": 0.0071059431524547806, "b": 0.0006459948320413437, "f": 0.0004306632213608958, "x": 0.0008613264427217916, "y": 0.0002153316106804479}