{"e": 0.07141713370696558, "d": 0.05204163330664532, "m": 0.02834267413931145, "t": 0.05572457966373098, "n": 0.03875100080064051, "ə": 0.02610088070456365, "l": 0.03971176941553243, "ʃ": 0.04195356285028022, "ʒ": 0.04259407526020817, "r": 0.04467574059247398, "o": 0.05828662930344276, "ɤ": 0.05172137710168134, "ɑ": 0.10824659727782225, "i": 0.040512409927942354, "ɡ": 0.041152922337870296, "ts": 0.0036829463570856686, "k": 0.04387510008006405, "tɕ": 0.01345076060848679, "j": 0.023378702962369897, "u": 0.053482786228983184, "β": 0.016813450760608487, "æ": 0.015052041633306645, "s": 0.020496397117694156, "z": 0.015372297838270616, "p": 0.016973578863090474, "b": 0.014091273018414731, "x": 0.0014411529223378704, "ŋ": 0.0016012810248198558, "ɲ": 0.0028823058446757407, "y": 0.008967173738991193, "ø": 0.004643714971977582, "f": 0.0006405124099279424, "ʎ": 0.001921537229783827}