{"e": 0.023686477174849268, "d": 0.009905254091300603, "ə": 0.009259259259259259, "t": 0.09022394487510767, "p": 0.10012919896640828, "m": 0.06330749354005168, "ɡ": 0.015934539190353144, "o": 0.03337639965546942, "l": 0.04155900086132644, "i": 0.033807062876830316, "ɤ": 0.009259259259259259, "u": 0.026055124892334195, "ʃ": 0.07730404823428079, "k": 0.1434108527131783, "j": 0.06050818260120586, "n": 0.024763135228251507, "β": 0.05857019810508183, "ts": 0.0071059431524547806, "s": 0.053832902670111975, "x": 0.008828596037898364, "r": 0.01636520241171404, "ɑ": 0.03854435831180017, "tɕ": 0.024763135228251507, "ʒ": 0.004737295434969853, "y": 0.0071059431524547806, "f": 0.007536606373815676, "b": 0.005383290267011198, "æ": 0.002153316106804479, "z": 0.0017226528854435831, "ø": 0.0006459948320413437, "ʎ": 0.0002153316106804479}