{"e": 0.01916192446973616, "d": 0.06296947749612002, "t": 0.06607346094154165, "ə": 0.005773409208484221, "p": 0.0696947749612002, "m": 0.042027935851008794, "ɡ": 0.10061045007759958, "k": 0.1017899637868598, "o": 0.023652353854112778, "l": 0.03404035178479048, "i": 0.01934816347646146, "ɤ": 0.021438178996378687, "u": 0.03987584066218314, "b": 0.0623486808070357, "ʃ": 0.05841696844283497, "ʒ": 0.056554578375582, "j": 0.03464045525090533, "n": 0.01736161407139162, "β": 0.03983445421624418, "ts": 0.0024004138644593896, "s": 0.0252871184687015, "z": 0.02106570098292809, "x": 0.006207966890843249, "r": 0.007449560269011899, "ɑ": 0.032198654940506985, "tɕ": 0.01562338334195551, "y": 0.006373512674599069, "f": 0.0018623900672529747, "æ": 0.0014485256078634247, "ø": 0.0044283497154681845, "ʎ": 4.138644593895499e-05}