{"m": 0.04066985645933014, "e": 0.08253588516746412, "n": 0.06698564593301436, "d": 0.06160287081339713, "t": 0.06638755980861244, "ʃ": 0.049641148325358854, "ʒ": 0.045454545454545456, "r": 0.04485645933014354, "o": 0.05382775119617225, "ɤ": 0.05502392344497608, "i": 0.022129186602870814, "ts": 0.005980861244019139, "tɕ": 0.013157894736842105, "ɑ": 0.13337320574162678, "j": 0.02332535885167464, "l": 0.03409090909090909, "ə": 0.046052631578947366, "u": 0.014354066985645933, "ɡ": 0.02751196172248804, "k": 0.030502392344497607, "æ": 0.019138755980861243, "s": 0.011961722488038277, "z": 0.011363636363636364, "p": 0.008373205741626795, "b": 0.005980861244019139, "ŋ": 0.0035885167464114833, "ɲ": 0.005980861244019139, "x": 0.0017942583732057417, "ø": 0.00777511961722488, "ʎ": 0.004784688995215311, "β": 0.0017942583732057417}