{"e": 0.1306532663316583, "a": 0.20603015075376885, "i": 0.36683417085427134, "o": 0.18090452261306533, "ea": 0.020100502512562814, "oː": 0.005025125628140704, "io": 0.02512562814070352, "eː": 0.010050251256281407, "oi": 0.005025125628140704, "n": 0.01507537688442211, "k": 0.010050251256281407, "ei": 0.005025125628140704, "ao": 0.010050251256281407, "ai": 0.010050251256281407}