{"h": 0.029372496662216287, "e": 0.05874499332443257, "s": 0.014686248331108143, "j": 0.014686248331108143, "o": 0.09746328437917223, "ɾ": 0.0774365821094793, "a": 0.14018691588785046, "i": 0.1588785046728972, "ei": 0.0026702269692923898, "n": 0.06809078771695594, "t": 0.056074766355140186, "ea": 0.00801068090787717, "oː": 0.0026702269692923898, "k": 0.06809078771695594, "aː": 0.009345794392523364, "io": 0.014686248331108143, "m": 0.030707610146862484, "eː": 0.006675567423230975, "p": 0.04539385847797063, "ts": 0.01335113484646195, "ao": 0.0053404539385847796, "ai": 0.012016021361815754, "ʃ": 0.028037383177570093, "oi": 0.009345794392523364, "β": 0.020026702269692925, "iː": 0.006675567423230975, "tʃ": 0.0013351134846461949}