{"i": 0.42983286029643647, "a": 0.20056764427625354, "e": 0.16209397666351308, "o": 0.1337117628508357, "ea": 0.033112582781456956, "eː": 0.023336486912645855, "ei": 0.004730368968779565, "oː": 0.000315357931251971, "io": 0.003468937243771681, "oi": 0.000315357931251971, "n": 0.002838221381267739, "iː": 0.002207505518763797, "k": 0.001892147587511826, "ao": 0.000630715862503942, "s": 0.000315357931251971, "ai": 0.000630715862503942}