{"ai": 0.011037527593818985, "m": 0.030589719331441185, "h": 0.03437401450646484, "j": 0.02869757174392936, "k": 0.06370230211289814, "a": 0.13718070009460737, "ei": 0.009776095868811101, "i": 0.1933144118574582, "o": 0.11005991800693787, "t": 0.04415011037527594, "p": 0.13528855250709557, "n": 0.08325449385052035, "ts": 0.010722169662567014, "oi": 0.001261431725007884, "s": 0.02491327656890571, "ʃ": 0.01829076001261432, "e": 0.01229895931882687, "iː": 0.006622516556291391, "io": 0.02207505518763797, "tʃ": 0.00315357931251971, "β": 0.01576789656259855, "aː": 0.003468937243771681}