{"i": 0.41768511861969804, "a": 0.18835370237239396, "o": 0.13156002875629044, "e": 0.17613227893601727, "ː": 0.024442846872753415, "io": 0.009345794392523364, "ea": 0.03378864126527678, "k": 0.002875629043853343, "ei": 0.005751258087706686, "n": 0.0050323508267433505, "oi": 0.0014378145219266715, "ao": 0.0014378145219266715, "ai": 0.0014378145219266715, "s": 0.0007189072609633358}