{"ai": 0.004094966412073249, "s": 0.009248182571086776, "a": 0.15666697340572375, "t": 0.06708383178430109, "i": 0.1845035428361093, "m": 0.029815036348578263, "aː": 0.002438575503818901, "ɾ": 0.09031931535842459, "o": 0.07053464617649766, "n": 0.09068740222692555, "h": 0.022637342412809423, "e": 0.06404711511916812, "ʃ": 0.020750897211741972, "k": 0.07260513481181559, "β": 0.014355387871537683, "j": 0.008327965399834361, "tʃ": 0.0013803257568786233, "ts": 0.01352719241741051, "ea": 0.013113094690346922, "eː": 0.005291248734701389, "p": 0.03657863255728352, "ei": 0.005843379037452839, "oː": 0.00027606515137572465, "io": 0.011732768933468299, "oi": 0.001840434342504831, "ao": 0.0005521303027514493, "iː": 0.0017484126253795897}