{"h": 0.07035175879396985, "j": 0.03015075376884422, "a": 0.09547738693467336, "ei": 0.005025125628140704, "k": 0.09547738693467336, "i": 0.08040201005025126, "o": 0.07035175879396985, "m": 0.06030150753768844, "n": 0.07537688442211055, "p": 0.12060301507537688, "ts": 0.020100502512562814, "ʃ": 0.04522613065326633, "t": 0.07035175879396985, "ai": 0.020100502512562814, "io": 0.010050251256281407, "β": 0.05025125628140704, "s": 0.020100502512562814, "iː": 0.01507537688442211, "aː": 0.01507537688442211, "oi": 0.010050251256281407, "e": 0.01507537688442211, "tʃ": 0.005025125628140704}