{"ai": 0.013500482160077145, "m": 0.04339440694310511, "h": 0.05110896817743491, "j": 0.026036644165863067, "k": 0.08003857280617165, "a": 0.12439729990356799, "ei": 0.010607521697203472, "i": 0.15332690453230471, "o": 0.10221793635486982, "t": 0.05689488910318226, "p": 0.1253616200578592, "n": 0.08100289296046287, "ts": 0.01253616200578592, "oi": 0.0028929604628736743, "s": 0.02507232401157184, "ʃ": 0.022179363548698167, "e": 0.01253616200578592, "iː": 0.009643201542912247, "io": 0.015429122468659595, "β": 0.021215043394406944, "aː": 0.0057859209257473485, "tʃ": 0.0048216007714561235}