{"ai": 0.00701949860724234, "s": 0.00947075208913649, "a": 0.13994428969359332, "t": 0.06295264623955432, "i": 0.17493036211699164, "m": 0.03086350974930362, "ː": 0.014818941504178272, "ɾ": 0.08401114206128134, "o": 0.08011142061281337, "n": 0.07454038997214485, "h": 0.02807799442896936, "e": 0.07576601671309192, "ʃ": 0.01637883008356546, "j": 0.01158774373259053, "k": 0.07253481894150418, "tʃ": 0.003119777158774373, "ei": 0.006796657381615599, "io": 0.014818941504178272, "p": 0.041002785515320335, "oi": 0.004011142061281337, "ts": 0.015376044568245125, "ao": 0.0013370473537604457, "β": 0.01403899721448468, "ea": 0.01649025069637883}