{"h": 0.018947950762989257, "ũ": 0.014061131344797381, "n": 0.059656078557927254, "i": 0.1118897238486008, "o": 0.06237610068692084, "e": 0.07224194366327048, "t": 0.056244525379189524, "u": 0.036374533216541424, "d": 0.011802129915633211, "s": 0.029367018579134204, "ts": 0.03254806140795722, "k": 0.06689410354524918, "r": 0.039555576045364436, "a": 0.16490710432898437, "m": 0.035590798026831405, "j": 0.016781153473790972, "ẽ": 0.006823106357475451, "w": 0.00866718915679314, "p": 0.02678530266008944, "ã": 0.037019962196302617, "l": 0.04531833479323222, "ɸ": 0.006777004287492509, "b": 0.020561523212392237, "õ": 0.005117329768106588, "ĩ": 0.013046885805172652, "ʔ": 0.0006454289797611913}