{"i": 0.15826612903225806, "ã": 0.09475806451612903, "e": 0.19455645161290322, "ũ": 0.05342741935483871, "a": 0.24193548387096775, "o": 0.12399193548387097, "ĩ": 0.034274193548387094, "u": 0.03326612903225806, "ẽ": 0.024193548387096774, "õ": 0.021169354838709676, "k": 0.0030241935483870967, "t": 0.0010080645161290322, "d": 0.0010080645161290322, "m": 0.0020161290322580645, "l": 0.007056451612903226, "r": 0.0010080645161290322, "b": 0.0010080645161290322, "p": 0.0010080645161290322, "n": 0.0010080645161290322, "s": 0.0020161290322580645}