{"h": 0.06781079949769778, "t": 0.10025115110925073, "d": 0.10025115110925073, "m": 0.07764755127668481, "j": 0.016324822101297615, "k": 0.1023440770196735, "n": 0.04227710339053997, "a": 0.02762662201758058, "s": 0.03683549602344077, "i": 0.03432398493093344, "ts": 0.05378819589786522, "ɸ": 0.029928840519045624, "l": 0.04081205525324404, "p": 0.10129761406446212, "b": 0.10129761406446212, "u": 0.0054416073670992045, "e": 0.011929677689409795, "w": 0.025742988698200082, "o": 0.008790288823775638, "ĩ": 0.0029300962745918793, "ã": 0.0014650481372959396, "r": 0.009627459187944746, "ẽ": 0.0012557555462536626}