{"h": 0.023231801755291687, "ũ": 0.019101703665462055, "n": 0.04284976768198245, "i": 0.09757356737222508, "ã": 0.03742901393908105, "o": 0.07666494579246257, "e": 0.0802787816210635, "t": 0.05446566855962829, "d": 0.05162622612287042, "a": 0.13009808982963345, "u": 0.03691275167785235, "k": 0.04439855446566856, "r": 0.01987609705730511, "m": 0.024006195147134743, "j": 0.011357769747031492, "ẽ": 0.011615900877645843, "ts": 0.036654620547238, "w": 0.010067114093959731, "s": 0.029168817759421786, "p": 0.047496128033040784, "b": 0.045172947857511615, "ĩ": 0.01471347444501807, "ɸ": 0.010325245224574084, "l": 0.036654620547238, "õ": 0.0074858027878162104, "ʔ": 0.0007743933918430562}