{"i": 0.22518787250583053, "ã": 0.09205752785695775, "a": 0.2019305519564654, "r": 0.012956724540036279, "e": 0.2186447266131122, "ũ": 0.049041202384037315, "o": 0.1381834672194869, "ĩ": 0.02824565949727909, "u": 0.004729204457113242, "ẽ": 0.00421093547551179, "s": 0.010494946877429386, "m": 0.0009069707178025395, "k": 0.0038870173620108835, "õ": 0.0033687483804094327, "l": 0.003757450116610521, "d": 0.0011013215859030838, "t": 0.0011013215859030838, "b": 6.47836227001814e-05, "p": 6.47836227001814e-05, "n": 6.47836227001814e-05}