{"h": 0.012019516839224087, "ũ": 0.012202601634947225, "n": 0.05407409441682916, "i": 0.11521526194857148, "ã": 0.03239685460320948, "a": 0.16808099671362792, "s": 0.01872042036269098, "r": 0.04191726398081271, "b": 0.03358690577540988, "p": 0.03349536337754831, "o": 0.06420783786010491, "e": 0.07283113173866476, "k": 0.06039967410906361, "t": 0.05769917337214731, "u": 0.029531577550142348, "d": 0.05649996796016075, "l": 0.04498393430917529, "ts": 0.024002416719303546, "j": 0.011900511722004046, "m": 0.026959236170232243, "ĩ": 0.009621106015250963, "ẽ": 0.006526972967529912, "w": 0.005831250743781983, "ɸ": 0.004668662290940049, "õ": 0.002444182022903908, "ʔ": 0.00018308479572313918}