{"h": 0.057916558693962165, "t": 0.09076185540295413, "d": 0.09069707178025395, "m": 0.10047939880798135, "j": 0.017945063487950247, "k": 0.09277014770665976, "n": 0.04696812645763151, "a": 0.02740347240217673, "s": 0.034076185540295414, "i": 0.028051308629178543, "ts": 0.05474216118165328, "ɸ": 0.027144337911376003, "l": 0.04249805649131899, "p": 0.1103912930811091, "b": 0.1086421352682042, "u": 0.005506607929515419, "e": 0.010948432236330656, "w": 0.025654314589271834, "o": 0.011855402954133195, "ĩ": 0.004340502720912153, "ã": 0.0009069707178025395, "r": 0.008033169214822493, "ẽ": 0.0022674267945063486}