{"h": 0.08669354838709678, "t": 0.10383064516129033, "d": 0.1028225806451613, "m": 0.04939516129032258, "j": 0.016129032258064516, "k": 0.08669354838709678, "n": 0.05241935483870968, "a": 0.020161290322580645, "s": 0.04233870967741935, "i": 0.02721774193548387, "ts": 0.06048387096774194, "ɸ": 0.03528225806451613, "l": 0.04838709677419355, "p": 0.10483870967741936, "b": 0.09576612903225806, "u": 0.006048387096774193, "e": 0.009072580645161291, "w": 0.029233870967741934, "o": 0.004032258064516129, "ĩ": 0.005040322580645161, "r": 0.01310483870967742, "ẽ": 0.0010080645161290322}