{"i": 0.20579225842383736, "e": 0.19298245614035087, "a": 0.2723475355054302, "ã": 0.09551656920077972, "s": 0.006961849067112225, "o": 0.1286549707602339, "õ": 0.007518796992481203, "ũ": 0.0378724589250905, "u": 0.007518796992481203, "ĩ": 0.031467557783347255, "ẽ": 0.004734057365636313, "l": 0.002506265664160401, "b": 0.000278473962684489, "n": 0.000278473962684489, "m": 0.002227791701475912, "k": 0.001392369813422445, "r": 0.001113895850737956, "t": 0.000835421888053467}