{"h": 0.09078251183514341, "t": 0.09161793372319688, "d": 0.015316067947646894, "m": 0.11417432470064048, "j": 0.020050125313283207, "k": 0.12949039264828738, "n": 0.058758006126427176, "a": 0.034530771372876634, "s": 0.04734057365636313, "i": 0.03258145363408521, "ts": 0.0682261208576998, "ɸ": 0.031467557783347255, "l": 0.03898635477582846, "p": 0.12280701754385964, "u": 0.012531328320802004, "e": 0.016986911723753828, "w": 0.026455026455026454, "b": 0.018379281537176273, "o": 0.009746588693957114, "ĩ": 0.004734057365636313, "ã": 0.00278473962684489, "r": 0.010025062656641603, "ẽ": 0.002227791701475912}