{"b": 0.061095797303930825, "p": 0.0603028357814447, "e": 0.05966091454895593, "s": 0.05562058679152664, "z": 0.05520522599403391, "i": 0.03436166597439867, "q": 0.03168070082694559, "k": 0.0498055356266284, "ɡ": 0.04803081221915946, "o": 0.024166446399577088, "ɑ": 0.09530642298833214, "tʃ": 0.021863081977117397, "dʒ": 0.021787561832118718, "m": 0.04164935996677114, "d̪": 0.06804365064380924, "t̪": 0.06808141071630858, "u": 0.010308499792319601, "j": 0.04051655779179096, "v": 0.021900842049616735, "f": 0.021900842049616735, "ʃ": 0.017482913567194048, "r": 0.016425631537212552, "x": 0.018200354944681495, "ɣ": 0.017294113204697353, "n": 0.013480345882264095, "ø": 0.01510402899973568, "l": 0.0052864101499074875, "ɯ": 0.0004153607974927312, "y": 0.004946569497413435, "sː": 7.55201449986784e-05}