{"r": 0.04206241519674356, "i": 0.10719131614654002, "l": 0.029850746268656716, "b": 0.022388059701492536, "p": 0.01967435549525102, "m": 0.033921302578018994, "ɡ": 0.023066485753052916, "k": 0.023066485753052916, "j": 0.017639077340569877, "e": 0.10176390773405698, "n": 0.05223880597014925, "q": 0.018317503392130258, "ɯ": 0.08616010854816825, "ɑ": 0.14789687924016282, "ŋ": 0.008819538670284939, "u": 0.023066485753052916, "s": 0.029850746268656716, "z": 0.027815468113975575, "y": 0.014925373134328358, "d̪": 0.042740841248303935, "t̪": 0.04477611940298507, "ʃ": 0.014925373134328358, "tʃ": 0.013568521031207599, "dʒ": 0.013568521031207599, "ɣ": 0.006105834464043419, "x": 0.006105834464043419, "v": 0.011533242876526458, "f": 0.011533242876526458, "o": 0.005427408412483039}