{"b": 0.04018754186202277, "p": 0.041527126590756865, "e": 0.07300736771600803, "s": 0.047555257870060284, "z": 0.04688546550569324, "i": 0.04688546550569324, "q": 0.025452109845947757, "k": 0.04420629604822505, "ɡ": 0.043536503683858, "o": 0.033489618218352314, "ɑ": 0.13596784996651037, "tʃ": 0.02679169457468185, "dʒ": 0.026121902210314803, "m": 0.017414601473543203, "d̪": 0.06898861352980576, "t̪": 0.06965840589417281, "j": 0.03281982585398526, "ʃ": 0.010716677829872739, "r": 0.024112525117213665, "x": 0.02277294038847957, "ɣ": 0.020093770931011386, "n": 0.018754186202277295, "ø": 0.012726054922973878, "l": 0.008037508372404554, "v": 0.014735432016075016, "f": 0.014735432016075016, "u": 0.01942397856664434, "ɯ": 0.003348961821835231, "y": 0.008707300736771601, "sː": 0.0013395847287340924}