{"r": 0.09217577706323687, "i": 0.11012861736334405, "n": 0.11468381564844587, "m": 0.02947481243301179, "ɯ": 0.11361200428724544, "e": 0.08762057877813505, "ŋ": 0.02652733118971061, "ɑ": 0.12915326902465166, "q": 0.031082529474812434, "j": 0.0372454448017149, "p": 0.029206859592711683, "k": 0.03295819935691318, "y": 0.004555198285101822, "l": 0.025455519828510183, "t̪": 0.04635584137191854, "s": 0.00964630225080386, "d̪": 0.0040192926045016075, "tʃ": 0.004287245444801715, "z": 0.01929260450160772, "ʃ": 0.01232583065380493, "u": 0.010182207931404072, "v": 0.01420150053590568, "dʒ": 0.0010718113612004287, "f": 0.005091103965702036, "x": 0.002411575562700965, "ɣ": 0.0010718113612004287, "o": 0.002411575562700965, "b": 0.0021436227224008574, "ː": 0.0005359056806002144, "ɡ": 0.0010718113612004287}