{"b": 0.03867028493894165, "p": 0.04002713704206241, "e": 0.07055630936227951, "s": 0.05088195386702849, "z": 0.04748982360922659, "i": 0.048846675712347354, "q": 0.025101763907734057, "k": 0.044097693351424695, "ɡ": 0.044097693351424695, "o": 0.033921302578018994, "ɑ": 0.13568521031207598, "tʃ": 0.026458616010854818, "dʒ": 0.025780189959294438, "d̪": 0.06784260515603799, "t̪": 0.06852103120759837, "j": 0.03324287652645862, "ʃ": 0.010854816824966078, "r": 0.025101763907734057, "x": 0.023744911804613297, "ɣ": 0.02103120759837178, "m": 0.016282225237449117, "n": 0.018995929443690638, "ø": 0.012890094979647219, "l": 0.008141112618724558, "v": 0.014925373134328358, "f": 0.014925373134328358, "u": 0.01967435549525102, "ɯ": 0.0033921302578018998, "y": 0.008819538670284939}