{"b": 0.02207862143241788, "i": 0.07898043439238916, "r": 0.04595225273739006, "p": 0.02136061748339616, "e": 0.1014180577993179, "d̪": 0.05079877939328666, "t̪": 0.05331179321486268, "l": 0.03284868066774367, "m": 0.022437623406928738, "ɡ": 0.02387363130497218, "k": 0.025489140190271046, "j": 0.023335128343205887, "s": 0.03769520732364028, "n": 0.03913121522168372, "z": 0.03679770238736313, "tʃ": 0.01723209477652127, "y": 0.01615508885298869, "dʒ": 0.01759109675103213, "q": 0.015257583916711542, "ɯ": 0.03787470831089571, "ɑ": 0.15221683719260456, "ʃ": 0.011667564171602944, "o": 0.024232633279483037, "ŋ": 0.004487524681385748, "u": 0.025130138215760187, "ɣ": 0.011847065158858373, "x": 0.011488063184347514, "t̪ː": 0.0032310177705977385, "qː": 0.0001795009872554299, "lː": 0.0014360078980434393, "ø": 0.009334051337282354, "mː": 0.0003590019745108598, "v": 0.011488063184347514, "f": 0.010770059235325794, "nː": 0.0003590019745108598, "d̪ː": 0.0005385029617662897, "sː": 0.0008975049362771495, "vː": 0.0001795009872554299, "fː": 0.0005385029617662897}