{"b": 0.019205128774916112, "i": 0.07994822337281393, "r": 0.059126463856358745, "p": 0.018760694206795405, "n": 0.05848203373258372, "dʒ": 0.008749805559876447, "tʃ": 0.008983133708139818, "e": 0.11310304215461879, "d̪": 0.051265527432723716, "t̪": 0.05298215595208995, "ŋ": 0.0035610319770671764, "s": 0.03602142174618342, "z": 0.035299215572987264, "ɡ": 0.021871736183640363, "k": 0.024738339148018932, "l": 0.05615430768205151, "x": 0.00941645741205751, "ɣ": 0.010260883091486856, "ɑ": 0.1390191329081576, "ɯ": 0.05297660051998845, "j": 0.027049398902246616, "v": 0.010888646918957356, "f": 0.01009422012844159, "q": 0.01314970778427146, "m": 0.026399413346370082, "y": 0.008033154818781805, "t̪ː": 0.0005722095064554121, "ʃ": 0.00844425679429346, "o": 0.013121930623763916, "u": 0.015027443834581454, "qː": 0.0003611030865980756, "nː": 0.00017777382724828338, "lː": 0.00072776160529766, "ø": 0.0054609897557832045, "mː": 9.99977778271594e-05, "bː": 2.2221728406035422e-05, "kː": 8.888691362414169e-05, "rː": 1.1110864203017711e-05, "ɣː": 1.1110864203017711e-05, "d̪ː": 0.0001111086420301771, "pː": 5.555432101508855e-05, "sː": 6.666518521810626e-05, "jː": 1.1110864203017711e-05, "vː": 3.888802471056199e-05, "fː": 4.99988889135797e-05}