{"b": 0.021728062838648678, "i": 0.07423906323866322, "r": 0.05209280337466817, "p": 0.021728062838648678, "n": 0.048874504527437364, "e": 0.11140405105640205, "s": 0.03772864467798829, "z": 0.03772864467798829, "l": 0.044983453943779776, "k": 0.027946470780755663, "ɡ": 0.027946470780755663, "ɑ": 0.13480490199643624, "ɯ": 0.04192879741081494, "d̪": 0.05325648205389287, "t̪": 0.05325648205389287, "v": 0.013364122331721153, "f": 0.013364122331721153, "tʃ": 0.012545910760391287, "dʒ": 0.012545910760391287, "q": 0.016309683988508673, "m": 0.026019127968289757, "j": 0.027619186152223717, "ŋ": 0.002436452234626714, "y": 0.010636750427288264, "ɣ": 0.011309502163715044, "x": 0.011309502163715044, "ʃ": 0.009563984144877996, "o": 0.017055165642386995, "u": 0.019909814902360087, "ø": 0.006363867777010073}