{"b": 0.021794637971913187, "i": 0.07669159219405434, "r": 0.06419843151559365, "e": 0.0921940543498085, "d̪": 0.03442458508115995, "s": 0.03469815794273208, "n": 0.06219223053073135, "tʃ": 0.009301477293452489, "y": 0.014408170709465621, "q": 0.02475834397227795, "ɯ": 0.051659675360204264, "m": 0.037388291081524715, "ɑ": 0.14002370964800293, "j": 0.035245303665876346, "k": 0.029728250957505014, "ʃ": 0.01623198978661317, "l": 0.058043042130220684, "o": 0.021703447018055808, "ŋ": 0.007796826554805764, "ɣ": 0.010486959693598395, "t̪": 0.04445559000547146, "ː": 0.007477658216304943, "z": 0.01623198978661317, "ø": 0.006064198431515594, "u": 0.02539668064927959, "dʒ": 0.009711836585810688, "p": 0.010578150647455773, "ɡ": 0.009119095385737734, "v": 0.012265183293817254, "f": 0.006930512493160679, "x": 0.008799927047236915}