{"r": 0.08027791413359514, "i": 0.1120341351055394, "e": 0.10334931843069138, "n": 0.11244949590303213, "ŋ": 0.01699203262470264, "ɡ": 0.02212740248461277, "k": 0.02261828342710418, "s": 0.018238115017180832, "z": 0.017709474002190084, "ɑ": 0.12660952309028434, "ɯ": 0.11275157648302685, "l": 0.023184684514594267, "t̪": 0.03243590227693237, "d̪": 0.03224710191443567, "j": 0.028999735679492506, "tʃ": 0.002265604349960352, "dʒ": 0.002303364422459691, "m": 0.023222444587093608, "b": 0.023713325529585015, "p": 0.02356228523958766, "v": 0.012083223199788544, "f": 0.013027225012272024, "q": 0.01933315711966167, "u": 0.004568968772420043, "ʃ": 0.008533776384850658, "y": 0.001510402899973568, "ɣ": 0.0008307215949854624, "x": 0.0008307215949854624, "o": 0.0021523241324623342, "mː": 3.77600724993392e-05}