{"r": 0.04219691895512391, "i": 0.11118553248492967, "l": 0.030810448760884127, "b": 0.022103148024112524, "p": 0.01942397856664434, "m": 0.03281982585398526, "ɡ": 0.02344273275284662, "k": 0.02344273275284662, "j": 0.017414601473543203, "e": 0.10314802411252512, "n": 0.05157401205626256, "q": 0.01808439383791025, "ɯ": 0.08908238446081715, "ɑ": 0.14601473543201607, "ŋ": 0.008707300736771601, "u": 0.02277294038847957, "s": 0.028801071667782986, "z": 0.027461486939048894, "y": 0.014735432016075016, "d̪": 0.04219691895512391, "t̪": 0.04554588077695914, "ʃ": 0.014735432016075016, "tʃ": 0.012056262558606833, "dʒ": 0.012726054922973878, "ɣ": 0.006697923643670462, "x": 0.006697923643670462, "v": 0.010046885465505693, "f": 0.010046885465505693, "mː": 0.0006697923643670462, "o": 0.0053583389149363695}