{"b": 0.021806287479556607, "i": 0.07686716336543703, "r": 0.04633836089405779, "p": 0.021079411230238054, "e": 0.09921860803198256, "d̪": 0.052153370888606214, "t̪": 0.054152280574232235, "l": 0.03325458840632382, "m": 0.023260039978193713, "ɡ": 0.023986916227512266, "k": 0.025440668726149373, "j": 0.02344175904052335, "s": 0.04143194621115755, "n": 0.039614755587861164, "z": 0.037252407777575866, "tʃ": 0.017626749045974922, "y": 0.016354715609667454, "dʒ": 0.01780846810830456, "q": 0.0156278393603489, "ɯ": 0.037252407777575866, "ɑ": 0.1530074504815555, "ʃ": 0.011811739051426495, "o": 0.02453207341450118, "ŋ": 0.004542976558240959, "u": 0.025077230601490096, "ɣ": 0.011993458113756133, "x": 0.011630019989096857, "ø": 0.009449391241141195, "v": 0.01235689623841541, "f": 0.011630019989096857}