{"a": 0.011231850972513925, "p": 0.1025477125376678, "b": 0.10222810702218975, "j": 0.022144096429549814, "t": 0.06026846863300155, "d": 0.06200347000273947, "n": 0.04100082184275409, "k": 0.021093964021550542, "v": 0.055748333485526436, "tʃ": 0.012145009588165464, "z": 0.10583508355401333, "s": 0.11537759108757191, "l": 0.017943566797552733, "m": 0.027212126746415852, "c": 0.008446717194776732, "ɟ": 0.008446717194776732, "ts": 0.0070313213405168475, "r": 0.03022555017806593, "f": 0.03095607707058716, "ɲ": 0.006392110309560771, "o": 0.057255045201351475, "ɡ": 0.012875536480686695, "ʒ": 0.00894895443338508, "ʃ": 0.00625513651721304, "r̝": 0.005296319970778924, "ɦ": 0.018080540589900464, "i": 0.004794082732170578, "x": 0.002922107570084924, "uː": 0.01995251575198612, "u": 0.010683955803123002, "au": 0.00031960551547803855, "ɛ": 0.004200529631997078, "ɛu": 9.131586156515387e-05, "ɛː": 4.5657930782576936e-05}