{"a": 0.08346742466666195, "l": 0.03897981895897869, "ɛ": 0.08049024264033515, "z": 0.045281520914703735, "p": 0.03359962572568812, "o": 0.08258844711603212, "ɲ": 0.010420137092143783, "b": 0.03532213818377719, "s": 0.048733634359516, "n": 0.028580947452737235, "ʒ": 0.006478915171577835, "ʃ": 0.006344233127529719, "r": 0.036186938677138784, "d": 0.06664634621791554, "t": 0.06530661430606849, "j": 0.022832150730472876, "i": 0.06819164546015184, "iː": 0.02223671432520752, "ts": 0.007308273021768871, "u": 0.025539968668703436, "k": 0.020677238025703006, "c": 0.008619650819079484, "ɟ": 0.009378123382929406, "tʃ": 0.004614632140806533, "uː": 0.010661147065703572, "ɛː": 0.005117917673828443, "ou": 0.006585243101089507, "m": 0.016821078448746394, "x": 0.004168054836857514, "ɡ": 0.009789258043707868, "v": 0.03801577906473953, "f": 0.019564339030147513, "aː": 0.013744657021542038, "ɦ": 0.008520411418201923, "r̝": 0.008988254308053277, "au": 0.0001205049867798941, "ɛu": 7.797381497522559e-05}