{"ɛ": 0.11606246004931056, "ɲ": 0.001369737923477308, "a": 0.0985754725595836, "ʒ": 0.004520135147475116, "ʃ": 0.003926582047301616, "o": 0.043101086658752626, "j": 0.004063555839649347, "i": 0.12482878275956534, "t": 0.0821386174778559, "d": 0.08250388092411652, "u": 0.08250388092411652, "l": 0.042872797004839744, "uː": 0.011734088211122273, "n": 0.015249748881380696, "iː": 0.07282439959821022, "ɛː": 0.021048306090767965, "ou": 0.014016984750251118, "tʃ": 0.0008218427540863848, "m": 0.034791343256323624, "r": 0.011094877180166196, "ts": 0.005524609624691809, "x": 0.013240799926947312, "z": 0.00908592822573281, "s": 0.009588165464341157, "v": 0.00954250753355858, "f": 0.008720664779472195, "k": 0.019450278513377772, "ɡ": 0.017304355766596658, "aː": 0.013606063373207926, "p": 0.009040270294950232, "b": 0.00922290201808054, "c": 0.0025568441238243084, "ɟ": 0.0024655282622591543, "r̝": 0.0008218427540863848, "ɦ": 0.0017806593005205004}