{"a": 0.019056693663649357, "p": 0.07765602667937113, "b": 0.07527393997141496, "j": 0.034778465936160075, "t": 0.07813244402096237, "d": 0.07908527870414483, "n": 0.026202953787517864, "k": 0.03239637922820391, "v": 0.06288708909004288, "l": 0.026202953787517864, "z": 0.06336350643163412, "s": 0.06669842782277274, "m": 0.046688899475940925, "c": 0.02048594568842306, "ɟ": 0.02048594568842306, "ts": 0.02096236303001429, "r": 0.0266793711291091, "f": 0.03525488327775131, "ɲ": 0.008099094807050978, "tʃ": 0.03049070986183897, "o": 0.034778465936160075, "r̝": 0.014292520247737018, "ɡ": 0.02048594568842306, "x": 0.01095759885659838, "ɦ": 0.014768937589328252, "u": 0.009051929490233444, "uː": 0.009051929490233444, "ʒ": 0.011434016198189614, "ʃ": 0.01333968556455455, "i": 0.006669842782277275, "au": 0.0014292520247737017, "ɛ": 0.0014292520247737017, "ɛu": 0.0009528346831824678, "ɛː": 0.0004764173415912339}