{"ɛ": 0.10576464983325393, "ʒ": 0.011910433539780848, "ʃ": 0.009528346831824679, "o": 0.0533587422582182, "tʃ": 0.005717008099094807, "ts": 0.007622677465459742, "m": 0.03668413530252501, "k": 0.019056693663649357, "ɡ": 0.013816102906145784, "ɛː": 0.013816102906145784, "i": 0.11862791805621725, "t": 0.07050976655550262, "d": 0.07336827060505002, "iː": 0.06622201048118151, "ou": 0.02191519771319676, "aː": 0.017627441638875654, "b": 0.016198189614101955, "p": 0.014292520247737018, "r": 0.014768937589328252, "n": 0.021438780371605525, "u": 0.04525964745116722, "s": 0.027155788470700333, "z": 0.023820867079561697, "l": 0.03668413530252501, "a": 0.06812767984754645, "x": 0.011910433539780848, "uː": 0.018580276322058123, "j": 0.009528346831824679, "v": 0.01333968556455455, "ɟ": 0.006193425440686041, "c": 0.006193425440686041, "f": 0.00857551214864221, "ɦ": 0.008099094807050978, "r̝": 0.0033349213911386373, "ɲ": 0.0009528346831824678}