{"a": 0.06241225271218889, "l": 0.04097000638162093, "ɛ": 0.07555839183152521, "ʒ": 0.012763241863433313, "ʃ": 0.011614550095724313, "p": 0.03407785577536694, "r": 0.02858966177409062, "o": 0.06419910657306956, "b": 0.03356732610082961, "tʃ": 0.01263560944479898, "ts": 0.01225271218889598, "j": 0.018251435864709637, "s": 0.04479897894065093, "m": 0.030504148053605615, "z": 0.0393107849393746, "t": 0.06458200382897256, "k": 0.020804084237396298, "ɡ": 0.012125079770261647, "d": 0.06458200382897256, "ɛː": 0.007147415443522655, "i": 0.06802807913209956, "iː": 0.03905552010210594, "ou": 0.008679004467134653, "aː": 0.021314613911933632, "n": 0.029993618379068283, "u": 0.027568602425015954, "ɦ": 0.01021059349074665, "ɲ": 0.007657945118059987, "x": 0.007147415443522655, "v": 0.02833439693682195, "r̝": 0.009444798978940652, "uː": 0.01148691767708998, "c": 0.012890874282067645, "ɟ": 0.01263560944479898, "f": 0.013784301212507977, "au": 0.0006381620931716656, "ɛu": 0.00038289725590299936}