{"a": 0.06788633709614636, "l": 0.03861424678863371, "ɛ": 0.07956403269754768, "n": 0.027232386142467885, "ʒ": 0.011786687427014402, "ʃ": 0.011786687427014402, "p": 0.029692487349163098, "o": 0.06768392370572207, "b": 0.029692487349163098, "r": 0.03514207862981705, "t": 0.060599455040871934, "d": 0.060599455040871934, "j": 0.023059556247567146, "u": 0.028197742312183728, "c": 0.01061891786687427, "i": 0.06243674581549241, "ɟ": 0.01061891786687427, "tʃ": 0.007364733359283768, "s": 0.04389256520046711, "z": 0.04389256520046711, "ou": 0.008407940833008953, "m": 0.021191124951342934, "iː": 0.032604126119112495, "ts": 0.0085325029194239, "v": 0.02917866874270144, "f": 0.02917866874270144, "ɲ": 0.010650058388478007, "k": 0.021611521992993384, "ɡ": 0.021611521992993384, "ɛː": 0.007691708836123005, "aː": 0.022281043207473726, "ɦ": 0.009186453873102374, "r̝": 0.008392370572207085, "x": 0.006586220319190346, "uː": 0.012051381860646165, "au": 0.00037368625924484236, "ɛu": 0.00010899182561307902}