{"ɛ": 0.1448645886561063, "o": 0.05339805825242718, "m": 0.05518650996423097, "k": 0.02452733776188043, "ou": 0.018395503321410323, "ː": 0.1599386816555953, "n": 0.01890648952478283, "ʒ": 0.008431272355646398, "l": 0.03398058252427184, "i": 0.13285641287685232, "t": 0.06438426162493613, "d": 0.019417475728155338, "u": 0.07230454777721002, "x": 0.020439448134900357, "z": 0.005365355135411344, "a": 0.0858456821665815, "s": 0.013285641287685232, "ts": 0.009453244762391415, "v": 0.006898313745528871, "tʃ": 0.0025549310168625446, "r": 0.013285641287685232, "j": 0.0061318344404701075, "ɟ": 0.0015329586101175269, "ɡ": 0.0012774655084312723, "ʃ": 0.005365355135411344, "r̝": 0.0025549310168625446, "ɲ": 0.0025549310168625446, "b": 0.004598875830352581, "ɦ": 0.004087889626980072, "p": 0.004598875830352581, "f": 0.0015329586101175269, "c": 0.002043944813490036}