{"m": 0.056855011909875436, "ɘ": 0.12241789995704636, "n": 0.05521496348939826, "t": 0.028974188761763442, "ɪ": 0.06294662032879066, "b": 0.03690108946073646, "ɛ": 0.05474637822640478, "ː": 0.07255261822015698, "ɟ": 0.033074309812956386, "k": 0.0724354719044086, "j": 0.019211995782732635, "s": 0.02374165332500293, "r": 0.028778944902182826, "f": 0.020188215080635712, "u": 0.023546409465422313, "o": 0.009723144207114686, "w": 0.014916630871959076, "ʊ": 0.06650005857315787, "i": 0.01843102034441017, "e": 0.011402241399507986, "p": 0.012222265609746574, "ɔ": 0.045648014369948066, "l": 0.04498418524737397, "a": 0.025030262798234997, "ɲ": 0.006833535085321567, "d": 0.003826779647780077, "h": 0.001132414385567574, "c": 0.00663829122574095, "ŋ": 0.01241750946932719, "ɡ": 0.008629778593463236, "iu": 7.809754383224647e-05}