{"m": 0.03863920336223543, "ɘ": 0.13963878686910758, "n": 0.04172503880958692, "t": 0.02487599863693158, "ɛː": 0.005395479156412101, "r": 0.024383779485820302, "d": 0.02487599863693158, "ɛ": 0.05626443527318163, "ɪ": 0.04638218923933209, "s": 0.013573889667184128, "k": 0.05743818863352391, "ʊ": 0.07175040702737495, "l": 0.037427586990269206, "ɡ": 0.05743818863352391, "ɘː": 0.024819204119495664, "ɔː": 0.015277725190261634, "b": 0.04128961417591155, "p": 0.04128961417591155, "aː": 0.004884328499488849, "ɲ": 0.004316383325129681, "i": 0.011131725417439703, "ɟ": 0.033167998182575445, "c": 0.033167998182575445, "ɔ": 0.028378327212146455, "w": 0.01101813638256787, "f": 0.013062739010260876, "ŋ": 0.008329862557267805, "j": 0.016186437469236304, "ɪː": 0.006720684563250161, "mː": 0.00306690394153951, "u": 0.018382492143425088, "o": 0.0060959448714550755, "oː": 0.0016470410056415887, "e": 0.006569232516754383, "ʊː": 0.0055658627087198514, "a": 0.019101889364280034, "h": 0.0005300821627352239, "iu": 9.465752905986142e-05, "iː": 0.0028207943659838705, "uː": 0.0021581916625648405, "eː": 0.0010790958312824203, "nː": 3.786301162394457e-05}