{"m": 0.03316717791411043, "ɘ": 0.11253834355828221, "n": 0.040260736196319015, "t": 0.04083588957055215, "ɪ": 0.05732361963190184, "d": 0.03374233128834356, "b": 0.041986196319018405, "p": 0.04121932515337423, "ɔ": 0.025690184049079755, "k": 0.04486196319018405, "ɡ": 0.04141104294478527, "ɛ": 0.07879601226993865, "r": 0.025881901840490797, "j": 0.017254601226993866, "f": 0.012653374233128834, "u": 0.018980061349693253, "w": 0.015529141104294479, "ʊ": 0.060199386503067484, "ɔː": 0.027799079754601226, "i": 0.015912576687116563, "ɟ": 0.0285659509202454, "e": 0.00843558282208589, "aː": 0.0026840490797546013, "a": 0.011503067484662576, "ɛː": 0.009010736196319018, "ɘː": 0.027607361963190184, "l": 0.040452453987730064, "s": 0.015912576687116563, "h": 0.0011503067484662577, "c": 0.025115030674846626, "ŋ": 0.0072852760736196315, "mː": 0.005559815950920245, "ɲ": 0.005751533742331288, "o": 0.00651840490797546, "ɪː": 0.005559815950920245, "ʊː": 0.004409509202453987, "uː": 0.003450920245398773, "oː": 0.0017254601226993865, "iː": 0.0021088957055214724, "eː": 0.0007668711656441718, "nː": 0.0003834355828220859}