{"m": 0.037044513980014133, "ɘ": 0.11173917432118705, "b": 0.06581205208438477, "p": 0.06581205208438477, "k": 0.10749974765317452, "ɡ": 0.10749974765317452, "j": 0.015443625719188453, "n": 0.037044513980014133, "f": 0.03371353588371858, "w": 0.02069243968910871, "i": 0.0022206520641970323, "aː": 0.0023215907943878065, "ɛː": 0.0022206520641970323, "ɲ": 0.0027253457151509035, "t": 0.015746441909760774, "d": 0.015746441909760774, "ɛ": 0.06470172605228626, "s": 0.027051579691127484, "h": 0.0006056323811446452, "ɟ": 0.043706470172605226, "c": 0.043706470172605226, "ɪ": 0.027051579691127484, "e": 0.011204199051175937, "a": 0.019279297466437872, "ʊ": 0.08388008478853336, "ɔː": 0.002927223175532452, "ɘː": 0.0034319168264863227, "u": 0.014333299687089936, "r": 0.005652568890683355, "l": 0.008276975875643484, "ɔ": 0.0003028161905723226, "ŋ": 0.0004037549207630968, "o": 0.0001009387301907742, "oː": 0.0001009387301907742}