{"m": 0.05020818025961303, "b": 0.08498652951261328, "ɘ": 0.09870193485182464, "k": 0.20867009551800147, "j": 0.020818025961302965, "n": 0.059270144501591966, "f": 0.05535145726181729, "w": 0.035513103110457994, "i": 0.002204261572373255, "p": 0.02228753367621847, "a": 0.019103600293901544, "ɛ": 0.0668626010286554, "ɲ": 0.004163605192260593, "d": 0.006857702669605682, "t": 0.017144256674014206, "s": 0.04163605192260593, "h": 0.0017144256674014205, "c": 0.004898359049718345, "ɪ": 0.020083272103845213, "e": 0.017389174626500123, "l": 0.013960323291697281, "ʊ": 0.05020818025961303, "ɟ": 0.06906686260102865, "ɔ": 0.005878030859662013, "ɡ": 0.003428851334802841, "u": 0.01151114376683811, "r": 0.006857702669605682, "ŋ": 0.0007347538574577516, "o": 0.0004898359049718344}