{"m": 0.03025936599423631, "ɘ": 0.1138328530259366, "b": 0.06412103746397695, "p": 0.06195965417867435, "k": 0.05475504322766571, "ɡ": 0.05259365994236311, "n": 0.021613832853025938, "j": 0.025936599423631124, "f": 0.024495677233429394, "w": 0.03386167146974063, "i": 0.002881844380403458, "aː": 0.002161383285302594, "ɛː": 0.005043227665706052, "ɛ": 0.10951008645533142, "d": 0.03386167146974063, "t": 0.035302593659942365, "s": 0.025936599423631124, "h": 0.001440922190201729, "c": 0.029538904899135448, "ɟ": 0.03674351585014409, "ɪ": 0.03890489913544669, "e": 0.0223342939481268, "a": 0.011527377521613832, "ʊ": 0.09005763688760807, "ɔː": 0.00792507204610951, "ɘː": 0.01440922190201729, "u": 0.016570605187319884, "r": 0.011527377521613832, "l": 0.01585014409221902, "ɔ": 0.001440922190201729, "ɲ": 0.002161383285302594, "ŋ": 0.0007204610951008645, "o": 0.0007204610951008645}