{"m": 0.04417859834212509, "ɘ": 0.07746169304194926, "b": 0.07859206229590555, "p": 0.0783408691283597, "k": 0.1336033659884451, "ɡ": 0.13328937452901282, "j": 0.01808590806330068, "n": 0.05579628234112032, "f": 0.044492589801557396, "w": 0.021791007284601857, "i": 0.0010675709620698317, "aː": 0.0014129615674453656, "ɛː": 0.0005651846269781462, "ɲ": 0.004333082140165787, "d": 0.008980155739763879, "t": 0.009011554885707108, "ɛ": 0.04009670936950515, "s": 0.02354935945742276, "h": 0.00034539060537553377, "c": 0.047726701833710125, "ɟ": 0.05001883948756594, "ɪ": 0.015982165285104245, "e": 0.0056832454157246925, "a": 0.009922130118060788, "ʊ": 0.07589173574478775, "ɔː": 0.0006593820648078372, "ɘː": 0.0011303692539562924, "u": 0.0065938206480783725, "r": 0.00273172569706104, "l": 0.008289374529012811, "ɔ": 0.00015699572971615173, "ŋ": 0.00015699572971615173, "o": 3.139914594323034e-05, "oː": 3.139914594323034e-05}