{"n": 0.06844380403458213, "ɪ": 0.1138328530259366, "ɘ": 0.06484149855907781, "ɔ": 0.030979827089337175, "ɛ": 0.09221902017291066, "r": 0.025936599423631124, "ɔː": 0.005043227665706052, "ʊ": 0.04178674351585014, "e": 0.006484149855907781, "p": 0.030979827089337175, "b": 0.03170028818443804, "t": 0.04755043227665706, "d": 0.04178674351585014, "k": 0.0569164265129683, "ɡ": 0.048270893371757925, "m": 0.048270893371757925, "l": 0.04178674351585014, "f": 0.009365994236311239, "ɘː": 0.004322766570605188, "ŋ": 0.0223342939481268, "i": 0.025936599423631124, "ɟ": 0.02881844380403458, "c": 0.025936599423631124, "s": 0.011527377521613832, "ɲ": 0.009365994236311239, "w": 0.013688760806916427, "ɛː": 0.011527377521613832, "a": 0.010806916426512969, "j": 0.01440922190201729, "uː": 0.004322766570605188, "o": 0.008645533141210375, "u": 0.002161383285302594}