{"n": 0.0938035758021063, "ɪ": 0.15846191525838843, "ː": 0.01763409257898604, "t": 0.049473426402155275, "ɘ": 0.04873867254469753, "ɛ": 0.06098457016899339, "m": 0.057065882929218714, "k": 0.06784227283859907, "e": 0.014695077149155033, "p": 0.005878030859662013, "l": 0.08351702179769777, "u": 0.0036737692872887582, "ʊ": 0.024981631153563555, "j": 0.04481998530492285, "f": 0.022532451628704386, "ɔ": 0.034778349253000246, "b": 0.024246877296105803, "r": 0.034778349253000246, "i": 0.025716385011021307, "ɟ": 0.023267205486162134, "ŋ": 0.024246877296105803, "s": 0.018368846436443792, "w": 0.02228753367621847, "d": 0.0031839333823169237, "a": 0.010531471956894441, "ɲ": 0.007102620622091599, "ɡ": 0.007592456527063434, "o": 0.007837374479549351, "c": 0.0017144256674014205, "h": 0.0002449179524859172}