{"n": 0.05476011052499372, "r": 0.0290756091434313, "ɛː": 0.0005337854810349158, "ɛ": 0.08107259482542074, "ɪ": 0.11266013564431047, "ɘ": 0.05375533785481035, "k": 0.07184124591811103, "ɡ": 0.0703654860587792, "ɟ": 0.02185380557648832, "c": 0.021288620949510173, "l": 0.06496483295654358, "j": 0.04157246922883698, "t": 0.0434564179854308, "d": 0.04198065812609897, "w": 0.02549610650590304, "f": 0.024051745792514442, "m": 0.06113413715146948, "ɔ": 0.046878924893242906, "b": 0.022513187641296156, "p": 0.022230595327807082, "ŋ": 0.012308465209746294, "ʊ": 0.021665410700828936, "e": 0.006468224064305451, "i": 0.014757598593318261, "s": 0.008885958301934187, "ɲ": 0.002480532529515197, "ɘː": 0.0004081888972619945, "a": 0.009639537804571715, "o": 0.007033408691283597, "ɔː": 0.00034539060537553377, "u": 0.0032341120321527253, "aː": 0.001004772670183371, "h": 9.419743782969103e-05, "uː": 0.00018839487565938207}