{"m": 0.045255755530902456, "ɘ": 0.16936067993655393, "n": 0.048258441903749005, "t": 0.019863572600830666, "ɛː": 0.0017924433156992362, "r": 0.021472645756356067, "ɛ": 0.047790847995305724, "d": 0.01817198287322704, "ɪ": 0.043816299773537855, "ɔ": 0.02376018850452466, "k": 0.062171652806938725, "ɡ": 0.06115394841797394, "s": 0.011002209610430094, "ʊ": 0.08047199479228745, "b": 0.04613134804573252, "ɟ": 0.039782156249713485, "c": 0.02959135959805261, "p": 0.04574168645536312, "l": 0.0329882918152729, "j": 0.014385389065637348, "w": 0.010103695825578303, "f": 0.01447248989171992, "ŋ": 0.00650964068617114, "ɘː": 0.025841439822497685, "ɔː": 0.008357095049922526, "aː": 0.004267940478046008, "ɲ": 0.0028376532286900954, "i": 0.009035564642565715, "e": 0.004478816162245918, "ʊː": 0.0024342388763076584, "mː": 0.0013156808992472655, "ɪː": 0.003204393549037765, "nː": 1.3752762013037618e-05, "u": 0.015742328250923726, "o": 0.0054460937571628966, "iː": 0.0015357250914558673, "uː": 0.000719727878682302, "a": 0.01937305742236566, "oː": 0.0006968066086605727, "h": 0.00026588673225206064, "iu": 5.9595302056496346e-05, "eː": 0.0003163135262998652, "ŋː": 9.168508008691746e-06}