{"l": 0.02529579438508209, "o": 0.07986050289026546, "s": 0.05974807713744287, "d̪": 0.07923547303215121, "e": 0.11283182317626639, "t̪": 0.08028249757154005, "a": 0.14617736516075608, "n": 0.07917575680366896, "ɾ": 0.06639250282656815, "θ": 0.011565042916062869, "f": 0.0047056388044014845, "i": 0.07468111533990478, "p": 0.03391881777791933, "b": 0.03401834482538975, "k": 0.0268125865885313, "ɡ": 0.02580935395002946, "u": 0.023460515629727535, "m": 0.021071866490437442, "ɲ": 0.0009196299186266859, "x": 0.004566300937942896, "ʎ": 0.0022612545185279553, "ʝ": 0.0007882542159657308, "tʃ": 0.0004777298278580187, "r": 0.005899963374046531, "w": 4.379190088698505e-05}