{"l": 0.03010110294117647, "o": 0.11534926470588236, "s": 0.05859375, "d̪": 0.04388786764705882, "e": 0.09903492647058823, "t̪": 0.04480698529411765, "p": 0.04733455882352941, "ɾ": 0.039292279411764705, "b": 0.04871323529411765, "a": 0.16636029411764705, "k": 0.03699448529411765, "n": 0.04457720588235294, "ɡ": 0.03561580882352941, "u": 0.03630514705882353, "m": 0.01907169117647059, "f": 0.007123161764705882, "ɲ": 0.003446691176470588, "i": 0.06778492647058823, "ʝ": 0.006433823529411764, "θ": 0.01171875, "tʃ": 0.007352941176470588, "r": 0.012867647058823529, "ʎ": 0.007123161764705882, "x": 0.00942095588235294, "w": 0.0006893382352941177}