{"s": 0.08333333333333333, "l": 0.030381944444444444, "ɾ": 0.043402777777777776, "n": 0.0703125, "a": 0.2777777777777778, "o": 0.23697916666666666, "m": 0.0026041666666666665, "t̪": 0.012152777777777778, "d̪": 0.012152777777777778, "u": 0.010416666666666666, "e": 0.12065972222222222, "ʝ": 0.006944444444444444, "θ": 0.016493055555555556, "i": 0.027777777777777776, "k": 0.015625, "ɡ": 0.014756944444444444, "f": 0.001736111111111111, "b": 0.008680555555555556, "p": 0.006944444444444444, "w": 0.0008680555555555555}