{"s": 0.18556730251410108, "l": 0.04390465122870667, "a": 0.22439840140585585, "n": 0.07652844307134152, "d̪": 0.03214194608996344, "t̪": 0.03214194608996344, "ɾ": 0.09458348686261728, "e": 0.07530965675576089, "θ": 0.00810634619200136, "o": 0.21351435616904282, "m": 0.0006802528273008135, "k": 0.0018990391428814375, "ɡ": 0.001870695275077237, "ʝ": 0.0021541339531192427, "i": 0.004081516963804881, "u": 0.002380884895552847, "f": 0.00017006320682520337, "b": 0.00028343867804200563, "p": 0.0002267509424336045, "tʃ": 2.8343867804200562e-05, "w": 2.8343867804200562e-05}