{"s": 0.15194805194805194, "l": 0.03565525383707202, "o": 0.22609208972845338, "ɾ": 0.08181818181818182, "e": 0.10011806375442739, "n": 0.0808736717827627, "a": 0.22656434474616294, "d̪": 0.027863046044864226, "t̪": 0.027863046044864226, "i": 0.010153482880755607, "θ": 0.011688311688311689, "m": 0.0011806375442739079, "k": 0.004250295159386069, "ɡ": 0.004250295159386069, "ʝ": 0.002833530106257379, "u": 0.0030696576151121604, "f": 0.0009445100354191264, "p": 0.0012987012987012987, "b": 0.0012987012987012987, "tʃ": 0.0001180637544273908, "w": 0.0001180637544273908}