{"l": 0.025737898465171192, "d̪": 0.07638724911452184, "t̪": 0.07638724911452184, "p": 0.10944510035419126, "b": 0.10944510035419126, "k": 0.07733175914994096, "ɡ": 0.07733175914994096, "u": 0.014285714285714285, "m": 0.047815820543093274, "s": 0.051711924439197164, "e": 0.06965761511216056, "f": 0.025147579693034237, "a": 0.10413223140495868, "n": 0.01959858323494687, "θ": 0.013931523022432113, "o": 0.02845336481700118, "x": 0.01334120425029516, "i": 0.022550177095631643, "r": 0.02550177095631641, "ʎ": 0.007792207792207792, "tʃ": 0.002833530106257379, "w": 0.0007083825265643448, "ʝ": 0.0004722550177095632}