{"l": 0.02624642158668972, "d̪": 0.08440803832090928, "t̪": 0.08443638218871347, "p": 0.09248604064510643, "b": 0.09251438451291064, "k": 0.07913607890932797, "ɡ": 0.07913607890932797, "u": 0.013548368810407867, "m": 0.043564524815056266, "s": 0.050338709220260194, "e": 0.07278705252118704, "f": 0.024574133386241887, "a": 0.1060344094555143, "n": 0.01870695275077237, "θ": 0.014993906068422097, "o": 0.02990278053343159, "x": 0.014767155125988493, "i": 0.02715342535642414, "r": 0.03491964513477509, "ʎ": 0.009211757036365183, "tʃ": 0.0008503160341260168, "w": 0.00017006320682520337, "ʝ": 0.00011337547121680225}