{"l": 0.030381944444444444, "d̪": 0.07725694444444445, "t̪": 0.07725694444444445, "p": 0.10850694444444445, "b": 0.109375, "k": 0.06163194444444445, "ɡ": 0.06163194444444445, "u": 0.028645833333333332, "m": 0.0390625, "s": 0.0546875, "e": 0.058159722222222224, "f": 0.020833333333333332, "a": 0.10243055555555555, "n": 0.019965277777777776, "o": 0.03732638888888889, "x": 0.010416666666666666, "i": 0.034722222222222224, "r": 0.03211805555555555, "θ": 0.009548611111111112, "ʎ": 0.012152777777777778, "tʃ": 0.008680555555555556, "w": 0.001736111111111111, "ʝ": 0.003472222222222222}