{"l": 0.03247450348899624, "d̪": 0.06038647342995169, "p": 0.10789049919484701, "k": 0.10601180891035963, "u": 0.02147074610842727, "m": 0.0689747718733226, "s": 0.06414385399892646, "e": 0.07648953301127215, "f": 0.039989264626945784, "a": 0.09581320450885668, "t̪": 0.0499194847020934, "n": 0.028985507246376812, "b": 0.06870638754696726, "θ": 0.01825013419216318, "o": 0.030327428878153515, "ɡ": 0.017981749865807837, "x": 0.019592055823939882, "i": 0.0322061191626409, "r": 0.045625335480407946, "ʎ": 0.008856682769726247, "tʃ": 0.003757380568974772, "w": 0.0013419216317767043, "ʝ": 0.0008051529790660225}