{"a": 0.22769497218431825, "n": 0.13669045869633673, "b": 0.00010496483677967881, "p": 7.87236275847591e-05, "i": 0.0620604597459851, "s̻": 0.02645113886847906, "k": 0.10026766033378819, "ɡ": 0.10026766033378819, "l": 0.009814212238899968, "e": 0.05668101186102656, "o": 0.13375144326650573, "r": 0.014695077149155033, "u": 0.08334208040306497, "t̪": 0.018814946992757427, "d̪": 0.01839508764563871, "s̺": 0.002886533011441167, "ei": 0.0027815681746614883, "t̪s̻": 0.0034900808229243203, "t̪s̺": 0.0005510653930933138, "au": 0.00020992967355935762, "ai": 0.0006297890206780728, "oi": 0.00023617088275427732, "m": 7.87236275847591e-05, "ʃ": 2.6241209194919703e-05}