{"e": 0.0905951655494617, "t̪": 0.055047735120861266, "a": 0.15153361771277676, "d̪": 0.049969530773918344, "n": 0.050985171643306924, "b": 0.022750355474304287, "p": 0.02376599634369287, "i": 0.08450132033313021, "u": 0.054438350599228115, "ɾ": 0.023562868169815152, "s̻": 0.030062969733902094, "ɡ": 0.0517976843388178, "k": 0.05342270972983953, "o": 0.07332927076985578, "r": 0.03432866138533414, "au": 0.015234613040828763, "ai": 0.02396912451757059, "l": 0.02681291895185862, "ei": 0.005281332520820638, "s̺": 0.024172252691448303, "eu": 0.0034531789559211863, "t̪s̻": 0.011375177737152143, "m": 0.009750152346130409, "x": 0.009953280520008125, "t̪ʃ": 0.004468819825309771, "oi": 0.006093845216331505, "ɲ": 0.00020312817387771684, "ui": 0.0004062563477554337, "t̪s̺": 0.0042656916514320535, "ʃ": 0.0022344099126548854, "f": 0.001218769043266301, "j": 0.00020312817387771684, "ʎ": 0.0004062563477554337, "c": 0.0004062563477554337}