{"e": 0.09868209578913532, "b": 0.08925318761384335, "p": 0.08925318761384335, "i": 0.05453766205935926, "t̪": 0.0573234758384228, "d̪": 0.0573234758384228, "s̻": 0.04264438015643416, "ɡ": 0.07703846565948784, "k": 0.07703846565948784, "o": 0.045965927354548373, "eu": 0.005250187506696668, "a": 0.11486124504446588, "n": 0.019714989821065038, "u": 0.027965284474445518, "x": 0.02946533804778742, "l": 0.024750883960141433, "ai": 0.00932176149148184, "au": 0.013714775527697417, "s̺": 0.020250723240115717, "m": 0.02925104468016715, "t̪ʃ": 0.007714561234329798, "f": 0.0033215471981142184, "oi": 0.0024643737276331297, "ʃ": 0.0007500267866709525, "r": 0.0003214400514304082, "ei": 0.0016072002571520412, "c": 0.00021429336762027214}