{"e": 0.10385804682013552, "t̪": 0.07181857289403148, "a": 0.1752096684646128, "d̪": 0.06453486875728462, "n": 0.0558576644348603, "b": 0.020494380039488634, "p": 0.021056927607849194, "i": 0.07859855796629862, "l": 0.0247704769153274, "s̻": 0.020093610856800392, "k": 0.06730716200266934, "ɡ": 0.06527022505579516, "t̪s̻": 0.009978784970787972, "o": 0.05363688841335848, "r": 0.03494780808671322, "u": 0.05917779812263537, "ɾ": 0.029112755858032115, "m": 0.0069160259874915895, "s̺": 0.015302764572004251, "au": 0.0038164991892696808, "ai": 0.0068682278280884045, "t̪s̺": 0.0013162877743338592, "ei": 0.0014743893785136243, "f": 0.0006103457277637448, "ʃ": 0.00014339447820955448, "eu": 0.0012574592704530162, "t̪ʃ": 0.001775885460902944, "x": 0.004129025616136659, "oi": 0.0005441636608977965, "ɲ": 5.5151722388290185e-05, "ui": 2.9414251940421433e-05, "ʎ": 1.4707125970210717e-05, "j": 1.4707125970210717e-05, "c": 7.353562985105358e-06}