{"a": 0.227168073676132, "n": 0.08749040675364543, "b": 0.0030698388334612432, "p": 0.0023023791250959325, "t̪": 0.02072141212586339, "d̪": 0.01841903300076746, "i": 0.10130468150422103, "u": 0.09286262471220261, "e": 0.10590943975441289, "ɡ": 0.05755947812739831, "k": 0.05755947812739831, "o": 0.08902532617037605, "r": 0.04144282425172678, "au": 0.0023023791250959325, "l": 0.013046815042210284, "ei": 0.0061396776669224865, "s̻": 0.021488871834228703, "s̺": 0.021488871834228703, "t̪s̻": 0.01918649270913277, "ai": 0.005372217958557176, "m": 0.0023023791250959325, "t̪s̺": 0.0023023791250959325, "ʃ": 0.0007674597083653108, "oi": 0.0007674597083653108}