{"e": 0.08135072908672294, "b": 0.060629316960859554, "p": 0.0644666155026861, "i": 0.056024558710667687, "d̪": 0.07214121258633922, "t̪": 0.07214121258633922, "s̻": 0.043745203376822715, "ɡ": 0.06676899462778205, "k": 0.06600153491941672, "o": 0.0636991557943208, "eu": 0.007674597083653108, "a": 0.11435149654643131, "n": 0.03300076745970836, "u": 0.031465848042977744, "x": 0.03760552570990023, "l": 0.02762854950115119, "au": 0.02686108979278588, "s̺": 0.017651573292402148, "m": 0.02072141212586339, "ai": 0.015349194167306216, "t̪ʃ": 0.005372217958557176, "oi": 0.007674597083653108, "r": 0.0015349194167306216, "f": 0.0023023791250959325, "ei": 0.0015349194167306216, "ʃ": 0.0007674597083653108, "c": 0.0015349194167306216}