{"e": 0.1054896609635772, "b": 0.09168678492704944, "p": 0.09166054371785452, "i": 0.056838459116196074, "d̪": 0.05933137398971344, "t̪": 0.05933137398971344, "s̻": 0.03831216542458277, "ɡ": 0.07507609950666527, "k": 0.07478744620552115, "o": 0.04161855778314265, "eu": 0.007478744620552115, "a": 0.1082712291382387, "n": 0.019864595360554214, "u": 0.025217802036317835, "x": 0.029363913089115148, "l": 0.0247717014800042, "ai": 0.009840453448094888, "au": 0.017030544767502886, "s̺": 0.021701480004198595, "m": 0.029731290017844022, "t̪ʃ": 0.00789860396767083, "f": 0.003358874776949722, "oi": 0.0006822714390679123, "ʃ": 0.0001836884643644379, "r": 7.87236275847591e-05, "ei": 0.00028865330114411674, "j": 5.2482418389839406e-05, "c": 5.2482418389839406e-05}