{"e": 0.1234718826405868, "b": 0.11662591687041565, "i": 0.07579462102689487, "d̪": 0.05794621026894865, "s̻": 0.05256723716381418, "ɡ": 0.07726161369193155, "o": 0.05354523227383863, "eu": 0.00806845965770171, "a": 0.1139364303178484, "n": 0.02787286063569682, "u": 0.02762836185819071, "x": 0.04767726161369193, "l": 0.036919315403422984, "ai": 0.008801955990220049, "au": 0.02078239608801956, "p": 0.025183374083129585, "s̺": 0.027139364303178485, "m": 0.03276283618581907, "t̪": 0.014669926650366748, "k": 0.02982885085574572, "t̪ʃ": 0.006845965770171149, "f": 0.007579462102689487, "oi": 0.003667481662591687, "ʃ": 0.0007334963325183374, "r": 0.0007334963325183374, "ei": 0.001466992665036675, "j": 0.00024449877750611245, "c": 0.00024449877750611245}