{"i": 0.14468371467025573, "a": 0.3351278600269179, "ai": 0.06998654104979811, "o": 0.11843876177658143, "e": 0.15477792732166892, "ei": 0.011440107671601614, "eo": 0.002018842530282638, "oi": 0.014804845222072678, "u": 0.08411843876177658, "m": 0.0026917900403768506, "ui": 0.006729475100942127, "ao": 0.0026917900403768506, "ae": 0.007402422611036339, "ɽ": 0.0033647375504710633, "h": 0.0013458950201884253, "oe": 0.0006729475100942127, "k": 0.004710632570659489, "ɡ": 0.004710632570659489, "au": 0.004037685060565276, "t": 0.004710632570659489, "ou": 0.0006729475100942127, "b": 0.0033647375504710633, "p": 0.0033647375504710633, "n": 0.004037685060565276, "s": 0.004037685060565276, "eu": 0.004710632570659489, "iː": 0.0006729475100942127, "eː": 0.0006729475100942127}