{"i": 0.14572981005897925, "o": 0.11113175126549947, "a": 0.328426136627502, "e": 0.21998792550968282, "s": 0.001811173547578136, "oi": 0.033947893930246595, "n": 0.006083685505967585, "ai": 0.046858310500162544, "u": 0.06371615659685134, "ui": 0.001300329726466354, "ei": 0.009520271211628663, "b": 0.005479960990108206, "p": 0.005479960990108206, "ae": 0.006315887242836576, "eo": 0.002600659452932708, "t": 0.001950494589699531, "m": 0.003900989179399062, "ao": 0.0014860911159615474, "ŋ": 0.00018576138949519342, "au": 0.0016718525054567408, "ɽ": 0.0002322017368689918, "h": 9.288069474759671e-05, "oe": 4.6440347373798355e-05, "k": 0.0004179631263641852, "ɡ": 0.0004179631263641852, "ou": 4.6440347373798355e-05, "uː": 0.0005572841684855803, "eu": 0.0003250824316165885, "oː": 0.00018576138949519342, "iː": 4.6440347373798355e-05, "eː": 4.6440347373798355e-05}