{"a": 0.21766700884909754, "b": 0.059656691399093, "i": 0.06436711410268071, "p": 0.05996205673298075, "h": 0.024624140753927517, "o": 0.06637472874462362, "t": 0.05290616837974453, "k": 0.03922969970243123, "e": 0.0724040698052159, "ɡ": 0.03929467105006692, "n": 0.039047779929051285, "ʔ": 0.028308016164871292, "s": 0.02991930558623647, "m": 0.03613706355497226, "ɽ": 0.056427615421599076, "oi": 0.006425666281170004, "t̪": 0.005431604662343907, "ai": 0.014183245188871707, "u": 0.03436984289928142, "ui": 0.0010655301012253596, "dz": 0.016697636342373014, "ei": 0.0023519627844120743, "ŋ": 0.0020206089114700415, "ae": 0.001266941278896007, "ao": 0.00046129656821341787, "iː": 0.0023519627844120743, "eo": 0.0005067765115584027, "eː": 0.004723416973114856, "oː": 0.0074002364957053935, "au": 0.0032290759774939253, "aː": 0.005574541627142431, "ou": 0.0007926504411554505, "kx": 0.0022155229543771196, "uː": 0.0022155229543771196, "eu": 0.00025988539054277066, "oe": 3.248567381784633e-05, "iu": 9.745702145353899e-05}