{"a": 0.1797471338893637, "b": 0.05640859391117267, "i": 0.06598685567769887, "p": 0.05640859391117267, "h": 0.02413721965164599, "o": 0.07105596652029118, "k": 0.040405528867407385, "e": 0.0725295452536029, "ɡ": 0.040405528867407385, "n": 0.03748784297545018, "s": 0.0318587722141994, "m": 0.03996345524741387, "ɽ": 0.051339483068580355, "ai": 0.017624001650408182, "ʔ": 0.02917685891957207, "u": 0.039197194306091775, "t": 0.04924700126727771, "dz": 0.01800713212106923, "ŋ": 0.003241873213285786, "oi": 0.008517285078541747, "ae": 0.0023577259732987534, "ei": 0.0027408564439598006, "iː": 0.005658542335917008, "eo": 0.000501016769325985, "eː": 0.008222569331879401, "oː": 0.01193598773982494, "ui": 0.0022987828239662846, "t̪": 0.008517285078541747, "au": 0.0033008163626182547, "aː": 0.010315051133182046, "ao": 0.001060976687984439, "ou": 0.0011493914119831423, "kx": 0.00353658895994813, "uː": 0.004479679349267632, "eu": 0.0008252040906545637, "oe": 0.0001473578733311721, "iu": 0.00020630102266364092}