{"a": 0.04318952305763247, "ʔ": 0.07671945386151488, "o": 0.012771095527794547, "n": 0.05684298518552919, "h": 0.03812752519388845, "eː": 0.011238564064459201, "p": 0.1216737101193517, "b": 0.12046626108763293, "oː": 0.008684344958900293, "t": 0.05577485719593182, "ɡ": 0.0821529745042493, "k": 0.08029536060929736, "i": 0.015371754980727256, "dz": 0.06459852319695351, "s": 0.08340686388334184, "u": 0.006269446895462778, "e": 0.018158175823155157, "kx": 0.012771095527794547, "m": 0.036780755120048296, "ai": 0.002507778758185111, "oi": 0.00018576138949519342, "t̪": 0.019272744160126316, "ɽ": 0.02284865090790879, "iː": 0.0021826963265685227, "ao": 0.00013932104212139508, "ui": 0.0003250824316165885, "ŋ": 0.003297264663539683, "uː": 0.0014860911159615474, "aː": 0.0006037245158593786, "au": 0.0018576138949519343}