{"a": 0.16982758620689656, "b": 0.037848932676518884, "i": 0.0714696223316913, "ʔ": 0.03883415435139573, "u": 0.03940886699507389, "o": 0.0895320197044335, "h": 0.03493431855500821, "k": 0.03522167487684729, "e": 0.07926929392446634, "ː": 0.045525451559934316, "n": 0.04355500821018062, "ɽ": 0.047783251231527095, "t": 0.06063218390804598, "oi": 0.007019704433497537, "p": 0.02528735632183908, "m": 0.051929392446633825, "ei": 0.003694581280788177, "ai": 0.019499178981937603, "ɡ": 0.011945812807881774, "s": 0.034688013136289, "ŋ": 0.005665024630541872, "au": 0.004064039408866995, "dz": 0.019334975369458128, "ui": 0.002955665024630542, "kx": 0.004351395730706076, "t̪": 0.009195402298850575, "ae": 0.0020935960591133003, "eu": 0.0009441707717569787, "eo": 0.00090311986863711, "ao": 0.0011494252873563218, "ou": 0.0010673234811165845, "oe": 0.0001231527093596059, "iu": 0.0002463054187192118}