{"a": 0.023553162853297442, "ʔ": 0.06729475100942127, "o": 0.010767160161507403, "n": 0.07133243606998654, "h": 0.04104979811574697, "eː": 0.007402422611036339, "p": 0.11641991924629878, "b": 0.11372812920592194, "oː": 0.010094212651413189, "t": 0.05652759084791386, "ɡ": 0.08344549125168237, "k": 0.07806191117092867, "dz": 0.06527590847913863, "s": 0.07200538358008075, "e": 0.009421265141318977, "kx": 0.014131897711978465, "m": 0.05585464333781965, "ai": 0.002018842530282638, "oi": 0.0013458950201884253, "t̪": 0.034993270524899055, "i": 0.01547779273216689, "ɽ": 0.024226110363391656, "iː": 0.006729475100942127, "ao": 0.0006729475100942127, "ŋ": 0.006056527590847914, "u": 0.005383580080753701, "uː": 0.0033647375504710633, "aː": 0.0026917900403768506, "ui": 0.0006729475100942127}