{"a": 0.14176511466296038, "b": 0.06063238359972203, "i": 0.06097984711605282, "p": 0.06202223766504517, "ʔ": 0.02380125086865879, "u": 0.04742876997915219, "ai": 0.031966643502432245, "o": 0.06931897150799166, "h": 0.02171646977067408, "k": 0.04100069492703266, "e": 0.0635858234885337, "ɡ": 0.04030576789437109, "n": 0.038394718554551774, "ei": 0.003822098679638638, "iː": 0.011118832522585128, "ɽ": 0.04204308547602502, "eo": 0.0006949270326615705, "oi": 0.006254343293954135, "eː": 0.01059763724808895, "t": 0.03891591382904795, "oː": 0.017720639332870047, "m": 0.03717859624739402, "s": 0.03509381514940931, "au": 0.0064280750521195276, "aː": 0.018068102849200834, "dz": 0.02310632383599722, "ui": 0.002779708130646282, "ŋ": 0.005385684503127172, "kx": 0.006080611535788742, "ao": 0.0012161223071577485, "ae": 0.0020847810979847115, "t̪": 0.015462126476719944, "uː": 0.005385684503127172, "oe": 0.0008686587908269632, "ou": 0.00330090340514246, "eu": 0.00330090340514246, "iu": 0.00017373175816539263}