{"a": 0.04735034347399411, "ʔ": 0.10402355250245339, "o": 0.04317958783120707, "h": 0.04735034347399411, "n": 0.09470068694798822, "e": 0.04244357212953876, "p": 0.058390578999018644, "t": 0.06673209028459273, "b": 0.08047105004906771, "ɡ": 0.03802747791952895, "i": 0.030667320902845928, "dz": 0.0640333660451423, "s": 0.08684985279685967, "u": 0.011776251226692836, "kx": 0.017909715407262022, "m": 0.06722276741903828, "k": 0.04342492639842983, "ai": 0.005397448478900883, "oi": 0.0017173699705593719, "t̪": 0.02551521099116781, "ɽ": 0.01815505397448479, "ao": 0.0007360157016683023, "ui": 0.0007360157016683023, "ŋ": 0.002944062806673209, "au": 0.0002453385672227674}