{"i": 0.13669521091024422, "o": 0.12432603869330797, "e": 0.2055185537583254, "s": 0.002378686964795433, "a": 0.3233428480811925, "ai": 0.05058674278464954, "u": 0.06596891849032667, "oi": 0.0364732001268633, "ae": 0.007611798287345386, "ei": 0.0074532191563590235, "eo": 0.0020615287028227084, "t": 0.003805899143672693, "n": 0.00507453219156359, "b": 0.0036473200126863306, "p": 0.0036473200126863306, "m": 0.004757373929590866, "ao": 0.002378686964795433, "ui": 0.0036473200126863306, "ŋ": 0.0006343165239454488, "ɽ": 0.0009514747859181732, "h": 0.0003171582619727244, "oe": 0.0001585791309863622, "k": 0.0017443704408499842, "ɡ": 0.0017443704408499842, "au": 0.0009514747859181732, "ou": 0.0001585791309863622, "uː": 0.0019029495718363464, "eu": 0.0011100539169045353, "oː": 0.0006343165239454488, "iː": 0.0001585791309863622, "eː": 0.0001585791309863622}