{"i": 0.1557899901864573, "a": 0.3420019627085378, "o": 0.14425907752698724, "e": 0.17492639842983318, "ː": 0.014965652600588812, "oi": 0.023061825318940136, "ei": 0.009077526987242394, "ai": 0.04906771344455348, "u": 0.055201177625122666, "ui": 0.003925417075564278, "ae": 0.006378802747791953, "eo": 0.0026987242394504417, "ao": 0.0012266928361138372, "ŋ": 0.0009813542688910696, "t": 0.0024533856722276743, "ou": 0.0004906771344455348, "ɽ": 0.0007360157016683023, "oe": 0.0002453385672227674, "k": 0.0017173699705593719, "m": 0.0031894013738959764, "n": 0.0017173699705593719, "au": 0.0012266928361138372, "p": 0.0014720314033366045, "s": 0.0017173699705593719, "b": 0.0002453385672227674, "h": 0.0004906771344455348, "eu": 0.0007360157016683023}