{"i": 0.10904255319148937, "e": 0.18351063829787234, "a": 0.26728723404255317, "ɯ̃": 0.0026595744680851063, "u": 0.08244680851063829, "ã": 0.041223404255319146, "ɯ": 0.09441489361702128, "o": 0.12101063829787234, "ɾ": 0.006648936170212766, "ẽ": 0.02526595744680851, "ɰ": 0.0013297872340425532, "õ": 0.017287234042553192, "s": 0.010638297872340425, "p": 0.0013297872340425532, "t": 0.0013297872340425532, "ĩ": 0.013297872340425532, "ⁿd": 0.007978723404255319, "ũ": 0.006648936170212766, "l": 0.006648936170212766}