{"a": 0.1556338028169014, "ʋ": 0.029577464788732393, "e": 0.1056338028169014, "i": 0.05845070422535211, "u": 0.058098591549295774, "ᵐb": 0.03873239436619718, "p": 0.053873239436619716, "t": 0.043309859154929575, "ɯ̃": 0.0014084507042253522, "ʔ": 0.022183098591549297, "x": 0.03204225352112676, "ã": 0.015140845070422536, "ɾ": 0.05704225352112676, "dʒ": 0.03556338028169014, "ⁿd": 0.028169014084507043, "ɯ": 0.04612676056338028, "k": 0.04014084507042254, "o": 0.08838028169014084, "ʃ": 0.009859154929577466, "ẽ": 0.007042253521126761, "ɰ": 0.010211267605633803, "õ": 0.004577464788732394, "s": 0.029225352112676056, "ĩ": 0.005633802816901409, "ᵑɡ": 0.0035211267605633804, "ũ": 0.0028169014084507044, "l": 0.013028169014084507, "ᵑɡʷ": 0.0024647887323943664, "r": 0.002112676056338028}