{"a": 0.09308510638297872, "u": 0.014627659574468085, "p": 0.10505319148936171, "ᵐb": 0.06914893617021277, "x": 0.08244680851063829, "ɾ": 0.09175531914893617, "dʒ": 0.0797872340425532, "k": 0.07446808510638298, "ⁿd": 0.041223404255319146, "o": 0.06382978723404255, "t": 0.07712765957446809, "ʃ": 0.0199468085106383, "ɰ": 0.014627659574468085, "ʋ": 0.030585106382978722, "ɯ": 0.022606382978723406, "s": 0.03856382978723404, "i": 0.027925531914893616, "e": 0.022606382978723406, "ã": 0.005319148936170213, "l": 0.018617021276595744, "ɯ̃": 0.0013297872340425532, "r": 0.0026595744680851063, "ᵑɡ": 0.0013297872340425532, "ᵑɡʷ": 0.0013297872340425532}