{"i": 0.1389262565733154, "e": 0.22526598997187233, "a": 0.28201051730463494, "o": 0.10077045371163018, "ĩ": 0.013452366393542864, "ɯ̃": 0.006237006237006237, "õ": 0.013696954873425461, "u": 0.05833435245199951, "ã": 0.03558762382291794, "ɯ": 0.0703191879662468, "ẽ": 0.01858872447107741, "s": 0.010884187354775591, "ᵐb": 0.0004891769597651951, "ⁿd": 0.005625535037299743, "ɾ": 0.00794912559618442, "l": 0.006603888956830133, "ɰ": 0.00012229423994129877, "p": 0.00012229423994129877, "t": 0.0004891769597651951, "ũ": 0.004524886877828055}