{"a": 0.10111599594183295, "u": 0.011159959418329387, "p": 0.08623605005072708, "ᵐb": 0.07203246533648969, "x": 0.08386878593168752, "ɾ": 0.07778153533987149, "dʒ": 0.10754142712208319, "k": 0.06256340886033142, "ⁿd": 0.029759891782211702, "o": 0.11464321947920189, "t": 0.06459249239093676, "ʃ": 0.014203584714237404, "i": 0.044978018261751775, "ɰ": 0.019614474129184985, "ʋ": 0.022319918836658775, "ɯ": 0.025025363544132567, "e": 0.019952654717619207, "s": 0.026378085897869462, "l": 0.011159959418329387, "ã": 0.0023672641190395673, "ɯ̃": 0.0013527223537368955, "r": 0.0006763611768684477, "ᵑɡ": 0.00033818058843422386, "ᵑɡʷ": 0.00033818058843422386}