{"a": 0.10395010395010396, "u": 0.01284089519383637, "p": 0.08181484652072887, "ᵐb": 0.06249235661000367, "x": 0.07765684236272472, "ɾ": 0.07667848844319433, "dʒ": 0.12094900330194448, "k": 0.048183930536871714, "ⁿd": 0.040479393420569894, "o": 0.13317842729607435, "t": 0.05698911581264522, "ʃ": 0.01198483551424728, "i": 0.06041335453100159, "ɰ": 0.016509722392075335, "ʋ": 0.016998899351840527, "ɯ": 0.02678243854714443, "e": 0.019200195670783907, "s": 0.0198116668704904, "l": 0.008316008316008316, "ã": 0.0029350617585911704, "ɯ̃": 0.0012229423994129876, "r": 0.0003668827198238963, "ᵑɡ": 0.00012229423994129877, "ᵑɡʷ": 0.00012229423994129877}