{"a": 0.17549156920166614, "ʋ": 0.03139494697782709, "e": 0.11881332193462721, "i": 0.058751841679247685, "o": 0.07985157429470506, "ⁿd": 0.02271859141095367, "t": 0.03965294577732506, "u": 0.06160758135220183, "ɾ": 0.06497262491587391, "ᵐb": 0.03606962911763101, "p": 0.060425268748749476, "ʃ": 0.006111646688615239, "ɰ": 0.02612001382396275, "ĩ": 0.003237717590992597, "x": 0.03401422413009077, "ɯ̃": 0.0016370482201647962, "ʔ": 0.02577441475526129, "õ": 0.0025647088782581808, "ã": 0.010167888389690235, "ɯ": 0.03947105153064009, "k": 0.03232260763592048, "ẽ": 0.005584153373228805, "s": 0.014024046419411754, "dʒ": 0.04138094112083235, "ᵑɡʷ": 0.000691198137402914, "ᵑɡ": 0.0012914491514633391, "l": 0.004565545591792931, "ũ": 0.0008912818087563891, "r": 0.00040016734270695016}