{"i": 0.13561041596212378, "e": 0.2137301318904295, "a": 0.26378085897869463, "o": 0.11058505241799121, "ĩ": 0.014203584714237404, "ɯ̃": 0.005410889414947582, "u": 0.07169428474805546, "ã": 0.03347987825498817, "ɯ": 0.07879607710517417, "õ": 0.012850862360500507, "ɾ": 0.00879269529928982, "s": 0.01217450118363206, "ⁿd": 0.007101792357118702, "ẽ": 0.01657084883327697, "ɰ": 0.00033818058843422386, "p": 0.00033818058843422386, "t": 0.0006763611768684477, "l": 0.0057490700033818055, "ũ": 0.007778153533987149, "ᵐb": 0.00033818058843422386}