{"a": 0.08761804826862539, "u": 0.019674711437565582, "p": 0.08210912906610703, "ᵐb": 0.07922350472193075, "x": 0.0813221406086044, "ɾ": 0.06348373557187828, "dʒ": 0.08892969569779643, "k": 0.059548793284365166, "ⁿd": 0.0236096537250787, "o": 0.16002098635886675, "t": 0.07214060860440713, "ʃ": 0.011542497376705142, "i": 0.0540398740818468, "ɰ": 0.02124868835257083, "ʋ": 0.018625393494228752, "ɯ": 0.02728226652675761, "e": 0.014428121720881428, "s": 0.020461699895068207, "l": 0.011017838405036727, "ã": 0.0018363064008394543, "ɯ̃": 0.0005246589716684155, "r": 0.0007869884575026233, "ᵑɡ": 0.00026232948583420777, "ᵑɡʷ": 0.00026232948583420777}