{"a": 0.154320709686135, "ʋ": 0.033322826135903094, "e": 0.11816094024406719, "i": 0.06407889404241905, "u": 0.06079164227495835, "ᵐb": 0.040933039131805286, "p": 0.055748187508443285, "t": 0.04449047597604359, "ĩ": 0.00441302292070068, "ʔ": 0.026658260908722475, "x": 0.033277795289773496, "ɾ": 0.054487323816814516, "dʒ": 0.038681496825325346, "ⁿd": 0.023776286756428153, "k": 0.03417841221236547, "o": 0.088215427567884, "ɯ": 0.04264421128473004, "ã": 0.012068266762732472, "ʃ": 0.007745305534290989, "ɰ": 0.018462646913135497, "ẽ": 0.006169225919755032, "s": 0.017787184221191518, "l": 0.007835367226550188, "õ": 0.0035124059981087043, "ᵑɡ": 0.002161480614220741, "ũ": 0.0014860179222767596, "ᵑɡʷ": 0.0016211104606655559, "r": 0.001035709460980772, "ɯ̃": 0.0019363263835727473}