{"ɔ": 0.005306495882891125, "ɾ": 0.032570905763952426, "ɐ": 0.17145471180237878, "e": 0.053156450137236966, "k": 0.027904849039341262, "ɡ": 0.027630375114364135, "p": 0.025800548947849954, "b": 0.02534309240622141, "ɑ": 0.0989935956084172, "i": 0.0535224153705398, "l": 0.026532479414455627, "ɪ": 0.0272644098810613, "s": 0.022506861848124428, "z": 0.014089661482159194, "j": 0.01079597438243367, "h": 0.014272644098810613, "ɑ̃": 0.004666056724611162, "ĩ": 0.001646843549862763, "n": 0.023604757548032936, "ẽ": 0.004391582799634035, "o": 0.021774931381518755, "ũ": 0.001646843549862763, "dʒ": 0.02040256175663312, "t̪": 0.030375114364135408, "d̪": 0.030466605672461115, "tʃ": 0.022049405306495882, "u": 0.01152790484903934, "ʊ": 0.018664226898444648, "tʃʰ": 0.003202195791399817, "õ": 0.01253430924062214, "t̪ʰ": 0.006038426349496798, "d̪ʱ": 0.007593778591033852, "bʱ": 0.00777676120768527, "pʰ": 0.00786825251601098, "ʋ": 0.010064043915827997, "m": 0.015919487648673375, "ɐ̃": 0.010978956999085087, "ɛ": 0.007502287282708142, "ʃ": 0.008417200365965233, "dʒʱ": 0.0010064043915827996, "kʰ": 0.012259835315645014, "ɽ": 0.006129917657822507, "ɡʱ": 0.008234217749313814, "d̪ʱː": 0.0010978956999085087, "ɪ̃": 0.002836230558096981, "tʃʰː": 0.00036596523330283625, "tʃː": 0.0013723696248856359, "lː": 0.0002744739249771272, "ʈ": 0.013357731015553523, "ɖ": 0.012168344007319304, "ʈʰ": 0.003385178408051235, "ɖʱ": 0.0018298261665141812, "nː": 0.0005489478499542544, "sː": 0.0002744739249771272, "ɽʱ": 0.0018298261665141812, "ʈː": 0.0007319304666056725, "t̪ʰː": 0.00018298261665141812, "t̪ː": 0.0019213174748398901, "d̪ː": 0.001646843549862763, "ʊ̃": 9.149130832570906e-05, "f": 0.0006404391582799634, "kː": 0.00036596523330283625, "ɖː": 0.0004574565416285453, "ɔ̃": 0.00018298261665141812, "ʈʰː": 0.00036596523330283625, "mː": 0.00018298261665141812}