{"ɔ": 0.001392757660167131, "ɾ": 0.0709056495964574, "ɐ": 0.270663702592672, "t̪": 0.03971591314906078, "d̪": 0.03852849796443111, "j": 0.01390525676737376, "ɑ": 0.08615009642168417, "e": 0.026163309763588317, "s": 0.02326173130490679, "k": 0.037233947575173204, "ɡ": 0.03425648167988001, "l": 0.02301621312763374, "i": 0.02945771730590672, "n": 0.04318887936575959, "m": 0.019574494678951504, "ɪ": 0.0325155346046711, "ʃ": 0.010151060638525819, "õ": 0.010441218484393971, "ɽ": 0.0019864652524819656, "p": 0.022694807513749016, "b": 0.022650167845153918, "ʊ": 0.011347403756874508, "z": 0.013731162059852867, "nː": 0.000254446110992072, "ʋ": 0.015909577887293764, "tʃ": 0.013057103064066853, "dʒ": 0.012927648025141061, "ʈʰ": 0.0007276265981001357, "bʱ": 0.005191593457610171, "pʰ": 0.0049326833797585885, "t̪ʰ": 0.0036158131562031284, "d̪ʱ": 0.003191736304549675, "ɐ̃": 0.007910149275051782, "ɖ": 0.004222912649096493, "ʈ": 0.004879115777444468, "o": 0.008316370259267195, "ẽ": 0.0010847439468609386, "h": 0.011659881437040212, "ɑ̃": 0.0009820727090922078, "ĩ": 0.00011159917148775088, "u": 0.004928219412899079, "ũ": 0.00014284693950432112, "tʃʰ": 0.0002812299121491322, "ʊ̃": 0.00024998214413256194, "kʰ": 0.004209520748517963, "d̪ʱː": 0.00032140561388472255, "dʒʱ": 0.0004553246196700236, "tʃʰː": 3.124776801657024e-05, "ɡʱ": 0.0030310334976073137, "f": 0.0003972930504963931, "ɛ": 0.0018525462466966645, "tʃː": 0.0001651667738018713, "ɖʱ": 0.00019641454181844155, "t̪ː": 0.00021873437611599173, "d̪ː": 0.00012052710520677094, "ɽʱ": 0.0003303335476037426, "ɪ̃": 0.0007990500678522963, "lː": 4.017570173559032e-05, "t̪ʰː": 0.00010713520462824084, "sː": 1.3391900578530104e-05, "ɾː": 1.3391900578530104e-05, "mː": 3.571173487608028e-05, "ʈː": 4.463966859510035e-05, "pː": 8.92793371902007e-06, "kː": 2.678380115706021e-05, "ʈʰː": 2.678380115706021e-05, "ɔ̃": 1.3391900578530104e-05, "ɖː": 3.124776801657024e-05}