{"ɔ": 0.0003595828838547285, "e": 0.006112909025530385, "p": 0.08342322905429701, "b": 0.08270406328658755, "l": 0.030924128011506652, "ɪ": 0.006112909025530385, "k": 0.061129090255303845, "ɡ": 0.05969075871988493, "j": 0.010427903631787127, "n": 0.020496224379719527, "dʒ": 0.05177993527508091, "tʃ": 0.05573534699748292, "ɾ": 0.040632865875584324, "s": 0.05034160373966199, "z": 0.035239122617763394, "bʱ": 0.02409205321826681, "pʰ": 0.02409205321826681, "h": 0.027328299172959366, "ɐ": 0.014742898238043868, "d̪": 0.04782452355267889, "t̪": 0.04782452355267889, "ɑ": 0.020136641495864797, "ʋ": 0.020136641495864797, "ʊ": 0.007551240560949299, "m": 0.034879539733908664, "ʃ": 0.01438331535418914, "i": 0.0017979144192736426, "o": 0.001438331535418914, "ɛ": 0.0010787486515641855, "ɡʱ": 0.025889967637540454, "kʰ": 0.02660913340524991, "d̪ʱ": 0.007551240560949299, "t̪ʰ": 0.006472491909385114, "ɐ̃": 0.003236245954692557, "tʃʰ": 0.008989572096368213, "ʈʰ": 0.005034160373966199, "ɖʱ": 0.004674577490111471, "ʈ": 0.010427903631787127, "ɖ": 0.008629989212513484, "u": 0.001438331535418914, "ẽ": 0.000719165767709457, "ɪ̃": 0.000719165767709457, "dʒʱ": 0.0010787486515641855, "ũ": 0.002876663070837828, "ɑ̃": 0.0017979144192736426, "f": 0.0010787486515641855, "ĩ": 0.0003595828838547285}