{"ɔ": 0.0021991636983119097, "e": 0.006690413504723556, "p": 0.07659903980176552, "b": 0.07653709152857364, "l": 0.022363326622270405, "ɪ": 0.009571008208146197, "k": 0.05535078209694905, "ɡ": 0.053027721852253365, "j": 0.00895152547622735, "n": 0.03255381756233545, "dʒ": 0.0378503949202416, "tʃ": 0.038036239739817256, "ɾ": 0.030323679727427597, "s": 0.09474988384698776, "z": 0.05541273037014093, "bʱ": 0.022611119715037944, "pʰ": 0.021619947343967785, "h": 0.013411801146043054, "ɐ": 0.04934179959733622, "d̪": 0.03088121418615456, "t̪": 0.03088121418615456, "ɑ": 0.035341489855970264, "ʋ": 0.032058231376800375, "ʊ": 0.024221774818026946, "m": 0.041938980950905994, "ʃ": 0.01787207681585876, "i": 0.0007433792783026173, "o": 0.0013009137370295803, "ɛ": 0.00018584481957565434, "ɡʱ": 0.016973826854576428, "kʰ": 0.017159671674152083, "d̪ʱ": 0.004491249806411646, "t̪ʰ": 0.004367353260027877, "u": 0.0026637757472510455, "ɐ̃": 0.004986835991946725, "f": 0.0008672758246863868, "tʃʰ": 0.00142481028341335, "ʈʰ": 0.0004955861855350782, "ɖʱ": 0.00046461204893913583, "ʈ": 0.00907542202261112, "ɖ": 0.008734706520055754, "ẽ": 0.00012389654638376955, "ɑ̃": 0.0010840947808579836, "ɪ̃": 0.0025089050642713336, "dʒʱ": 0.0016416292395849466, "ũ": 0.0002477930927675391, "ĩ": 6.194827319188477e-05}