{"ɔ": 0.0029352526971537416, "ɾ": 0.05200705709691018, "ɐ": 0.22734156661306187, "t̪": 0.03511374104201471, "d̪": 0.03511374104201471, "e": 0.03489515839435432, "k": 0.031991131789723494, "ɡ": 0.031991131789723494, "l": 0.023325891114615374, "m": 0.01797061624693594, "ɑ": 0.08276475823197864, "i": 0.03392714952614405, "ɽ": 0.0031694483910755826, "p": 0.02373183031741323, "b": 0.02373183031741323, "n": 0.03462973660790957, "õ": 0.013505285016159503, "s": 0.024293899982825648, "z": 0.024293899982825648, "ɪ": 0.03687801526955924, "dʒ": 0.015550594076410249, "tʃ": 0.015550594076410249, "ʃ": 0.012412371777857577, "ɐ̃": 0.011912754297490984, "ʊ": 0.015847241955377914, "j": 0.014098580774094833, "ʋ": 0.015097815734828022, "t̪ʰ": 0.005370887913940889, "d̪ʱ": 0.005370887913940889, "bʱ": 0.005995409764399132, "pʰ": 0.005995409764399132, "ɖ": 0.008555949351277927, "ʈ": 0.008555949351277927, "o": 0.011694171649830599, "ẽ": 0.0026698309107089885, "h": 0.01236553263907321, "ɑ̃": 0.0022951178004340426, "ĩ": 0.0004996174803665943, "u": 0.006557479429811551, "ũ": 0.0005620696654124186, "tʃʰ": 0.000843104498118628, "ʊ̃": 0.000640134896719699, "dʒʱ": 0.00046839138784368216, "kʰ": 0.006635544661118831, "ɡʱ": 0.006635544661118831, "f": 0.0004996174803665943, "ɛ": 0.0039969398429327545, "d̪ʱː": 0.0006869740355040672, "t̪ʰː": 0.0006869740355040672, "nː": 0.00043716529532077006, "t̪ː": 0.000655747942981155, "d̪ː": 0.000655747942981155, "ɪ̃": 0.001717435088760168, "tʃʰː": 9.367827756873643e-05, "tʃː": 0.0002966478789676654, "lː": 9.367827756873643e-05, "ʈʰ": 0.0013739480710081343, "ɖʱ": 0.0013739480710081343, "ɽʱ": 0.0007806523130728036, "sː": 4.683913878436822e-05, "mː": 0.00012490437009164858, "ʈː": 0.0001717435088760168, "ɖː": 0.0001717435088760168, "pː": 3.1226092522912145e-05, "kː": 9.367827756873643e-05, "ʈʰː": 9.367827756873643e-05, "ɔ̃": 0.00012490437009164858}