{"ɐ": 0.44358061019049094, "ɑ": 0.16964534613597645, "e": 0.12092302927055908, "i": 0.1332817097723401, "õ": 0.07207681585875794, "ʊ": 0.007464766919622116, "t̪": 0.0013938361468174075, "d̪": 0.0013938361468174075, "o": 0.006256775592380363, "ẽ": 0.005823137680037169, "ɪ": 0.030013938361468175, "ɑ̃": 0.001115068917453926, "ĩ": 0.0006194827319188478, "n": 0.001269939600433638, "ũ": 0.0002477930927675391, "u": 0.004708068762583243, "ʈ": 6.194827319188477e-05, "ɖ": 6.194827319188477e-05, "ɐ̃": 6.194827319188477e-05}