{"ɐ": 0.4343761236965121, "ɑ": 0.1805106076950737, "i": 0.14311398777418194, "e": 0.11542610571736785, "ɑ̃": 0.002157497303128371, "ĩ": 0.005034160373966199, "ẽ": 0.01222581805106077, "o": 0.00719165767709457, "ũ": 0.002157497303128371, "ɪ": 0.02876663070837828, "u": 0.010787486515641856, "õ": 0.04782452355267889, "ʊ": 0.009349154980222941, "ɐ̃": 0.0003595828838547285, "n": 0.000719165767709457}