{"ɔ": 0.002927522897411233, "ɾ": 0.06093429802183096, "ɐ": 0.2157166157835306, "e": 0.032286395382878176, "k": 0.03697043201873615, "p": 0.024674835849608966, "l": 0.027309606457279076, "ɪ": 0.04424741750658693, "s": 0.03738864957550918, "j": 0.022249174020325373, "ɑ": 0.0840199071557024, "h": 0.016226841202793694, "n": 0.04566935719961524, "ĩ": 0.0007109698465141566, "ɡ": 0.014972188532474593, "dʒ": 0.014846723265442683, "t̪": 0.037221362552799966, "ʊ": 0.018736146543431892, "tʃʰ": 0.0015474049600602234, "u": 0.0075279160219146, "ɐ̃": 0.010079043118230104, "ʋ": 0.02208188699761616, "t̪ʰ": 0.004223997323407637, "bʱ": 0.00690058968675505, "o": 0.01279745723725482, "d̪": 0.018777968299109198, "b": 0.015348584333570323, "tʃ": 0.010999121743130776, "i": 0.03170089080339593, "m": 0.02785328928108402, "ʃ": 0.01794153318556313, "d̪ʱ": 0.006733302664045837, "ɛ": 0.0043076408347622434, "õ": 0.012546526703191, "pʰ": 0.002927522897411233, "ɑ̃": 0.00313663167579775, "ẽ": 0.003094809920120447, "ɖ": 0.004223997323407637, "ũ": 0.0007946133578687634, "dʒʱ": 0.00100372213625528, "kʰ": 0.00790431182301033, "ɽ": 0.003596670988248087, "ː": 0.004725858391535277, "ɡʱ": 0.0017983354941240434, "ɽʱ": 0.0012964744259964032, "ɪ̃": 0.0016728702270921334, "f": 0.0007109698465141566, "ʈ": 0.009702647317134373, "ʈʰ": 0.00213290953954247, "ʊ̃": 0.00087825686922337, "z": 0.0015474049600602234, "ɖʱ": 0.00025093053406382, "ɔ̃": 0.00012546526703191}