{"t": 0.05806625855239467, "d": 0.05806625855239467, "w": 0.08507382066978754, "h": 0.026737486496218942, "a": 0.01197335253871084, "k": 0.03610010803024847, "ɡ": 0.03610010803024847, "j": 0.01647461289160965, "s": 0.1192833993518185, "z": 0.1192833993518185, "b": 0.08309326611451207, "p": 0.08309326611451207, "mʲ": 0.0028808066258552397, "nʲ": 0.008912495498739646, "l": 0.022866402592725963, "tʃ": 0.026827511703276918, "dʒ": 0.026827511703276918, "ʀ": 0.029978393950306086, "wʲ": 0.008732445084623695, "n": 0.030608570399711918, "bʲ": 0.003330932661145121, "pʲ": 0.003330932661145121, "ʒ": 0.018095066618653222, "ʃ": 0.018095066618653222, "m": 0.030878646020885848, "ts": 0.004861361181130717, "x": 0.005851638458768455, "e": 0.0032409074540871445, "i": 0.0032409074540871445, "u": 0.001530428519985596, "v": 0.0060316888728844074, "f": 0.0060316888728844074, "ʀʲ": 0.002340655383507382, "o": 0.0021606049693914295}