{"t": 0.04967570754716981, "e": 0.07090212264150944, "ʒ": 0.018278301886792452, "ʃ": 0.02358490566037736, "d": 0.04672759433962264, "w": 0.044516509433962265, "o": 0.06087853773584906, "ɨ": 0.031692216981132074, "u": 0.053950471698113206, "a": 0.10495283018867925, "h": 0.013266509433962265, "tʃ": 0.02727004716981132, "dʒ": 0.02727004716981132, "b": 0.02830188679245283, "p": 0.030512971698113206, "k": 0.0216686320754717, "ɡ": 0.012529481132075472, "j": 0.0173938679245283, "s": 0.036556603773584904, "z": 0.03758844339622641, "m": 0.026975235849056603, "l": 0.024764150943396228, "i": 0.041420990566037735, "n": 0.024616745283018868, "mʲ": 0.003979952830188679, "nʲ": 0.008402122641509434, "ɪ": 0.029628537735849055, "ʊ": 0.013856132075471699, "ʀ": 0.03242924528301887, "wʲ": 0.002063679245283019, "x": 0.009876179245283018, "bʲ": 0.0036851415094339623, "pʲ": 0.002800707547169811, "ts": 0.0076650943396226415, "ʀʲ": 0.00486438679245283, "f": 0.003242924528301887, "v": 0.0022110849056603773}