{"t": 0.03668916935720575, "e": 0.08168057360895635, "ʒ": 0.011447020839448195, "w": 0.06285378841880163, "o": 0.07425887877898445, "h": 0.015598138286720617, "a": 0.09727871189567697, "tʃ": 0.0251582875592268, "b": 0.019581533816931528, "k": 0.04176275734831649, "j": 0.027170950563964947, "s": 0.04444630802130068, "l": 0.02587110570673823, "p": 0.025074426600696045, "ʃ": 0.0202104910059122, "i": 0.04968761792947293, "n": 0.04620738815044656, "ɨ": 0.02771604679441486, "m": 0.0310704851356451, "ʀ": 0.04163696591052036, "mʲ": 0.00335443834123024, "z": 0.017275357457335737, "nʲ": 0.01551427732818986, "ɪ": 0.022642458803304122, "dʒ": 0.01111157700532517, "d": 0.029644848840622247, "ʊ": 0.010901924608998281, "u": 0.039708163864312966, "wʲ": 0.0054509623044991405, "x": 0.01283072665520567, "bʲ": 0.001719149649880498, "ts": 0.012285630424755755, "ʀʲ": 0.005828336617887542, "pʲ": 0.0012159838986959622, "ɡ": 0.0018449410876766321, "v": 0.000293513354857646, "f": 0.0029770640278418384}