{"t": 0.051610549432045405, "e": 0.06770551957847175, "ʒ": 0.012383444772642761, "ʃ": 0.019357464095026276, "d": 0.04218790561920732, "dʒ": 0.02170084684520343, "o": 0.09050789663857882, "w": 0.06456229960218622, "ɨ": 0.021553508408815047, "x": 0.009149015288116805, "tʃ": 0.02246560349121933, "m": 0.017743757410772543, "i": 0.04987055265945878, "u": 0.03388784036932835, "a": 0.11075640746795389, "ɪ": 0.016635211079850415, "j": 0.01979947940419143, "k": 0.02941155834952887, "ʀ": 0.03876404100218201, "wʲ": 0.0033747518048958458, "n": 0.03576114334626637, "s": 0.041493310133376364, "z": 0.04570999586049155, "h": 0.008405306990156389, "l": 0.01617214742262978, "nʲ": 0.012109816247921476, "b": 0.032316230381185584, "p": 0.03129187744248539, "ɡ": 0.01211683236393997, "ʀʲ": 0.003346687340821868, "mʲ": 0.0014663682478653467, "ts": 0.004756926660539259, "ʊ": 0.007437082979604151, "bʲ": 0.001150643027033095, "pʲ": 0.0008699983862933158, "v": 0.0007998372261083709, "f": 0.001368142623606424}