{"ʒ": 0.017212659633536923, "ʃ": 0.01943364797334814, "t": 0.03553581343697946, "d": 0.031093836757357024, "ɨ": 0.06662965019433648, "u": 0.08606329816768463, "a": 0.1676846196557468, "e": 0.13492504164353136, "tʃ": 0.029983342587451417, "dʒ": 0.029983342587451417, "o": 0.05885619100499723, "k": 0.025541365907828985, "j": 0.023320377568017768, "m": 0.019988895058300944, "i": 0.06218767351471405, "n": 0.01665741254858412, "z": 0.02387562465297057, "s": 0.02498611882287618, "b": 0.008883953359244865, "x": 0.015546918378678512, "nʲ": 0.001110494169905608, "ts": 0.007218212104386452, "l": 0.010549694614103275, "ɡ": 0.01110494169905608, "ɪ": 0.009994447529150472, "w": 0.023320377568017768, "p": 0.00832870627429206, "h": 0.006662965019433648, "ʀ": 0.018878400888395337, "ʊ": 0.001110494169905608, "f": 0.00277623542476402, "v": 0.000555247084952804}