{"ʒ": 0.013593806265754411, "ʃ": 0.013593806265754411, "t": 0.024486856319769535, "d": 0.024486856319769535, "ɪ": 0.0034209578682030967, "x": 0.029078141879726325, "ɨ": 0.062477493698235506, "m": 0.031418797263233704, "i": 0.07598127475693194, "a": 0.1651962549513864, "u": 0.07526107310046813, "w": 0.04123154483255311, "o": 0.05050414115952467, "e": 0.14404033129276198, "l": 0.009452646741087504, "tʃ": 0.04303204897371264, "dʒ": 0.04303204897371264, "b": 0.004771335974072741, "p": 0.004771335974072741, "k": 0.023586604249189774, "ɡ": 0.023586604249189774, "j": 0.027817788980914655, "ʀ": 0.013323730644580483, "ts": 0.004681310767014764, "n": 0.011523226503420959, "s": 0.013413755851638459, "z": 0.013413755851638459, "nʲ": 0.003781058696435002, "h": 0.0025207057976233344, "ʊ": 0.0007202016564638099, "v": 0.0009002520705797623, "f": 0.0009002520705797623}