{"t": 0.07051637978900611, "d": 0.07162687395891172, "w": 0.08606329816768463, "h": 0.031093836757357024, "a": 0.013325930038867296, "k": 0.03498056635202665, "ɡ": 0.029983342587451417, "j": 0.023320377568017768, "s": 0.0694058856191005, "z": 0.07662409772348695, "p": 0.07440310938367574, "b": 0.07329261521377013, "mʲ": 0.004997223764575236, "nʲ": 0.01110494169905608, "l": 0.031093836757357024, "dʒ": 0.031093836757357024, "tʃ": 0.03164908384230983, "ʀ": 0.039422543031649084, "wʲ": 0.007218212104386452, "bʲ": 0.007218212104386452, "pʲ": 0.007218212104386452, "ʃ": 0.020544142143253747, "ʒ": 0.01943364797334814, "n": 0.034425319267073845, "m": 0.046640755136035536, "ts": 0.01110494169905608, "x": 0.010549694614103275, "e": 0.001110494169905608, "i": 0.004997223764575236, "u": 0.00277623542476402, "ʀʲ": 0.007773459189339256, "f": 0.007773459189339256, "v": 0.007218212104386452}