{"t": 0.060263304283330245, "d": 0.06035601705915075, "w": 0.10124235119599481, "h": 0.025774151678101244, "a": 0.008668644539217504, "k": 0.0310587798998702, "ɡ": 0.02526423141108845, "j": 0.012840719451140367, "s": 0.11653995920637863, "z": 0.1285926200630447, "p": 0.09442796217318747, "b": 0.09396439829408493, "mʲ": 0.0028740960504357502, "nʲ": 0.01172816614129427, "l": 0.018171704060819582, "dʒ": 0.020999443723345078, "tʃ": 0.02146300760244762, "ʀ": 0.033144817355831635, "wʲ": 0.006072686816243279, "n": 0.037316892267754496, "bʲ": 0.0020860374559614316, "pʲ": 0.0020860374559614316, "ʃ": 0.010708325607268681, "ʒ": 0.009595772297422586, "m": 0.027211199703319117, "ts": 0.004125718524012609, "x": 0.005933617652512517, "e": 0.0029668088262562583, "i": 0.0046819951789356575, "u": 0.0017615427405896532, "f": 0.006536250695345819, "v": 0.005099202670127943, "ʀʲ": 0.002735026886704988, "o": 0.0037085110328203227}