{"ʒ": 0.012006304468755795, "ʃ": 0.012006304468755795, "x": 0.035601705915075096, "ɨ": 0.07481921008715, "t": 0.017105507138883737, "d": 0.013767847209345447, "i": 0.06800482106434266, "u": 0.07750788058594474, "a": 0.17008158724272204, "ɪ": 0.0014834044131281292, "e": 0.16382347487483775, "m": 0.03286667902837011, "w": 0.042230669386241426, "k": 0.026145002781383275, "o": 0.04978676061561283, "l": 0.009503059521602077, "tʃ": 0.045197478212497685, "dʒ": 0.04505840904876692, "ʀ": 0.01126460226219173, "b": 0.0033376599295382903, "p": 0.0032913035416280365, "j": 0.029714444650472835, "ts": 0.004774707954756165, "n": 0.009734841461153347, "ɡ": 0.0132115705544224, "s": 0.011820878917114778, "z": 0.010940107546819951, "nʲ": 0.002781383274615242, "h": 0.001576117188948637, "ʊ": 0.00018542555164101615, "f": 0.00032449471537177824, "v": 4.6356387910254036e-05}