{"ɟ": 0.006503574812645361, "c": 0.0035748126453613574, "n": 0.06929968128176414, "ɑ": 0.06167628564045138, "m": 0.03772934791971746, "k": 0.09858730295460419, "ɡ": 0.09234214833318977, "i": 0.08278060125764493, "t": 0.11021621155999656, "d": 0.10173141528124731, "tː": 0.028038590748557152, "dː": 0.015031441123266431, "ʃ": 0.042725471616848996, "ʒ": 0.031527263330174866, "ɛ": 0.08484796278749246, "z": 0.01141355844603325, "s": 0.01249030924282884, "l": 0.03101042294771298, "øː": 0.01765871306744767, "aː": 0.0008183306055646482, "bː": 0.005512964079593419, "pː": 0.0012921009561547075, "r": 0.016151261951933844, "p": 0.0027564820397967095, "b": 0.0029287621672840036, "oː": 0.008570936342492893, "ts": 0.0013351709880265311, "uː": 0.0021104315617193558, "lː": 0.00043070031871823584, "v": 0.0019381514342320613, "f": 0.0007752605736928245, "eː": 0.0034456025497458867, "ɲ": 0.004479283314669653, "yː": 0.0015935911792574727, "j": 0.0031441123266431215, "tʃ": 0.0007321905418210009, "o": 0.0012490309242828839, "u": 0.00043070031871823584, "zː": 4.3070031871823586e-05, "sː": 4.3070031871823586e-05, "h": 0.00038763028684641226, "nː": 0.00017228012748729435, "ʃː": 0.00021535015935911792, "kː": 4.3070031871823586e-05, "ɡː": 8.614006374364717e-05, "tsː": 0.00012921009561547075}