{"h": 0.013204747774480712, "o": 0.03412462908011869, "ɟ": 0.008160237388724036, "c": 0.0020771513353115725, "n": 0.031008902077151335, "ɛ": 0.09391691394658754, "m": 0.021513353115727003, "i": 0.05074183976261128, "ɡ": 0.03664688427299703, "k": 0.037833827893175076, "tʃ": 0.004747774480712166, "ɑ": 0.0814540059347181, "v": 0.028931750741839762, "l": 0.04347181008902077, "t": 0.060534124629080116, "d": 0.05222551928783383, "f": 0.022403560830860533, "aː": 0.03308605341246291, "r": 0.04643916913946588, "eː": 0.04109792284866469, "z": 0.025816023738872405, "s": 0.02537091988130564, "lː": 0.004599406528189911, "øː": 0.01172106824925816, "ʃ": 0.01795252225519288, "ʒ": 0.010089020771513354, "j": 0.015578635014836795, "kː": 0.00044510385756676556, "b": 0.020029673590504452, "p": 0.018991097922848664, "u": 0.01572700296735905, "rː": 0.0013353115727002967, "ø": 0.016023738872403562, "bː": 0.002967359050445104, "oː": 0.015281899109792284, "tː": 0.0057863501483679525, "dː": 0.0032640949554896144, "nː": 0.004599406528189911, "ts": 0.0040059347181008904, "iː": 0.007121661721068249, "yː": 0.0026706231454005935, "uː": 0.0057863501483679525, "pː": 0.0017804154302670622, "y": 0.00370919881305638, "zː": 0.002225519287833828, "sː": 0.002373887240356083, "mː": 0.00044510385756676556, "ɲː": 0.0013353115727002967, "hː": 0.0005934718100890207, "ɲ": 0.006528189910979229, "vː": 0.0001483679525222552, "ʃː": 0.0011869436201780415, "ɡː": 0.0002967359050445104, "jː": 0.0001483679525222552, "tsː": 0.00044510385756676556}