{"h": 0.03975363941769317, "n": 0.03126884313894392, "m": 0.06675854940132656, "tʃ": 0.006934275131363597, "v": 0.06675854940132656, "f": 0.06706003962442932, "ɑ": 0.0538806098716513, "k": 0.06921354121802051, "ɡ": 0.06921354121802051, "ʃ": 0.01649582220690843, "ʒ": 0.012877939529675251, "o": 0.013954690326470842, "l": 0.031742613489533986, "ɛ": 0.05504350073219054, "p": 0.03131191317081575, "b": 0.0319579636488931, "s": 0.04268240158497717, "z": 0.04164872082005341, "i": 0.02691876991988974, "u": 0.009561547075544836, "t": 0.061848565767938665, "d": 0.06124558532173314, "ts": 0.0025411318804375916, "j": 0.012145748987854251, "øː": 0.004350073219054182, "eː": 0.028426221035403567, "aː": 0.007235765354466362, "uː": 0.0010767507967955896, "oː": 0.0013782410198983548, "ø": 0.006072874493927126, "r": 0.011198208286674132, "ɟ": 0.004909983633387889, "iː": 0.0046084934102851235, "ɲ": 0.004866913601516065, "y": 0.0030579722628994747}