{"h": 0.008873738070372486, "o": 0.05133762898447917, "ɟ": 0.005070707468784279, "c": 0.0011297431148068599, "ɑ": 0.07511478058680959, "n": 0.05547564155615546, "ɛ": 0.15990462866263375, "m": 0.02628623224102938, "tʃ": 0.0017011829461335856, "k": 0.04738352808265516, "ɡ": 0.046398286994160806, "z": 0.023271394510236656, "t": 0.07548260392651415, "i": 0.046214375324308526, "d": 0.07100960938474978, "s": 0.02247006509159458, "tː": 0.007172555124238901, "dː": 0.0036519603013524075, "ʃ": 0.0167885081479438, "ʒ": 0.009451746175622508, "r": 0.03619118931735929, "eː": 0.024033314285338957, "v": 0.019704821769887092, "f": 0.016355002069006287, "l": 0.04807319684460121, "b": 0.012657063850190808, "øː": 0.005550191465184864, "p": 0.011776915144469186, "yː": 0.0006174177487897956, "aː": 0.01813500430221942, "lː": 0.0014056106195852792, "nː": 0.0006174177487897956, "u": 0.011882007527241917, "bː": 0.001215130675809704, "pː": 0.00028243577870171497, "ɲː": 0.0001904799437755752, "oː": 0.003796462327664913, "ts": 0.001536976098051193, "j": 0.009018240096684992, "uː": 0.000801329418642075, "ø": 0.009044513192378175, "sː": 0.0004926205442471773, "zː": 0.0004663474485539945, "y": 0.005261187412559853, "ɲ": 0.003573141014272859, "kː": 0.0002364578612386451, "ʃː": 0.0001904799437755752, "jː": 4.597791746306988e-05, "rː": 0.00028243577870171497, "ɡː": 0.00011822893061932255, "iː": 0.0019639139030654135, "mː": 0.0001904799437755752, "tsː": 6.568273923295696e-05, "hː": 2.627309569318279e-05, "vː": 6.568273923295697e-06, "fː": 6.568273923295697e-06}