{"ɟ": 0.010964912280701754, "c": 0.005482456140350877, "m": 0.01918859649122807, "i": 0.07182017543859649, "ɡ": 0.049342105263157895, "k": 0.052083333333333336, "t": 0.11896929824561403, "d": 0.10361842105263158, "n": 0.029605263157894735, "ɛ": 0.08771929824561403, "r": 0.02850877192982456, "ɑ": 0.09265350877192982, "lː": 0.0043859649122807015, "øː": 0.021929824561403508, "l": 0.03728070175438596, "eː": 0.015350877192982455, "z": 0.025219298245614034, "s": 0.02850877192982456, "b": 0.01644736842105263, "p": 0.015350877192982455, "j": 0.011513157894736841, "bː": 0.004934210526315789, "tʃ": 0.006030701754385965, "ʃ": 0.022478070175438597, "ʒ": 0.014802631578947368, "oː": 0.023026315789473683, "u": 0.005482456140350877, "tː": 0.01206140350877193, "dː": 0.00712719298245614, "yː": 0.003837719298245614, "uː": 0.005482456140350877, "aː": 0.0027412280701754384, "ts": 0.004934210526315789, "pː": 0.003289473684210526, "f": 0.00712719298245614, "v": 0.010416666666666666, "zː": 0.0005482456140350877, "sː": 0.0005482456140350877, "ɲ": 0.00712719298245614, "nː": 0.0021929824561403508, "ʃː": 0.0027412280701754384, "kː": 0.0005482456140350877, "o": 0.001644736842105263, "ɡː": 0.0010964912280701754, "tsː": 0.001644736842105263, "h": 0.0021929824561403508}