{"h": 0.039473684210526314, "n": 0.0268640350877193, "m": 0.03892543859649123, "tʃ": 0.007675438596491228, "v": 0.06140350877192982, "f": 0.06140350877192982, "ɑ": 0.08662280701754387, "k": 0.05537280701754386, "ɡ": 0.05537280701754386, "ʃ": 0.021929824561403508, "ʒ": 0.01425438596491228, "o": 0.01864035087719298, "ɛ": 0.06414473684210527, "l": 0.025219298245614034, "s": 0.03453947368421053, "z": 0.03179824561403509, "u": 0.01425438596491228, "i": 0.02631578947368421, "t": 0.051535087719298246, "d": 0.046052631578947366, "ts": 0.006578947368421052, "j": 0.01918859649122807, "øː": 0.0027412280701754384, "eː": 0.03453947368421053, "aː": 0.015350877192982455, "p": 0.03399122807017544, "b": 0.03673245614035088, "uː": 0.006030701754385965, "oː": 0.005482456140350877, "ø": 0.013157894736842105, "r": 0.015350877192982455, "ɟ": 0.0021929824561403508, "iː": 0.010964912280701754, "ɲ": 0.008223684210526315, "y": 0.007675438596491228}