{"e": 0.03118279569892473, "h": 0.05779569892473118, "n": 0.037096774193548385, "m": 0.08709677419354839, "tʃ": 0.01129032258064516, "v": 0.05295698924731183, "ɑ": 0.07446236559139785, "k": 0.08118279569892473, "ʃ": 0.0228494623655914, "o": 0.021236559139784946, "l": 0.03682795698924731, "ɛ": 0.06693548387096775, "u": 0.01989247311827957, "p": 0.022311827956989248, "i": 0.041666666666666664, "j": 0.02795698924731183, "f": 0.05053763440860215, "s": 0.057526881720430106, "t": 0.06854838709677419, "ts": 0.0077956989247311825, "a": 0.012903225806451613, "ø": 0.009946236559139785, "r": 0.021774193548387097, "b": 0.030913978494623656, "d": 0.013709677419354839, "ɡ": 0.008602150537634409, "ɟ": 0.006989247311827957, "z": 0.0034946236559139786, "ɲ": 0.008333333333333333, "ʒ": 0.0016129032258064516, "y": 0.00456989247311828}