{"e": 0.02659382337005599, "ː": 0.10551742821022214, "ʃ": 0.02465233881163085, "h": 0.014899765215820841, "o": 0.04880801878273433, "ɟ": 0.010249232436337366, "n": 0.0533682499548492, "ɛ": 0.10226657034495214, "m": 0.03571428571428571, "ɡ": 0.01837637709951237, "tʃ": 0.0038378183131659743, "ɑ": 0.07309915116489074, "k": 0.049169225212208775, "v": 0.02031786165793751, "l": 0.05223947986274156, "t": 0.07016434892541087, "a": 0.02849015712479682, "r": 0.04402203359219794, "i": 0.052058876648004335, "z": 0.01562217807476973, "j": 0.018105472277406536, "d": 0.02054361567635904, "u": 0.01580278128950695, "p": 0.010971645295286256, "f": 0.010158930828968755, "b": 0.016299440130034315, "s": 0.019369694780567093, "ø": 0.018918186743724037, "ts": 0.004244175546324724, "y": 0.007720787430016254, "ɲ": 0.007359581000541809, "ʒ": 0.0007224128589488893, "c": 0.0003160556257901391}