{"ʃ": 0.06182795698924731, "ɟ": 0.011559139784946236, "m": 0.04381720430107527, "ɡ": 0.0271505376344086, "k": 0.12123655913978494, "t": 0.13548387096774195, "n": 0.09811827956989247, "r": 0.03413978494623656, "ː": 0.09543010752688172, "i": 0.08521505376344087, "ɑ": 0.07983870967741935, "l": 0.05618279569892473, "d": 0.01989247311827957, "s": 0.00913978494623656, "j": 0.009946236559139785, "tʃ": 0.0024193548387096775, "ɛ": 0.06129032258064516, "p": 0.007526881720430108, "ɲ": 0.011021505376344085, "v": 0.004301075268817204, "z": 0.012365591397849462, "f": 0.0013440860215053765, "b": 0.0032258064516129032, "ts": 0.002956989247311828, "o": 0.0016129032258064516, "ʒ": 0.0005376344086021505, "h": 0.0016129032258064516, "u": 0.0008064516129032258}