{"ɾ": 0.06057531103855996, "m": 0.06979617047560223, "ə": 0.09026736080472955, "d": 0.021000617665225447, "t": 0.01905938409953234, "k": 0.021530045001323567, "ɡ": 0.021441807111973882, "i": 0.1417982881849466, "n": 0.13412159181152386, "u": 0.027839054089826173, "tsʰ": 0.0569575575752228, "ɑ": 0.043810112062119475, "l": 0.05770757963469514, "kʰ": 0.03216271066796082, "s": 0.02426541957116386, "z": 0.023030089120268243, "χ": 0.011029736168710844, "ʁ": 0.011117974058060531, "dʒ": 0.010765022500661784, "b": 0.005823700697079326, "p": 0.005823700697079326, "ts": 0.013015088679078796, "dz": 0.012706256066354893, "v": 0.028677314038648195, "f": 0.028500838259948823, "ɔ": 0.0018088767316685784, "j": 0.0011470925615459278, "tʃ": 0.0011912115062207712, "tʃʰ": 0.008073766875496338, "ɛ": 0.00586781964175417, "tʰ": 0.004323656578134651, "ʒ": 0.0003970705020735904, "ʃ": 0.0005735462807729639, "r": 0.0013676872849201448, "h": 0.0022500661784170123, "pʰ": 0.0001764757786993735}