{"h": 0.014795003098600738, "ɑ": 0.21226393554910467, "m": 0.028500603411722496, "ɾ": 0.07609511073420529, "u": 0.027711275644998205, "ə": 0.015297302586516194, "v": 0.02116833556215141, "d": 0.03356273851071463, "t": 0.03595029192080629, "i": 0.055559542059427904, "k": 0.04405884079715581, "ɡ": 0.04193222218598128, "n": 0.08839166313317459, "tsʰ": 0.01578003196451287, "l": 0.02080302684366744, "ɔ": 0.031403503049675464, "ɛ": 0.06044554616915098, "ts": 0.007906324407188754, "j": 0.009569783750285398, "dz": 0.007038716200789327, "kʰ": 0.010763560455331224, "s": 0.023575459082161843, "z": 0.021709775269904433, "χ": 0.012263935549104668, "ʁ": 0.012466160018265436, "dʒ": 0.0045989758309142505, "b": 0.01607358361329463, "p": 0.016647640170912293, "f": 0.008800026093479891, "tʃ": 0.0026289180990899897, "tʃʰ": 0.003124694217032519, "ʃ": 0.004285854072213706, "ʒ": 0.002641964839035846, "r": 0.005094751948856779, "tʰ": 0.005081705208910923, "pʰ": 0.0020091979516618287}