{"ɑ": 0.10434782608695652, "h": 0.05217391304347826, "n": 0.017391304347826087, "v": 0.021739130434782608, "f": 0.010559006211180125, "m": 0.05962732919254658, "ɛ": 0.05962732919254658, "k": 0.08260869565217391, "ɡ": 0.07577639751552795, "i": 0.016149068322981366, "ə": 0.003105590062111801, "b": 0.02857142857142857, "p": 0.02981366459627329, "ɔ": 0.03664596273291926, "kʰ": 0.014906832298136646, "ʃ": 0.010559006211180125, "ʒ": 0.008074534161490683, "dz": 0.019254658385093167, "ts": 0.019254658385093167, "tʃʰ": 0.013664596273291925, "d": 0.05341614906832298, "t": 0.05652173913043478, "l": 0.02298136645962733, "u": 0.031677018633540374, "tsʰ": 0.0068322981366459624, "tʰ": 0.013043478260869565, "s": 0.03229813664596273, "z": 0.03229813664596273, "dʒ": 0.009937888198757764, "χ": 0.014285714285714285, "ʁ": 0.013043478260869565, "tʃ": 0.006211180124223602, "pʰ": 0.012422360248447204, "j": 0.008074534161490683, "r": 0.0018633540372670807, "ɾ": 0.0012422360248447205}