{"h": 0.0716050472072708, "ɑ": 0.10844436601076503, "n": 0.03644224830142063, "v": 0.022544780728844967, "f": 0.00900026471366805, "m": 0.04557486984911321, "ɛ": 0.02978028765551928, "k": 0.08206123709520868, "ɡ": 0.0753551575046325, "i": 0.017912291537986413, "ə": 0.012618018177005206, "b": 0.054089826171357984, "p": 0.0532956851672108, "ʃ": 0.009706167828465543, "ɔ": 0.022235948116121063, "kʰ": 0.010853260390011471, "ʒ": 0.007544339539398218, "dz": 0.009485573105091327, "ts": 0.00952969204976617, "tʃʰ": 0.007941410041471808, "d": 0.05726639018794671, "t": 0.06004588370246184, "s": 0.03917762287126092, "z": 0.03829524397776405, "l": 0.010632665666637254, "u": 0.01058854672196241, "tsʰ": 0.006309009088502603, "tʰ": 0.015088679078796435, "dʒ": 0.005161916526956675, "χ": 0.020030000882378895, "ʁ": 0.019941762993029206, "tʃ": 0.005029559692932145, "pʰ": 0.009485573105091327, "j": 0.0021618282890673254, "r": 0.004632489190858555, "ɾ": 0.00013235683402453013}