{"n": 0.07701863354037267, "kʰ": 0.04285714285714286, "t": 0.03975155279503106, "d": 0.034161490683229816, "ɔ": 0.004347826086956522, "ɑ": 0.0546583850931677, "j": 0.0037267080745341614, "tsʰ": 0.030434782608695653, "dʒ": 0.010559006211180125, "tʃ": 0.008074534161490683, "i": 0.16024844720496895, "ə": 0.06521739130434782, "s": 0.03291925465838509, "z": 0.02732919254658385, "k": 0.024844720496894408, "ɡ": 0.02298136645962733, "ɛ": 0.009316770186335404, "dz": 0.015527950310559006, "ts": 0.017391304347826087, "ɾ": 0.0546583850931677, "tʃʰ": 0.004347826086956522, "u": 0.018012422360248446, "b": 0.009316770186335404, "p": 0.009316770186335404, "m": 0.05093167701863354, "v": 0.030434782608695653, "f": 0.027950310559006212, "l": 0.03850931677018633, "ʃ": 0.002484472049689441, "χ": 0.024844720496894408, "ʁ": 0.02608695652173913, "r": 0.008074534161490683, "ʒ": 0.0018633540372670807, "tʰ": 0.004968944099378882, "h": 0.006211180124223602, "pʰ": 0.0006211180124223603}