{"h": 0.057640617222498754, "ɑ": 0.10363364858138377, "n": 0.022000995520159283, "v": 0.022200099552015927, "f": 0.022200099552015927, "m": 0.051468392234942754, "ɛ": 0.03285216525634644, "k": 0.08013937282229965, "ɡ": 0.08013937282229965, "i": 0.0163265306122449, "ə": 0.007068193130910901, "b": 0.046391239422598304, "p": 0.046391239422598304, "ʃ": 0.009059233449477353, "ʒ": 0.009059233449477353, "ɔ": 0.02379293180686909, "kʰ": 0.01055251368840219, "dz": 0.01284221005475361, "ts": 0.01284221005475361, "tʃʰ": 0.010652065704330513, "t": 0.056844201095072176, "d": 0.056844201095072176, "s": 0.04828272772523644, "z": 0.04828272772523644, "l": 0.013339970134395222, "u": 0.014634146341463415, "tsʰ": 0.00467894474863116, "tʰ": 0.013339970134395222, "dʒ": 0.006769537083125933, "tʃ": 0.006769537083125933, "ʁ": 0.01642608262817322, "χ": 0.01642608262817322, "pʰ": 0.014335490293678447, "j": 0.003882528621204579, "r": 0.001294176207068193, "ɾ": 0.0005973120955699353}