{"ɑ": 0.12658227848101267, "j": 0.014323784143904063, "n": 0.060626249167221855, "kʰ": 0.01882078614257162, "h": 0.01882078614257162, "ɛ": 0.07978014656895403, "t": 0.03980679546968688, "d": 0.032811459027315124, "ɔ": 0.04513657561625583, "ɾ": 0.0667888074616922, "v": 0.020986009327115255, "f": 0.011159227181878747, "tsʰ": 0.012491672218520987, "m": 0.03614257161892072, "dʒ": 0.0073284477015323115, "tʃ": 0.005829447035309793, "s": 0.02881412391738841, "i": 0.06578947368421052, "z": 0.025149900066622252, "ə": 0.01848767488341106, "k": 0.03847435043304464, "ɡ": 0.036309127248501, "dz": 0.01015989340439707, "ts": 0.010992671552298468, "tʃʰ": 0.005829447035309793, "u": 0.04113924050632911, "b": 0.013157894736842105, "p": 0.013324450366422385, "l": 0.022984676882078614, "ʃ": 0.007661558960692871, "ʒ": 0.004996668887408394, "tʰ": 0.005496335776149234, "r": 0.009993337774816789, "ʁ": 0.020153231179213856, "χ": 0.019487008660892736, "pʰ": 0.0041638907395069955}