{"ɾ": 0.06918238993710692, "n": 0.15435010482180295, "t": 0.02410901467505241, "ɑ": 0.02830188679245283, "tsʰ": 0.057651991614255764, "dʒ": 0.00550314465408805, "ə": 0.08883647798742138, "d": 0.010482180293501049, "s": 0.03590146750524109, "ʁ": 0.017033542976939202, "dz": 0.001310272536687631, "kʰ": 0.03642557651991614, "u": 0.023322851153039833, "tʃʰ": 0.006027253668763103, "i": 0.13862683438155135, "b": 0.0047169811320754715, "ɡ": 0.003930817610062893, "z": 0.0031446540880503146, "k": 0.02017819706498952, "m": 0.10377358490566038, "v": 0.04323899371069182, "ts": 0.023846960167714884, "ɔ": 0.0047169811320754715, "l": 0.06525157232704402, "ɛ": 0.006813417190775681, "p": 0.0020964360587002098, "j": 0.0023584905660377358, "r": 0.003930817610062893, "ʃ": 0.0018343815513626835, "h": 0.003668763102725367, "χ": 0.002882599580712788, "tʰ": 0.004454926624737945, "ʒ": 0.0002620545073375262, "tʃ": 0.0005241090146750524, "f": 0.0005241090146750524, "pʰ": 0.0007861635220125787}