{"h": 0.09355345911949685, "ɑ": 0.12368972746331237, "n": 0.03537735849056604, "v": 0.03170859538784067, "m": 0.07232704402515723, "ɛ": 0.04690775681341719, "k": 0.06577568134171907, "i": 0.03170859538784067, "ə": 0.013364779874213837, "b": 0.03537735849056604, "ʃ": 0.011530398322851153, "ɔ": 0.03852201257861635, "p": 0.027253668763102725, "kʰ": 0.01939203354297694, "ʒ": 0.006027253668763103, "dz": 0.008123689727463312, "tʃʰ": 0.013888888888888888, "d": 0.036163522012578615, "s": 0.0429769392033543, "t": 0.042714884696016774, "l": 0.023846960167714884, "u": 0.019654088050314465, "ɡ": 0.04979035639412998, "tsʰ": 0.0047169811320754715, "tʰ": 0.01939203354297694, "dʒ": 0.004979035639412998, "χ": 0.022274633123689727, "tʃ": 0.0034067085953878406, "pʰ": 0.015723270440251572, "j": 0.003668763102725367, "f": 0.003668763102725367, "ts": 0.015723270440251572, "z": 0.011530398322851153, "r": 0.0031446540880503146, "ʁ": 0.0015723270440251573, "ɾ": 0.0005241090146750524}