{"h": 0.02266145713629051, "ɑ": 0.14631119282923466, "m": 0.04463341760514824, "ɾ": 0.08016547920018387, "j": 0.019030108021144566, "n": 0.08862330498735922, "ɛ": 0.07892438519880488, "t": 0.03525626292806251, "tsʰ": 0.02073086646747874, "v": 0.03272810848080901, "dʒ": 0.0055619397839577105, "s": 0.03452079981613422, "i": 0.06600781429556424, "k": 0.03373937025971041, "ə": 0.01806481268673868, "d": 0.015812456906458286, "ɔ": 0.04178349804642611, "ʁ": 0.014203631349115146, "dz": 0.0036313491151459434, "kʰ": 0.02045506780050563, "ts": 0.011583544012870605, "u": 0.04118593426798437, "tʃʰ": 0.006757067340841186, "ɡ": 0.017329349574810388, "b": 0.01116984601241094, "l": 0.02606297402895886, "ʃ": 0.007354631119282923, "p": 0.012043208457825787, "z": 0.0068030337853367045, "ʒ": 0.0029878188922086877, "tʰ": 0.008687658009652953, "r": 0.008963456676626062, "χ": 0.008825557343139508, "tʃ": 0.0021604228912893587, "pʰ": 0.004091013560101126, "f": 0.0011491611123879567}