{"j": 0.006847027388109553, "a": 0.20390781563126253, "ŋ": 0.00918503674014696, "d": 0.05527722110888444, "n": 0.03623914495657982, "t": 0.05594522378089512, "i": 0.10320641282565131, "k": 0.03991315965263861, "r": 0.04458917835671343, "l": 0.031897127588510356, "u": 0.06730126920507681, "s": 0.04158316633266533, "z": 0.024716098864395457, "m": 0.02989311957247829, "p": 0.03740814963259853, "b": 0.03740814963259853, "h": 0.011356045424181697, "o": 0.03557114228456914, "e": 0.04124916499665999, "dʒ": 0.015197060788243153, "ɡ": 0.036072144288577156, "tʃ": 0.016199064796259186, "w": 0.007682030728122912, "ɲ": 0.002338009352037408, "f": 0.007682030728122912, "x": 0.001002004008016032, "ʃ": 0.00033400133600534405}