{"j": 0.0024880195119559756, "a": 0.1926928215121766, "ŋ": 0.019144268362932187, "d": 0.05865843046414433, "n": 0.050593815494355994, "t": 0.05865843046414433, "h": 0.013101935262467675, "m": 0.03729578017183268, "u": 0.056562611072299644, "p": 0.03971026216126779, "b": 0.03971026216126779, "dʒ": 0.010883553333088209, "tʃ": 0.010883553333088209, "r": 0.049723621477859074, "i": 0.07966564939760513, "s": 0.03589856724393622, "z": 0.03589856724393622, "l": 0.0293659839933326, "e": 0.06800995207804783, "k": 0.03994313098258386, "ɡ": 0.03994313098258386, "ɲ": 0.002671863318258141, "o": 0.021338137784804697, "w": 0.0033459572746994152, "f": 0.003358213528452893, "x": 0.00026963758257650964, "ʃ": 0.00018384380630216568}