{"ŋ": 0.05190311418685121, "n": 0.0816475911631621, "h": 0.03426936385413894, "a": 0.17613787596486558, "m": 0.020162363587969124, "u": 0.04664626031408038, "d": 0.05290125099813681, "t": 0.05290125099813681, "r": 0.06607665690710673, "i": 0.1075991482565877, "s": 0.054697897258450895, "z": 0.054697897258450895, "l": 0.041455948895395264, "k": 0.048376364120308754, "ɡ": 0.048376364120308754, "p": 0.01443971253659835, "b": 0.01443971253659835, "e": 0.011312217194570135, "o": 0.012376896459941443, "ɲ": 0.002129358530742614, "j": 0.0020628160766569073, "f": 0.0037263774287995743, "dʒ": 0.0006654245408570668, "tʃ": 0.0006654245408570668, "w": 0.00019962736225712004, "x": 0.00013308490817141337}