{"j": 0.0008937585858753041, "d": 0.10973369304357901, "t": 0.10970059087373177, "i": 0.02611761200946722, "a": 0.06274516294543107, "p": 0.1072675813899601, "b": 0.1071517237954948, "u": 0.008391400056273689, "o": 0.009285158642148994, "s": 0.06699879177080058, "m": 0.06143762723646535, "dʒ": 0.031314652675482876, "tʃ": 0.03177808305334415, "z": 0.018437908604909053, "l": 0.03209255366689286, "k": 0.06291067379466724, "ɡ": 0.06271206077558383, "w": 0.003326768069646965, "n": 0.014995282940796769, "h": 0.015226998129727404, "f": 0.0067362915639120145, "r": 0.029361624654496103, "e": 0.019381320445555208, "x": 0.00023171518893063442, "ʃ": 0.0002979195286251014, "ɲ": 0.0014564954732782735, "ŋ": 1.6551084923616744e-05}