{"j": 0.0021959009848283207, "d": 0.08590630822464733, "t": 0.08590630822464733, "i": 0.026417354272025552, "a": 0.06920415224913495, "p": 0.09542187915890338, "b": 0.09542187915890338, "u": 0.013175405908969923, "o": 0.008983231301570402, "s": 0.06760713335107799, "z": 0.06760713335107799, "m": 0.05529677934522225, "dʒ": 0.030343359063082248, "tʃ": 0.030343359063082248, "l": 0.0338701091296247, "k": 0.06494543518764972, "ɡ": 0.06494543518764972, "w": 0.006654245408570668, "n": 0.014173542720255523, "h": 0.019097684322597817, "f": 0.009715198296513175, "r": 0.03380356667553899, "e": 0.016103273888741016, "x": 0.0007319669949427735, "ʃ": 0.0008650519031141869, "ɲ": 0.0011977641735427202, "ŋ": 6.654245408570669e-05}