{"ŋ": 0.025396825396825397, "n": 0.06031746031746032, "a": 0.23809523809523808, "i": 0.15873015873015872, "k": 0.035555555555555556, "l": 0.027936507936507936, "u": 0.08, "s": 0.036825396825396824, "z": 0.01650793650793651, "d": 0.05523809523809524, "t": 0.05523809523809524, "m": 0.02412698412698413, "p": 0.019682539682539683, "b": 0.02095238095238095, "h": 0.013333333333333334, "r": 0.030476190476190476, "ɡ": 0.029206349206349208, "o": 0.022222222222222223, "e": 0.027936507936507936, "f": 0.0044444444444444444, "j": 0.006984126984126984, "w": 0.0019047619047619048, "dʒ": 0.0031746031746031746, "tʃ": 0.0031746031746031746, "ɲ": 0.0012698412698412698, "x": 0.0012698412698412698}