{"j": 0.0031746031746031746, "d": 0.07111111111111111, "t": 0.06984126984126984, "i": 0.044444444444444446, "a": 0.11428571428571428, "p": 0.08253968253968254, "b": 0.08063492063492063, "o": 0.017777777777777778, "m": 0.0419047619047619, "dʒ": 0.03428571428571429, "tʃ": 0.03492063492063492, "s": 0.07111111111111111, "z": 0.044444444444444446, "k": 0.06095238095238095, "ɡ": 0.059682539682539684, "l": 0.029841269841269842, "n": 0.014603174603174604, "h": 0.01650793650793651, "f": 0.013333333333333334, "u": 0.02349206349206349, "r": 0.036825396825396824, "e": 0.017777777777777778, "w": 0.010793650793650795, "x": 0.0019047619047619048, "ɲ": 0.0019047619047619048, "ʃ": 0.0012698412698412698, "ŋ": 0.0006349206349206349}