{"j": 0.0013733798948225649, "a": 0.22206195622667899, "ŋ": 0.02403299792497711, "d": 0.06445913677207415, "n": 0.05639829397231156, "t": 0.06489392538199285, "h": 0.011495442771236777, "m": 0.039068862234123314, "ɲ": 0.004205257031382996, "i": 0.07165960422734154, "u": 0.03692022434172084, "p": 0.04127731231625005, "dʒ": 0.009730983174370936, "tʃ": 0.0098851145863527, "r": 0.05690209664729672, "s": 0.027329569766318375, "z": 0.01472760148518268, "w": 0.0022843655536998442, "l": 0.026846471310853152, "e": 0.08392800452732267, "k": 0.03793473109819781, "ɡ": 0.03608515415441667, "b": 0.04118069262515701, "o": 0.013156381270502929, "f": 0.002022112106447294, "x": 8.051640924420397e-05, "ʃ": 5.981218972426581e-05}