{"ŋ": 0.06008043827272878, "n": 0.1104122875254473, "h": 0.04304937188632715, "a": 0.18283983515119417, "i": 0.1052814511991261, "m": 0.023386682997070456, "u": 0.038117148579089356, "t": 0.05698538539201245, "d": 0.05691918105231798, "r": 0.06191760869925023, "s": 0.04238732848938248, "z": 0.034161439282344955, "l": 0.03833231268309638, "k": 0.045995465002730926, "ɡ": 0.04561479004948774, "p": 0.01580628610205399, "b": 0.015839388271901223, "o": 0.009864446614475579, "e": 0.007994174018106887, "ɲ": 0.0011254737748059385, "j": 0.0016220063225144408, "f": 0.001986130190834009, "dʒ": 9.930650954170046e-05, "tʃ": 9.930650954170046e-05, "w": 4.965325477085023e-05, "x": 3.310216984723349e-05}