{"j": 0.005614500442086649, "a": 0.1865605658709107, "ŋ": 0.023607427055702918, "d": 0.02979664014146773, "n": 0.06069849690539346, "e": 0.07780725022104333, "r": 0.0599027409372237, "i": 0.08337754199823165, "l": 0.040362511052166226, "h": 0.021043324491600353, "p": 0.03222811671087533, "u": 0.05786914235190097, "t": 0.05592396109637489, "k": 0.046109637488947836, "m": 0.04832007073386384, "o": 0.028293545534924844, "s": 0.05490716180371353, "b": 0.03032714412024757, "ɡ": 0.014721485411140583, "dʒ": 0.011450044208664899, "w": 0.007029177718832891, "ɲ": 0.007957559681697613, "tʃ": 0.007603890362511052, "f": 0.00654288240495137, "x": 0.0008399646330680814, "z": 0.0007515473032714413, "ʃ": 0.00035366931918656057}