{"j": 0.0051773233238415735, "d": 0.07067046337043749, "i": 0.02381568728967124, "a": 0.058762619725601865, "p": 0.10018120631633445, "u": 0.014755371472948486, "t": 0.07973077918716023, "o": 0.010613512813875226, "s": 0.10898265596686513, "m": 0.11752523945120373, "dʒ": 0.026145482785399948, "l": 0.037276727931659336, "k": 0.08879109500388299, "b": 0.09189748899818793, "w": 0.014755371472948486, "n": 0.01604970230390888, "h": 0.025368884286823712, "f": 0.01812063163344551, "r": 0.03235827077400984, "e": 0.009319181982914834, "tʃ": 0.018897230132021745, "z": 0.001553196997152472, "ɡ": 0.024074553455863318, "x": 0.0020709293295366298, "ʃ": 0.0018120631633445508, "ɲ": 0.0010354646647683149, "ŋ": 0.0002588661661920787}