{"a": 0.14754926730672058, "t": 0.12834765032844872, "u": 0.0919656392117231, "m": 0.06670035371399696, "k": 0.07074279939363315, "i": 0.14199090449722082, "n": 0.10055583628094998, "q": 0.04194037392622536, "s": 0.06215260232440627, "p": 0.06316321374431531, "aː": 0.00808489135927236, "l": 0.006568974229408792, "ŋ": 0.023244062657908033, "ɣ": 0.011116725618999495, "j": 0.011116725618999495, "iː": 0.0035371399696816574, "uː": 0.006568974229408792, "v": 0.00404244567963618, "ʁ": 0.010611419909044972}