{"a": 0.140625, "t": 0.12109375, "u": 0.08072916666666667, "m": 0.08463541666666667, "k": 0.055989583333333336, "i": 0.15494791666666666, "n": 0.08854166666666667, "q": 0.032552083333333336, "s": 0.059895833333333336, "p": 0.049479166666666664, "aː": 0.018229166666666668, "l": 0.013020833333333334, "ŋ": 0.024739583333333332, "ɣ": 0.01171875, "j": 0.024739583333333332, "iː": 0.009114583333333334, "uː": 0.010416666666666666, "ʁ": 0.013020833333333334, "v": 0.006510416666666667}