{"u": 0.10106114199090449, "q": 0.08135421930267812, "a": 0.15664477008590197, "i": 0.1864578069732188, "t": 0.27286508337544213, "p": 0.01667508842849924, "k": 0.11217786760990399, "n": 0.02829711975745326, "iː": 0.004547751389590703, "aː": 0.009095502779181405, "s": 0.01616978271854472, "m": 0.0025265285497726125, "uː": 0.0035371399696816574, "ʁ": 0.0025265285497726125, "l": 0.004547751389590703, "v": 0.0005053057099545225, "j": 0.0005053057099545225, "ɣ": 0.0005053057099545225}