{"a": 0.15955334987593053, "m": 0.0543424317617866, "l": 0.05583126550868486, "u": 0.11141439205955335, "t": 0.09404466501240695, "ŋ": 0.020843672456575684, "n": 0.08387096774193549, "i": 0.16799007444168734, "k": 0.048635235732009924, "p": 0.02481389578163772, "aː": 0.027543424317617866, "s": 0.036228287841191066, "q": 0.031017369727047148, "iː": 0.009925558312655087, "ʁ": 0.020595533498759304, "v": 0.018610421836228287, "uː": 0.011910669975186104, "ɣ": 0.009429280397022333, "j": 0.013399503722084368}