{"a": 0.22297297297297297, "n": 0.05405405405405406, "i": 0.22972972972972974, "u": 0.11486486486486487, "k": 0.10135135135135136, "t": 0.12162162162162163, "s": 0.033783783783783786, "uː": 0.02027027027027027, "aː": 0.02027027027027027, "l": 0.02027027027027027, "m": 0.02027027027027027, "iː": 0.013513513513513514, "p": 0.006756756756756757, "j": 0.006756756756756757, "q": 0.006756756756756757, "ɣ": 0.006756756756756757}