{"a": 0.07432432432432433, "t": 0.07432432432432433, "m": 0.11486486486486487, "k": 0.06756756756756757, "i": 0.1554054054054054, "n": 0.08783783783783784, "q": 0.013513513513513514, "s": 0.07432432432432433, "u": 0.0472972972972973, "p": 0.05405405405405406, "l": 0.02027027027027027, "ɣ": 0.006756756756756757, "j": 0.08108108108108109, "aː": 0.033783783783783786, "uː": 0.013513513513513514, "ʁ": 0.02702702702702703, "iː": 0.02702702702702703, "ŋ": 0.013513513513513514, "v": 0.013513513513513514}