{"a": 0.12704174228675136, "m": 0.06352087114337568, "t": 0.0780399274047187, "aː": 0.0544464609800363, "n": 0.0925589836660617, "i": 0.15970961887477314, "k": 0.06352087114337568, "s": 0.041742286751361164, "u": 0.09618874773139746, "q": 0.0054446460980036296, "l": 0.05263157894736842, "uː": 0.038112522686025406, "p": 0.023593466424682397, "iː": 0.025408348457350273, "v": 0.019963702359346643, "ŋ": 0.012704174228675136, "j": 0.025408348457350273, "ɣ": 0.009074410163339383, "ʁ": 0.010889292196007259}