{"a": 0.16445663770766653, "m": 0.05365035817710715, "l": 0.059670781893004114, "u": 0.11957018747142203, "i": 0.17169638774577045, "q": 0.03345526596555403, "t": 0.09457399786617894, "p": 0.02217649748513946, "ŋ": 0.024538942234415485, "n": 0.09388812680993751, "k": 0.04945892394452065, "j": 0.012879134278311234, "ʁ": 0.018442310623380583, "aː": 0.014250876390794085, "s": 0.033226642280140224, "iː": 0.005029721079103796, "ɣ": 0.009221155311690292, "v": 0.014784331656759641, "uː": 0.005029721079103796}