{"a": 0.15328467153284672, "t": 0.14051094890510948, "u": 0.1104014598540146, "m": 0.07755474452554745, "k": 0.05748175182481752, "i": 0.1541970802919708, "n": 0.09671532846715329, "q": 0.03923357664233577, "s": 0.051094890510948905, "p": 0.05018248175182482, "l": 0.011861313868613138, "ŋ": 0.012773722627737226, "ɣ": 0.013686131386861315, "j": 0.01824817518248175, "v": 0.005474452554744526, "ʁ": 0.0072992700729927005}