{"ɾ": 0.05137300678853542, "ɔ": 0.036968618606706936, "m": 0.042533177691897954, "ɛ": 0.08470369572854924, "l": 0.04880038985912939, "i": 0.13607670251708467, "ts": 0.011865770595101828, "dz": 0.011095118827702664, "s": 0.06450808617700057, "ɑ": 0.14961977401770232, "z": 0.06000883982909664, "ʃ": 0.014495053095640151, "tʰ": 0.021623581944082416, "n": 0.03231070865963258, "b": 0.029919421557849882, "v": 0.029613427473735507, "ʒ": 0.007513854732141845, "u": 0.021079592461212417, "qʼ": 0.004261250949148317, "pʰ": 0.00628987839568435, "tsʼ": 0.006890533449686639, "d": 0.029092104219318425, "tʃʼ": 0.0008613166812108299, "tʼ": 0.010959121456985165, "x": 0.022802225823634076, "ɣ": 0.019912281695887213, "ɡ": 0.013395741015673698, "dʒ": 0.004045921778845609, "tʃ": 0.004079921121524984, "pʼ": 0.005791221369720185, "kʰ": 0.0067998685358749734, "kʼ": 0.010029806090415585, "h": 0.0006799868535874973}