{"m": 0.006445837063563115, "i": 0.223455684870188, "l": 0.027036705461056403, "s": 0.16902417188898836, "z": 0.16902417188898836, "ɑ": 0.16257833482542525, "ɔ": 0.037779767233661596, "ts": 0.015040286481647269, "dz": 0.015040286481647269, "ɛ": 0.07000895255147717, "n": 0.020769919427036706, "tʰ": 0.027215756490599822, "ɾ": 0.01647269471799463, "d": 0.021844225604297225, "ɡ": 0.0016114592658907788, "v": 0.004118173679498657, "kʰ": 0.00017905102954341988, "b": 0.0037600716204118172, "pʰ": 0.0010743061772605193, "ʃ": 0.0007162041181736795, "ʒ": 0.0007162041181736795, "u": 0.0016114592658907788, "tʼ": 0.0008952551477170994, "x": 0.0005371530886302597, "ɣ": 0.0005371530886302597, "kʼ": 0.0017905102954341987, "dʒ": 0.00035810205908683976, "tʃ": 0.00035810205908683976}