{"ɾ": 0.031871083258728734, "i": 0.05120859444941808, "tsʼ": 0.025962399283795883, "m": 0.10635631154879141, "ʃ": 0.022381378692927483, "ʒ": 0.022381378692927483, "ɑ": 0.09937332139659803, "s": 0.07000895255147717, "z": 0.07000895255147717, "d": 0.037242614145031334, "x": 0.03312444046553268, "ɣ": 0.03312444046553268, "pʼ": 0.020232766338406444, "u": 0.021665174574753806, "tʰ": 0.02918531781557744, "ɛ": 0.027036705461056403, "qʼ": 0.006087735004476276, "kʰ": 0.01647269471799463, "ɔ": 0.020053715308863025, "ɡ": 0.035094001790510296, "v": 0.020948970456580125, "kʼ": 0.02936436884512086, "n": 0.01396598030438675, "ts": 0.02864816472694718, "dz": 0.02864816472694718, "dʒ": 0.016651745747538048, "tʃ": 0.016651745747538048, "h": 0.003939122649955237, "b": 0.018979409131602506, "pʰ": 0.017905102954341987, "tʼ": 0.015935541629364367, "l": 0.009489704565801253}