{"m": 0.005625237552261498, "ts": 0.014291144051691372, "dz": 0.014291144051691372, "ɛ": 0.05914101102242493, "i": 0.21999239832763207, "ɑ": 0.16031927023945267, "l": 0.023489167616875712, "s": 0.18570885594830863, "z": 0.18456860509312048, "tʰ": 0.03048270619536298, "ɔ": 0.0314709236031927, "n": 0.022272900038008362, "ɾ": 0.012770809578107183, "d": 0.0241733181299886, "b": 0.004408969973394147, "ɡ": 0.0009882174078297225, "v": 0.0023565184340554922, "tʼ": 0.0003800836183960471, "kʰ": 0.0003040668947168377, "pʰ": 0.0003800836183960471, "ʃ": 0.00022805017103762827, "ʒ": 0.00015203344735841885, "u": 0.0006081337894336754, "x": 0.0003800836183960471, "ɣ": 0.0003040668947168377, "kʼ": 0.0007601672367920942, "dʒ": 7.601672367920942e-05, "tʃ": 7.601672367920942e-05}