{"ɾ": 0.04846335697399527, "i": 0.0673758865248227, "tsʼ": 0.02127659574468085, "m": 0.08037825059101655, "ʃ": 0.027186761229314422, "ʒ": 0.018912529550827423, "ɑ": 0.10047281323877069, "s": 0.04846335697399527, "z": 0.04609929078014184, "d": 0.0425531914893617, "x": 0.0591016548463357, "ɣ": 0.0591016548463357, "pʼ": 0.010638297872340425, "u": 0.013002364066193853, "ɛ": 0.028368794326241134, "tʰ": 0.024822695035460994, "kʰ": 0.02009456264775414, "ɔ": 0.02127659574468085, "ɡ": 0.04018912529550828, "v": 0.034278959810874705, "dʒ": 0.02364066193853428, "tʃ": 0.01773049645390071, "ts": 0.016548463356973995, "dz": 0.022458628841607566, "b": 0.014184397163120567, "kʼ": 0.027186761229314422, "tʼ": 0.016548463356973995, "qʼ": 0.004728132387706856, "l": 0.01182033096926714, "n": 0.013002364066193853, "pʰ": 0.016548463356973995, "h": 0.0035460992907801418}