{"ɾ": 0.0595903165735568, "ɔ": 0.04686530105524519, "m": 0.05183116076970826, "i": 0.13097454996896338, "ɑ": 0.14990689013035383, "qʼ": 0.004345127250155183, "s": 0.06548727498448169, "z": 0.0633147113594041, "tsʼ": 0.006207324643078833, "ɛ": 0.07045313469894475, "l": 0.0297951582867784, "tʰ": 0.023898199875853506, "ʃ": 0.01303538175046555, "ʒ": 0.007759155803848541, "ɡ": 0.017690875232774673, "x": 0.02638112973308504, "v": 0.025760397268777158, "ɣ": 0.025760397268777158, "d": 0.02824332712600869, "pʼ": 0.0037243947858473, "u": 0.0223463687150838, "n": 0.03662321539416512, "kʰ": 0.0111731843575419, "ts": 0.012104283054003724, "dz": 0.01303538175046555, "pʰ": 0.006828057107386716, "kʼ": 0.012725015518311608, "dʒ": 0.006828057107386716, "tʃ": 0.00558659217877095, "tʼ": 0.0111731843575419, "b": 0.009000620732464307, "h": 0.000931098696461825, "tʃʼ": 0.0006207324643078833}