{"ɾ": 0.029038388445458002, "i": 0.05055112124667427, "tsʼ": 0.023641201064234132, "m": 0.1233751425313569, "ʃ": 0.03261117445838085, "ʒ": 0.025617635879893578, "ɑ": 0.0975294564804257, "s": 0.08833143291524136, "z": 0.0774610414291144, "d": 0.043101482326111745, "x": 0.022957050551121246, "ɣ": 0.0209806157354618, "pʼ": 0.021512732801216267, "u": 0.032231090839984794, "tʰ": 0.02516153553781832, "ɛ": 0.024629418472063853, "qʼ": 0.00653743823641201, "kʰ": 0.013226909920182441, "ɔ": 0.01330292664386165, "ɡ": 0.03861649562903839, "v": 0.014519194222729001, "kʼ": 0.02751805397187381, "n": 0.016875712656784492, "ts": 0.021512732801216267, "dz": 0.021512732801216267, "dʒ": 0.016419612314709234, "tʃ": 0.01588749524895477, "h": 0.0025845686050931203, "b": 0.01717977955150133, "pʰ": 0.016343595591030026, "tʼ": 0.011706575446598252, "l": 0.007145572025845686, "tʃʼ": 0.0003800836183960471}