{"m": 0.010638297872340425, "i": 0.20921985815602837, "ɑ": 0.17612293144208038, "ɔ": 0.05319148936170213, "s": 0.12293144208037825, "z": 0.11938534278959811, "tʰ": 0.041371158392434985, "ɡ": 0.00591016548463357, "v": 0.01182033096926714, "d": 0.01773049645390071, "ɛ": 0.08037825059101655, "ts": 0.013002364066193853, "dz": 0.013002364066193853, "ɾ": 0.02955082742316785, "n": 0.03546099290780142, "l": 0.018912529550827423, "pʰ": 0.004728132387706856, "ʃ": 0.0035460992907801418, "ʒ": 0.002364066193853428, "u": 0.0070921985815602835, "tʼ": 0.002364066193853428, "kʼ": 0.010638297872340425, "b": 0.004728132387706856, "x": 0.002364066193853428, "ɣ": 0.001182033096926714, "dʒ": 0.001182033096926714, "tʃ": 0.001182033096926714}