{"ɾ": 0.060280350686017135, "ɔ": 0.04651047600178315, "m": 0.04735251869830105, "i": 0.136856704145822, "qʼ": 0.006141958492248254, "tsʼ": 0.009361533508346129, "ɛ": 0.08400614195849225, "l": 0.04423200752885235, "s": 0.07291099113378573, "ts": 0.011986725444549012, "ʃ": 0.020109960869780574, "d": 0.03645549556689286, "ɡ": 0.019763237406508493, "ɑ": 0.1382435979989103, "x": 0.01728664124027936, "v": 0.03214621823765417, "tʰ": 0.027143493981871315, "pʼ": 0.00807370350190698, "u": 0.0271930259051959, "n": 0.039526474813016986, "kʰ": 0.011441874287978602, "z": 0.011293278518004855, "pʰ": 0.009262469661696963, "b": 0.02853038783495963, "ɣ": 0.006191490415572837, "dz": 0.005002724255782852, "kʼ": 0.015503492000594383, "dʒ": 0.0025756600128783, "h": 0.0011887661597899846, "tʃʼ": 0.0014859576997374808, "tʃ": 0.004160681559264946, "tʼ": 0.016989449700331862, "ʒ": 0.0007925107731933231}