{"s": 0.06628594737915562, "t": 0.05486436875382419, "a": 0.1455843361207424, "n": 0.009626759127065062, "o": 0.04136243116459311, "l": 0.038221497042626965, "ĩ": 0.012930858657964511, "ɡ": 0.016887619824597185, "u": 0.08056292066081991, "d": 0.04589027126249235, "k": 0.043891495003059354, "e": 0.051764225984091375, "b": 0.028513155211095247, "i": 0.08594737915561901, "m": 0.037732000815827046, "p": 0.03475423210279421, "ɾ": 0.07452580053028758, "f": 0.015459922496430757, "ɲ": 0.006037120130532327, "v": 0.010197838058331634, "ẽ": 0.012278197022231287, "ã": 0.013461146236997757, "dʒ": 0.0064450336528655925, "ɛ": 0.006893738527432185, "tʃ": 0.004364674688965939, "z": 0.010483377523964919, "ũ": 0.005833163369365695, "õ": 0.015255965735264124, "ʃ": 0.006934529879665511, "ɐ": 0.0023251070772996123, "ɛ̃": 0.0017132367937997145, "ʒ": 0.00611870283499898, "ɔ": 0.004772588211299204, "ɔ̃": 0.0006934529879665511, "ʎ": 0.0007750356924332042, "ʀ": 0.0005302875790332449, "ɐ̃": 8.158270446665307e-05}