{"a": 0.26940334707737085, "ɾ": 0.024193548387096774, "u": 0.2206524375454766, "s": 0.060211011399466406, "z": 0.060211011399466406, "o": 0.0414140189182634, "m": 0.024981809362114964, "l": 0.043657530924084406, "ɡ": 0.000545719136551055, "k": 0.000545719136551055, "e": 0.05293475624545234, "t": 0.00466893039049236, "d": 0.00466893039049236, "i": 0.12327188940092165, "ɐ": 0.008974048023284017, "ã": 0.0022435120058210043, "ɛ": 0.0049114722289594955, "õ": 0.03783652680087315, "ɔ": 0.000606354596167839, "ẽ": 0.001758428328886733, "ũ": 0.002910502061605627, "ɛ̃": 0.00042444821731748726, "ĩ": 0.00327431481930633, "ʃ": 0.0013946155711860296, "ʒ": 0.0013946155711860296, "b": 0.0006669900557846228, "p": 0.0006669900557846228, "f": 0.0007276255154014067, "v": 0.0007276255154014067, "n": 0.00012127091923356779}