{"s": 0.09498224373010469, "n": 0.034058917695548974, "l": 0.02178593114615342, "t": 0.06464018253077447, "d": 0.06548659539625003, "k": 0.08515649437871456, "ɡ": 0.0850644929802933, "b": 0.0834452683680792, "p": 0.0834452683680792, "m": 0.0389901926509283, "z": 0.047877527738421626, "f": 0.03794137670892597, "ɲ": 0.0004232064327377776, "v": 0.03461092608607651, "a": 0.06602020350709331, "o": 0.014941027103611976, "ĩ": 0.016946657589195356, "ɛ": 0.001288019577897584, "tʃ": 0.010506559699707435, "dʒ": 0.01210738403223729, "ɾ": 0.04200783851914549, "ũ": 0.003128047546322704, "i": 0.01332180249139787, "ʒ": 0.008960936206230334, "ʃ": 0.008868934807809079, "u": 0.004673671039799805, "ɔ": 0.001196018179476328, "e": 0.006513699008224925, "ã": 0.007948920823596519, "ẽ": 0.0027232413932691776, "õ": 0.0008832134248440576, "ɐ̃": 3.6800559368502405e-05, "ɔ̃": 1.8400279684251202e-05}