{"a": 0.24396930833348668, "u": 0.23594678639115316, "i": 0.13432204169503376, "s": 0.06852264154415147, "z": 0.06736342392404364, "l": 0.04261504774872578, "e": 0.0437374648094651, "ɾ": 0.02942204721511767, "õ": 0.05363681527959225, "o": 0.0329181003551254, "m": 0.024619574217528105, "ɡ": 0.00033120503431652163, "k": 0.00031280475463227043, "d": 0.0017664268496881152, "t": 0.0017664268496881152, "ɐ": 0.008114523340754779, "ã": 0.0017112260106353617, "ɛ": 0.0022264338417943954, "ɔ": 0.000184002796842512, "ĩ": 0.0009568145435810624, "ẽ": 0.0014168215356873425, "ũ": 0.002557638876110917, "ɛ̃": 0.0002576039155795168, "ʃ": 0.0004232064327377776, "ʒ": 0.0004232064327377776, "p": 0.0001288019577897584, "b": 0.00014720223747400962, "v": 0.0001104016781055072, "f": 7.360111873700481e-05, "n": 1.8400279684251202e-05}