{"s": 0.048716260697827515, "n": 0.029295589203423306, "l": 0.03357472021066491, "t": 0.07340355497037525, "d": 0.07537853851217907, "k": 0.07208689927583936, "ɡ": 0.07077024358130349, "b": 0.07867017774851877, "p": 0.0793285055957867, "m": 0.05661619486504279, "z": 0.04081632653061224, "f": 0.054312047399605004, "ɲ": 0.002304147465437788, "v": 0.048716260697827515, "a": 0.042791310072416065, "o": 0.029295589203423306, "ĩ": 0.0032916392363396972, "ɛ": 0.0019749835418038184, "tʃ": 0.018762343647136272, "dʒ": 0.02106649111257406, "ɾ": 0.03522053982883476, "ũ": 0.004608294930875576, "i": 0.008229098090849244, "ʒ": 0.017774851876234364, "ʃ": 0.016458196181698487, "u": 0.008558262014483212, "ɔ": 0.004279131007241606, "e": 0.005266622778143515, "ã": 0.009545753785385122, "ẽ": 0.003949967083607637, "õ": 0.003949967083607637, "ɐ̃": 0.0006583278472679394, "ɔ̃": 0.0003291639236339697}