{"a": 0.3025119099177133, "s": 0.07925508878302295, "u": 0.24577739281074057, "l": 0.056084885231702034, "i": 0.11303594629709832, "e": 0.04677349501948896, "ɾ": 0.028367258553486357, "ẽ": 0.0032481593763534, "õ": 0.030532698137721956, "ɐ": 0.009527934170636639, "m": 0.023603291468168038, "ũ": 0.0038977912516240795, "ã": 0.0034647033347769596, "o": 0.031182330012992636, "v": 0.0008661758336942399, "d": 0.0019488956258120397, "ĩ": 0.0032481593763534, "ɛ": 0.0067128627111303595, "t": 0.00129926375054136, "k": 0.0010827197921178, "ɔ": 0.0008661758336942399, "ʃ": 0.0030316154179298397, "p": 0.00043308791684711995, "z": 0.0010827197921178, "b": 0.00064963187527068, "n": 0.00021654395842355997, "ɛ̃": 0.00064963187527068, "ɡ": 0.00043308791684711995, "f": 0.00021654395842355997}