{"s": 0.041389440940119246, "t": 0.05003024280653245, "a": 0.12961202799619806, "d": 0.05028946686252484, "m": 0.028773870215155966, "n": 0.008381577810420806, "o": 0.05918949278493044, "z": 0.03516806359630174, "u": 0.07828566490970362, "l": 0.025403957487254818, "ĩ": 0.012788386762291541, "ɡ": 0.03283504709237017, "k": 0.033526311241683225, "e": 0.05875745269160978, "i": 0.08338373801088741, "b": 0.03464961548431694, "p": 0.03490883954030934, "ã": 0.013220426855612201, "ɛ": 0.011837898556986089, "õ": 0.015985483452864425, "ɾ": 0.03655059189492785, "f": 0.01831849995679599, "ɲ": 0.004233992914542469, "ɔ": 0.0069990495117946945, "v": 0.01745441977015467, "ɐ": 0.005270889138512054, "ẽ": 0.012183530631642616, "ũ": 0.0059621532878251105, "ɛ̃": 0.0015553443359543765, "dʒ": 0.012442754687635012, "tʃ": 0.011319450445001296, "ʃ": 0.012961202799619804, "ʒ": 0.013134018836948069, "ɔ̃": 0.0007776721679771882, "ʎ": 0.0010368962239695845, "ʀ": 0.0012097122612978485, "ɐ̃": 0.00017281603732826408}