{"s": 0.04136084966755893, "t": 0.049995682583542006, "a": 0.12952249373974614, "d": 0.0502547275710215, "m": 0.02875399361022364, "n": 0.008548484586823245, "o": 0.05914860547448407, "z": 0.03514376996805112, "u": 0.07840428287712632, "l": 0.025386408772990244, "ĩ": 0.012779552715654952, "ɡ": 0.032898713409895516, "k": 0.03358950004317417, "e": 0.05871686382868491, "i": 0.08349883429755635, "b": 0.034625679993092136, "p": 0.03488472498057162, "ã": 0.013211294361454106, "ɛ": 0.011829721094896814, "õ": 0.01597444089456869, "ɾ": 0.03652534323460841, "f": 0.01830584578188412, "ɲ": 0.004231068128831707, "ɔ": 0.0069942146619462915, "v": 0.01744236249028581, "ɐ": 0.0052672480787496765, "ẽ": 0.012175114411536138, "ũ": 0.005958034712028323, "ɛ̃": 0.0015542699248769537, "dʒ": 0.01243415939901563, "tʃ": 0.01131163111993783, "ʃ": 0.012952249373974614, "ʒ": 0.013124946032294275, "ɔ̃": 0.0007771349624384769, "ʎ": 0.001036179949917969, "ʀ": 0.0012088766082376306, "ɐ̃": 0.00017269665831966152}