{"s": 0.05199071930609288, "t": 0.08120345593370634, "a": 0.16880242951197885, "d": 0.08123746073099851, "p": 0.033505188347340696, "b": 0.033497341086427115, "u": 0.07527877394395487, "i": 0.10171619596179954, "z": 0.034038802089464006, "l": 0.019916348198661258, "e": 0.04201161917765937, "ɾ": 0.07408599028509098, "o": 0.03010470861812351, "õ": 0.01674343903593784, "k": 0.03175001765633705, "ɡ": 0.03156429914804904, "m": 0.016126121177403027, "n": 0.005634333335949087, "ĩ": 0.0076615424052901004, "ʃ": 0.0031336728581555276, "ʒ": 0.0030761262781226215, "ɔ": 0.0010306069333165925, "ẽ": 0.008443652743010052, "ɐ": 0.0012424829779832016, "dʒ": 0.004305530487916526, "tʃ": 0.0038294633258261204, "ã": 0.008210850669240568, "ɛ": 0.0026471426815136844, "v": 0.010224980970392284, "f": 0.010727205668861284, "ɔ̃": 7.585685549792178e-05, "ɲ": 0.002532049521447872, "ũ": 0.0030081166835382775, "ɛ̃": 0.00046037264026324944, "ʎ": 0.00011770891370367173, "ʀ": 5.754658003290618e-05, "ɐ̃": 7.847260913578116e-06}