{"s": 0.048748353096179184, "n": 0.02865612648221344, "l": 0.03359683794466403, "t": 0.07345191040843214, "d": 0.07542819499341238, "k": 0.07213438735177866, "ɡ": 0.07081686429512517, "b": 0.07872200263504611, "p": 0.07938076416337286, "m": 0.05665349143610013, "z": 0.04084321475625823, "f": 0.05434782608695652, "ɲ": 0.00230566534914361, "v": 0.048748353096179184, "a": 0.04281949934123847, "o": 0.029314888010540184, "ĩ": 0.0032938076416337285, "ɛ": 0.001976284584980237, "tʃ": 0.018774703557312252, "dʒ": 0.021080368906455864, "ɾ": 0.035243741765480896, "ũ": 0.00461133069828722, "i": 0.008234519104084322, "ʒ": 0.017786561264822136, "ʃ": 0.016469038208168644, "u": 0.008563899868247694, "ɔ": 0.004281949934123847, "e": 0.005270092226613966, "ã": 0.009552042160737812, "ẽ": 0.003952569169960474, "õ": 0.003952569169960474, "ɐ̃": 0.0006587615283267457, "ɔ̃": 0.00032938076416337287}