{"s": 0.10025985275010828, "n": 0.037678648765699436, "l": 0.035513209181463834, "t": 0.051104374187960155, "k": 0.13772195755738414, "b": 0.04937202252057168, "m": 0.08012126461671719, "p": 0.10870506712862711, "f": 0.056951061065396276, "ɲ": 0.00259852750108272, "a": 0.05586834127327848, "o": 0.02468601126028584, "ĩ": 0.01602425292334344, "d": 0.06453009961022088, "ɛ": 0.00129926375054136, "tʃ": 0.011909917713295798, "ɾ": 0.04677349501948896, "v": 0.01862278042442616, "ũ": 0.0032481593763534, "ɡ": 0.01927241229969684, "i": 0.013425725422260719, "ʒ": 0.01061065396275444, "ʃ": 0.009527934170636639, "u": 0.0064963187527068, "dʒ": 0.009527934170636639, "ɔ": 0.00281507145950628, "e": 0.0073624945864010395, "ã": 0.0073624945864010395, "ẽ": 0.00498051104374188, "õ": 0.00281507145950628, "z": 0.0023819835426591596, "ɐ̃": 0.00021654395842355997, "ɔ̃": 0.00021654395842355997}