{"a": 0.2544437129690586, "m": 0.018433179723502304, "s": 0.04970375246872943, "z": 0.04707044107965767, "u": 0.18499012508229098, "ɡ": 0.0013166556945358788, "k": 0.0009874917709019092, "o": 0.05102040816326531, "e": 0.07899934167215274, "d": 0.004608294930875576, "t": 0.004608294930875576, "i": 0.15371955233706386, "l": 0.02534562211981567, "ã": 0.005266622778143515, "ɛ": 0.018762343647136272, "õ": 0.026333113890717578, "ɔ": 0.0032916392363396972, "ɾ": 0.016129032258064516, "ɐ": 0.016129032258064516, "ẽ": 0.004279131007241606, "ũ": 0.0069124423963133645, "ɛ̃": 0.0006583278472679394, "p": 0.002304147465437788, "b": 0.0026333113890717576, "ĩ": 0.007241606319947334, "v": 0.0019749835418038184, "ʃ": 0.005595786701777485, "ʒ": 0.005595786701777485, "f": 0.0013166556945358788, "n": 0.0003291639236339697}