{"s": 0.10028156811782543, "n": 0.037686809616634176, "l": 0.035520901017977044, "t": 0.05111544292830843, "k": 0.13775178687459388, "b": 0.04938271604938271, "m": 0.08013861815031406, "p": 0.10872861165258826, "f": 0.056963396144682696, "ɲ": 0.002599090318388564, "a": 0.05588044184535412, "o": 0.024691358024691357, "ĩ": 0.01602772363006281, "d": 0.06432748538011696, "ɛ": 0.001299545159194282, "tʃ": 0.011912497292614252, "ɾ": 0.04678362573099415, "v": 0.018626813948451375, "ũ": 0.0030322720381199915, "ɡ": 0.019276586528048516, "i": 0.013428633311674248, "ʒ": 0.01061295213341997, "ʃ": 0.009529997834091402, "u": 0.006714316655837124, "dʒ": 0.009529997834091402, "ɔ": 0.0028156811782542777, "e": 0.007364089235434265, "ã": 0.007364089235434265, "ẽ": 0.004981589776911414, "õ": 0.0028156811782542777, "z": 0.0023824994585228505, "ɐ̃": 0.00021659085986571366, "ɔ̃": 0.00021659085986571366}