{"a": 0.25461133069828723, "m": 0.01844532279314888, "s": 0.049736495388669304, "z": 0.04710144927536232, "u": 0.1844532279314888, "ɡ": 0.0013175230566534915, "k": 0.0009881422924901185, "o": 0.05105401844532279, "e": 0.07905138339920949, "d": 0.00461133069828722, "t": 0.00461133069828722, "i": 0.15382081686429513, "l": 0.025362318840579712, "ã": 0.005270092226613966, "ɛ": 0.018774703557312252, "õ": 0.026350461133069828, "ɔ": 0.0032938076416337285, "ɾ": 0.016139657444005272, "ɐ": 0.016139657444005272, "ẽ": 0.004281949934123847, "ũ": 0.00691699604743083, "ɛ̃": 0.0006587615283267457, "p": 0.00230566534914361, "b": 0.002635046113306983, "ĩ": 0.007246376811594203, "v": 0.001976284584980237, "ʃ": 0.005599472990777339, "ʒ": 0.005599472990777339, "f": 0.0013175230566534915, "n": 0.00032938076416337287}