{"o": 0.016068376068376067, "n": 0.049686609686609685, "e": 0.020398860398860397, "m": 0.061196581196581196, "a": 0.07544159544159544, "aː": 0.03487179487179487, "b": 0.07339031339031339, "p": 0.07339031339031339, "d̪": 0.04923076923076923, "t̪": 0.04923076923076923, "i": 0.039886039886039885, "iː": 0.0050142450142450145, "h": 0.06301994301994301, "ɡ": 0.08091168091168091, "k": 0.08091168091168091, "j": 0.008774928774928775, "s": 0.049686609686609685, "eː": 0.0044444444444444444, "dʒ": 0.023931623931623933, "tʃ": 0.023931623931623933, "r": 0.018461538461538463, "ʋ": 0.01903133903133903, "u": 0.008888888888888889, "l": 0.006381766381766382, "oː": 0.005811965811965812, "ʃ": 0.006495726495726496, "uː": 0.002621082621082621, "pʰ": 0.013333333333333334, "bʱ": 0.013333333333333334, "kʰ": 0.0037606837606837607, "ɡʱ": 0.0037606837606837607, "ɖ": 0.005242165242165242, "ʈ": 0.005242165242165242, "t̪ʰ": 0.0020512820512820513, "d̪ʱ": 0.0020512820512820513, "tʃʰ": 0.00011396011396011396}