{"o": 0.01944516463572725, "n": 0.050090744101633396, "e": 0.023645320197044337, "m": 0.05330567798807363, "a": 0.08664765361680062, "aː": 0.03458646616541353, "b": 0.06766917293233082, "p": 0.06668395125745398, "t̪": 0.053824215711693026, "d̪": 0.053824215711693026, "i": 0.04952035260565206, "iː": 0.010630023334197563, "h": 0.06232823437905108, "k": 0.07103966813585688, "ɡ": 0.07062483795696137, "j": 0.008400311122634172, "s": 0.05133523463831994, "eː": 0.003992740471869328, "dʒ": 0.030956702100077782, "tʃ": 0.027482499351827845, "r": 0.02421571169302567, "ʋ": 0.016956183562354163, "u": 0.009229971480425201, "l": 0.006118745138708841, "ʃ": 0.007311381903033445, "oː": 0.005548353642727508, "uː": 0.002540834845735027, "pʰ": 0.006896551724137931, "bʱ": 0.01011148561057817, "kʰ": 0.0033704952035260565, "ɡʱ": 0.0029038112522686023, "ʈ": 0.002955665024630542, "ɖ": 0.002955665024630542, "t̪ʰ": 0.0010370754472387865, "d̪ʱ": 0.0017630282603059372, "tʃʰ": 5.185377236193933e-05}