{"u": 0.16708479678876068, "eː": 0.029101856497742096, "e": 0.13948820873055695, "a": 0.2614149523331661, "d̪": 0.0055193176116407425, "t̪": 0.006522829904666332, "uː": 0.02207727044656297, "oː": 0.017561465127947817, "aː": 0.04666332162568992, "n": 0.007526342197691922, "i": 0.2002007024586051, "m": 0.0035122930255895636, "l": 0.004515805318615153, "ʋ": 0.0015052684395383843, "ʈ": 0.013045659809332665, "ɖ": 0.009031610637230306, "r": 0.0035122930255895636, "ɡ": 0.010536879076768691, "k": 0.010536879076768691, "o": 0.0055193176116407425, "iː": 0.0055193176116407425, "ɳ": 0.0010035122930255895, "ʃ": 0.0010035122930255895, "s": 0.012543903662819869, "d̪ʱ": 0.0005017561465127947, "t̪ʰ": 0.0005017561465127947, "j": 0.002508780732563974, "dʒ": 0.0035122930255895636, "tʃ": 0.002508780732563974, "h": 0.0005017561465127947, "b": 0.002508780732563974, "p": 0.002508780732563974}