{"o": 0.015040544075333508, "n": 0.034004708344232276, "d̪": 0.028904002092597438, "u": 0.061862411718545646, "t̪": 0.02968872613131049, "eː": 0.022626209782893016, "e": 0.054276746010986136, "a": 0.1434737117447031, "uː": 0.016348417473188596, "nː": 0.00418519487313628, "oː": 0.01831022756997123, "aː": 0.07023280146481821, "i": 0.08082657598744442, "m": 0.01687156683233063, "t̪ː": 0.008501177086058069, "d̪ː": 0.00837038974627256, "mː": 0.0014386607376405964, "l": 0.01674077949254512, "b": 0.025241956578603193, "ɡː": 0.003269683494637719, "kː": 0.005100706251634841, "p": 0.024980381899032175, "ʋ": 0.012947946638765367, "lː": 0.005100706251634841, "iː": 0.012817159298979858, "ɡ": 0.03858226523672509, "k": 0.03910541459586712, "h": 0.01817944023018572, "ɖ": 0.019356526288255297, "ʈ": 0.021579911064608947, "j": 0.008893539105414596, "s": 0.01883337692911326, "r": 0.032042898247449644, "dʒ": 0.010070625163484176, "tʃ": 0.008893539105414596, "tʃː": 0.0018310227569971226, "ɖː": 0.006800941668846455, "ʈː": 0.009678263144127649, "ʂ": 0.0024849594559246666, "ɭ": 0.00954747580434214, "bː": 0.0019618100967826314, "pː": 0.002746534135495684, "t̪ʰ": 0.002746534135495684, "d̪ʱ": 0.002746534135495684, "ɳː": 0.0017002354172116138, "kʰ": 0.0014386607376405964, "ʃ": 0.002877321475281193, "ɭː": 0.0015694480774261052, "ɳ": 0.005754642950562386, "pʰ": 0.0026157467957101752, "bʱ": 0.003269683494637719, "ɡʱ": 0.0009155113784985613, "dʒː": 0.0006539366989275438, "sː": 0.0002615746795710175, "jː": 0.00013078733978550875, "ʈʰ": 0.0007847240387130526, "ɖʱ": 0.000523149359142035, "tʃʰ": 0.00013078733978550875, "ʋː": 0.00013078733978550875}