{"o": 0.015052684395383844, "n": 0.053186151530356246, "e": 0.02408429503261415, "m": 0.050175614651279475, "a": 0.06071249372804817, "aː": 0.030607124937280482, "b": 0.08580030105368791, "p": 0.08128449573507275, "t̪": 0.0481685900652283, "d̪": 0.0481685900652283, "i": 0.032112393376818864, "iː": 0.0030105368790767687, "h": 0.05970898143502258, "j": 0.01154039136979428, "k": 0.09483191169091822, "ɡ": 0.09483191169091822, "eː": 0.007024586051179127, "dʒ": 0.025589563472152535, "tʃ": 0.021575514300050176, "s": 0.04114400401404917, "ʋ": 0.016056196688409432, "u": 0.007024586051179127, "r": 0.019568489713998997, "oː": 0.006522829904666332, "ʃ": 0.006021073758153537, "uː": 0.002508780732563974, "pʰ": 0.007526342197691922, "bʱ": 0.010035122930255895, "kʰ": 0.004014049172102358, "ɡʱ": 0.002508780732563974, "ʈ": 0.008529854490717512, "ɖ": 0.008529854490717512, "l": 0.007526342197691922, "t̪ʰ": 0.002508780732563974, "d̪ʱ": 0.002007024586051179, "tʃʰ": 0.0005017561465127947}