{"o": 0.009753262866925287, "n": 0.07090355106720485, "d̪": 0.05578677891033595, "u": 0.04271175260322596, "t̪": 0.056776240360603726, "eː": 0.014841921754016742, "e": 0.0569725620769267, "r": 0.05227654662248119, "a": 0.23341866783936172, "ɖ": 0.012423238208917718, "ʈ": 0.012925821802704528, "uː": 0.008331893640746964, "ʂ": 0.0022537733033877274, "lː": 0.004193431860658699, "i": 0.07264688790815285, "h": 0.011528011182484962, "l": 0.01233685665373561, "ɡ": 0.037340390444629425, "k": 0.03814923591588007, "ʋ": 0.017472632752744577, "ɳ": 0.006031003125441724, "bʱ": 0.002654269604686592, "nː": 0.002591446655463241, "ɡː": 0.001680513891724647, "kː": 0.0019239528199651332, "t̪ː": 0.003808641296665672, "d̪ː": 0.0037693769534010773, "aː": 0.02775203781941543, "ɭ": 0.012062006250883448, "oː": 0.005473449451084481, "bː": 0.0012721647217728636, "pː": 0.001319281933690377, "iː": 0.005371362158596535, "s": 0.015375916822415228, "m": 0.016616670069576418, "mː": 0.0005889651489689184, "j": 0.014111604969295283, "dʒ": 0.006258736316376372, "tʃ": 0.005591242480878265, "ʃ": 0.0037536712160952394, "kʰ": 0.0010051671875736207, "b": 0.01450424840194123, "p": 0.01499897912707512, "t̪ʰ": 0.001492045044054593, "d̪ʱ": 0.0016412495484600526, "sː": 0.0001413516357525404, "tʃʰ": 1.5705737305837823e-05, "tʃː": 0.0004083491699517834, "ɖː": 0.0009423442383502693, "ʈː": 0.001319281933690377, "ɳː": 0.0003376733520755132, "ɡʱ": 0.0005811122803159994, "ɭː": 0.0002041745849758917, "ʈʰ": 0.00010994016114086475, "pʰ": 0.0011308130860203233, "dʒː": 7.06758178762702e-05, "jː": 7.852868652918911e-06, "ɖʱ": 3.1411474611675645e-05, "ʋː": 7.852868652918911e-06}