{"u": 0.16406533575317606, "eː": 0.04858698470313715, "uː": 0.04044594244231268, "a": 0.34456831734508686, "e": 0.201711174487944, "i": 0.11506352087114338, "d̪": 0.00694840549649987, "t̪": 0.007103966813585688, "aː": 0.015400570391495982, "oː": 0.0037853253824215714, "n": 0.004096448016593207, "ʈ": 0.009022556390977444, "ɖ": 0.008504018667358051, "r": 0.006533575317604356, "l": 0.005911330049261084, "m": 0.0003629764065335753, "ʃ": 0.00466683951257454, "iː": 0.0011407829919626653, "o": 0.0019704433497536944, "ʋ": 0.000155561317085818, "k": 0.002488981073373088, "ɡ": 0.002488981073373088, "dʒ": 0.00046668395125745396, "ɳ": 0.00010370754472387866, "p": 0.0006740990407052113, "s": 0.0021260046668395128, "d̪ʱ": 0.00010370754472387866, "t̪ʰ": 0.00010370754472387866, "j": 0.0003629764065335753, "tʃ": 0.00025926886180969663, "ʂ": 0.00041483017889551465, "h": 5.185377236193933e-05, "b": 0.00025926886180969663, "pʰ": 5.185377236193933e-05}