{"o": 0.01938296763186579, "n": 0.05198805743803611, "d̪": 0.0382920240746884, "u": 0.05885976967916212, "a": 0.20908961660584807, "ː": 0.1206103976114876, "e": 0.06525757073124497, "m": 0.02326903938201981, "t̪": 0.028245106866973128, "r": 0.04227287806265106, "l": 0.023174257144211174, "b": 0.016112980427467893, "ɡ": 0.027439457845599733, "ʋ": 0.022415999241742098, "i": 0.0776740438841761, "h": 0.0166816738543197, "ɖ": 0.013932988957869295, "k": 0.02928771148286811, "j": 0.017819060708023315, "s": 0.021894696933794606, "p": 0.011468650774844795, "t̪ʰ": 0.001990426993981328, "dʒ": 0.0056869342685180796, "ɭ": 0.012700819866357045, "tʃ": 0.005544760911805128, "ʂ": 0.004928676366049003, "ʈ": 0.01208473532060092, "ɳ": 0.008009099094829629, "kʰ": 0.0013743424482252026, "ʃ": 0.004833894128240368, "pʰ": 0.0007108667835647599, "d̪ʱ": 0.002890858253163357, "bʱ": 0.0028434671342590398, "ɡʱ": 0.0006634756646604426, "ʈʰ": 0.0003791289512345386, "tʃʰ": 0.000142173356712952, "ɖʱ": 4.739111890431733e-05}