{"o": 0.024913093858632676, "n": 0.07473928157589803, "e": 0.034183082271147164, "m": 0.08227114716106605, "a": 0.11616454229432213, "b": 0.07850521436848204, "t̪": 0.04490150637311703, "i": 0.05417149478563152, "h": 0.08400926998841252, "d̪": 0.019119351100811123, "k": 0.09269988412514485, "j": 0.01100811123986095, "s": 0.07184241019698726, "dʒ": 0.017960602549246814, "tʃ": 0.01477404403244496, "r": 0.019119351100811123, "ʋ": 0.027809965237543453, "u": 0.01216685979142526, "p": 0.039397450753186555, "l": 0.007821552723059096, "ʃ": 0.010718424101969872, "ɡ": 0.02954808806488992, "ɖ": 0.003186558516801854, "pʰ": 0.002317497103128621, "bʱ": 0.011877172653534183, "kʰ": 0.0034762456546929316, "ʈ": 0.004345307068366165, "t̪ʰ": 0.0017381228273464658, "ɡʱ": 0.002317497103128621, "d̪ʱ": 0.002317497103128621, "tʃʰ": 0.0005793742757821553}