{"i": 0.07432346588743488, "h": 0.06860627620378605, "k": 0.13301994663956296, "n": 0.051454707152839535, "t": 0.06543005971287003, "tʃ": 0.10938889594714776, "m": 0.07483166052598145, "ʌ": 0.017659763689493076, "t͈": 0.010545038749841189, "w": 0.015754033794943462, "s": 0.09617583534493711, "kʰ": 0.006987676280015246, "p": 0.08080294752890357, "a": 0.038876889848812095, "u": 0.009020454834201498, "tʰ": 0.009655698132384703, "j": 0.05005717189683649, "l": 0.0052089950451022745, "k͈": 0.004319654427645789, "tʃʰ": 0.023504002032778554, "o": 0.01232371998475416, "pʰ": 0.018549104306949563, "e": 0.0013975352560030492, "ɨ": 0.010545038749841189, "p͈": 0.004065557108372506, "s͈": 0.002540973192732817, "t͈ʃ": 0.002286875873459535, "ɛ": 0.0017786812349129717, "ø": 0.0008893406174564859}