{"i": 0.09113607990012484, "h": 0.04868913857677903, "k": 0.10486891385767791, "n": 0.06367041198501873, "t": 0.0749063670411985, "tʃ": 0.09488139825218476, "m": 0.06741573033707865, "ʌ": 0.0299625468164794, "w": 0.018726591760299626, "s": 0.06741573033707865, "kʰ": 0.011235955056179775, "p": 0.07240948813982521, "a": 0.05368289637952559, "u": 0.011235955056179775, "t͈": 0.02247191011235955, "j": 0.03245942571785269, "l": 0.011235955056179775, "k͈": 0.012484394506866416, "tʃʰ": 0.0299625468164794, "o": 0.02372034956304619, "e": 0.004993757802746567, "ɨ": 0.00749063670411985, "p͈": 0.0024968789013732834, "tʰ": 0.012484394506866416, "s͈": 0.009987515605493134, "t͈ʃ": 0.0024968789013732834, "ɛ": 0.0024968789013732834, "ø": 0.003745318352059925, "pʰ": 0.011235955056179775}