{"a": 0.1198501872659176, "n": 0.10486891385767791, "i": 0.1735330836454432, "ɛ": 0.04868913857677903, "l": 0.09238451935081149, "o": 0.08739076154806492, "e": 0.0986267166042447, "u": 0.04244694132334582, "s": 0.01373283395755306, "ø": 0.006242197253433208, "m": 0.03745318352059925, "tʃʰ": 0.0024968789013732834, "ʌ": 0.0686641697877653, "ŋ": 0.039950062421972535, "k": 0.0299625468164794, "ɨ": 0.0149812734082397, "p": 0.0149812734082397, "t": 0.0012484394506866417, "tʰ": 0.0012484394506866417, "pʰ": 0.0012484394506866417}