{"i": 0.08718170047475184, "s͈": 0.0039039510338603994, "n": 0.10207164436771687, "ɨ": 0.07195825322713541, "t": 0.03240867893435869, "e": 0.024208419978812727, "a": 0.10279750461019344, "tʃ": 0.03391925295248558, "k": 0.07860870247577197, "j": 0.035802566014046376, "o": 0.04535645623258917, "h": 0.029309059520539884, "m": 0.033723074508572995, "l": 0.07827519912112058, "s": 0.04123670891042492, "ʌ": 0.06375799427158944, "w": 0.01192764938988504, "ŋ": 0.031094283360144387, "ɛ": 0.01571389335739789, "u": 0.0266214148389375, "p": 0.022992113626554716, "pʰ": 0.005179110919292188, "tʃʰ": 0.006513124337897752, "t͈ʃ": 0.000882802997606623, "k͈": 0.0022756699493859615, "ø": 0.003119237258210068, "tʰ": 0.004786754031467022, "t͈": 0.0018833130615607957, "kʰ": 0.001706752462039471, "p͈": 0.0007847137756503315}