{"i": 0.07979334098737084, "h": 0.05625717566016074, "k": 0.12342135476463835, "n": 0.05309988518943743, "t": 0.0708955223880597, "tʃ": 0.1013203214695752, "m": 0.07577497129735936, "ʌ": 0.020378874856486796, "t͈": 0.0134902411021814, "w": 0.018369690011481057, "s": 0.08897818599311137, "kʰ": 0.006888633754305396, "p": 0.07577497129735936, "a": 0.04822043628013777, "u": 0.008323765786452353, "tʰ": 0.011768082663605052, "j": 0.045063145809414465, "l": 0.008610792192881744, "k͈": 0.006314580941446613, "tʃʰ": 0.026693455797933408, "o": 0.0169345579793341, "pʰ": 0.014638346727898967, "e": 0.0031572904707233064, "ɨ": 0.009184845005740528, "p͈": 0.005166475315729047, "s͈": 0.0037313432835820895, "t͈ʃ": 0.0037313432835820895, "ɛ": 0.0020091848450057405, "ø": 0.0020091848450057405}