{"n": 0.17901156142802693, "e": 0.09503239740820735, "a": 0.10265531698640579, "i": 0.16973700927455215, "o": 0.11281920975733706, "m": 0.01842205564731292, "l": 0.13962647694066826, "ʌ": 0.05374158302629907, "ɨ": 0.010163892770931268, "ŋ": 0.03925803582772202, "ɛ": 0.01677042307203659, "k": 0.03468428408080295, "tʃ": 0.0005081946385465633, "u": 0.014737644517850337, "p": 0.004446703087282429, "s": 0.0064794816414686825, "ø": 0.0011434379367297675, "tʃʰ": 0.0003811459789099225, "t": 0.00012704865963664082, "tʰ": 0.00012704865963664082, "pʰ": 0.00012704865963664082}