{"i": 0.10570469798657718, "s͈": 0.006040268456375839, "n": 0.06442953020134229, "a": 0.10436241610738255, "h": 0.021140939597315438, "k": 0.07348993288590604, "ɨ": 0.03825503355704698, "l": 0.06241610738255034, "ɛ": 0.03422818791946309, "o": 0.0587248322147651, "e": 0.036241610738255034, "t": 0.03691275167785235, "j": 0.020134228187919462, "ʌ": 0.0634228187919463, "u": 0.04093959731543624, "s": 0.040268456375838924, "tʃ": 0.039261744966442955, "m": 0.03859060402684564, "ø": 0.008053691275167786, "t͈": 0.007046979865771812, "w": 0.015100671140939598, "tʰ": 0.008389261744966443, "tʃʰ": 0.012751677852348993, "p": 0.030201342281879196, "ŋ": 0.015771812080536914, "kʰ": 0.003355704697986577, "k͈": 0.004697986577181208, "pʰ": 0.00738255033557047, "p͈": 0.0010067114093959733, "t͈ʃ": 0.0016778523489932886}