{"i": 0.09260709092942623, "s͈": 0.004417850352309585, "n": 0.0880214741080416, "ɨ": 0.05978078514707527, "e": 0.02807292249189129, "j": 0.030142042277150206, "o": 0.05245498266413153, "a": 0.1024493904484957, "h": 0.02438206017224024, "l": 0.07560675539648809, "t": 0.03249077284420087, "ŋ": 0.026059724862990716, "k": 0.07627782127278827, "m": 0.03601386869477687, "u": 0.02919136561905827, "tʃ": 0.03819483279275249, "p": 0.02650710211385751, "ʌ": 0.06358349177944302, "tʃʰ": 0.009786377362711107, "t͈ʃ": 0.0016776646907504754, "s": 0.043787048428587404, "ɛ": 0.01974052119449726, "k͈": 0.0035790180069343474, "t͈": 0.003187562912425903, "w": 0.011967341460686724, "kʰ": 0.002180964097975618, "ø": 0.004473772508667934, "tʰ": 0.006039592886701711, "pʰ": 0.006039592886701711, "p͈": 0.0012862095962420312}