{"n": 0.19158764891806468, "o": 0.10260150741551179, "a": 0.10916605883783127, "l": 0.150012156576708, "i": 0.15244347191830782, "s": 0.0046194991490396305, "e": 0.08290785314855337, "ɛ": 0.020666180403598345, "ŋ": 0.03525407245319718, "tʃʰ": 0.0007293946024799417, "ʌ": 0.06442985655239485, "m": 0.019450522732798445, "u": 0.014587892049598834, "k": 0.03112083637247751, "ɨ": 0.010940919037199124, "p": 0.006564551422319475, "ø": 0.0019450522732798443, "t": 0.00024313153415998054, "tʃ": 0.00024313153415998054, "tʰ": 0.00024313153415998054, "pʰ": 0.00024313153415998054}