{"i": 0.06977875030391442, "h": 0.06467298808655482, "k": 0.1337223437879893, "n": 0.05348893751519572, "t": 0.06686117189399465, "tʃ": 0.10989545344031121, "m": 0.07804522246535375, "ʌ": 0.023340627279358133, "t͈": 0.013858497447118891, "w": 0.01361536591295891, "s": 0.10089958667639193, "kʰ": 0.008023340627279359, "p": 0.07512764405543398, "a": 0.040602966204716755, "u": 0.005105762217359592, "tʰ": 0.010454655968879163, "j": 0.04352054461463652, "l": 0.005835156819839533, "k͈": 0.006564551422319475, "tʃʰ": 0.02650133722343788, "o": 0.011913445173839047, "pʰ": 0.015803549720398737, "e": 0.0019450522732798443, "ɨ": 0.00899586676391928, "p͈": 0.003160709944079747, "s͈": 0.0029175784099197666, "t͈ʃ": 0.002674446875759786, "ɛ": 0.0012156576707999028, "ø": 0.0014587892049598833}