{"i": 0.08488030760325795, "s͈": 0.006284367635506678, "n": 0.08967627237772358, "ɨ": 0.06978955637325836, "h": 0.02852772150328689, "a": 0.09906147930706578, "k": 0.07280770661925828, "l": 0.07681812543928557, "o": 0.04812502584032745, "t": 0.0332409972299169, "j": 0.029726712696903294, "ʌ": 0.06333981064208045, "s": 0.04456939678339604, "tʃ": 0.03683797081076611, "m": 0.03663124819117708, "ɛ": 0.019473270765287137, "p": 0.02724604126183487, "t͈": 0.002852772150328689, "u": 0.029395956505560837, "e": 0.02782486459668417, "k͈": 0.003845040724356059, "w": 0.01136974407739695, "ŋ": 0.026005705544300657, "tʰ": 0.006904535494273783, "tʃʰ": 0.009013106214081945, "ø": 0.004713275726630008, "kʰ": 0.002480671435068425, "t͈ʃ": 0.0013643692892876338, "pʰ": 0.006367056683342291, "p͈": 0.0008268904783561417}