{"o": 0.15546110252447193, "ŋ": 0.14799072642967542, "a": 0.30486862442040186, "aː": 0.07843894899536322, "i": 0.14567233384853168, "k": 0.007470376094796497, "ɡ": 0.007470376094796497, "e": 0.032199896960329724, "s": 0.01172076249356002, "u": 0.04250386398763524, "oː": 0.0024471921689850594, "d": 0.009015971148892323, "t": 0.009015971148892323, "l": 0.006955177743431221, "n": 0.014039155074703762, "r": 0.007341576506955177, "m": 0.004894384337970119, "uː": 0.0033487892838742917, "iː": 0.00115919629057187, "b": 0.00231839258114374, "p": 0.00231839258114374, "dz": 0.0010303967027305513, "ts": 0.0010303967027305513, "f": 0.00025759917568263783, "j": 0.0005151983513652757, "w": 0.0003863987635239567, "eː": 0.00012879958784131891}