{"m": 0.036299981573613416, "o": 0.09305325225723236, "n": 0.03390455131748664, "a": 0.14777962041643633, "k": 0.051041090842085864, "ɡ": 0.05177814630550949, "aː": 0.035378662244333885, "i": 0.06965174129353234, "e": 0.06025428413488115, "ŋ": 0.036668509305325225, "dz": 0.030403537866224434, "ts": 0.02542841348811498, "iː": 0.011977151280633867, "uː": 0.014188317670904735, "j": 0.006633499170812604, "u": 0.0521466740372213, "oː": 0.014556845402616547, "w": 0.024138566427123642, "l": 0.017320803390455133, "r": 0.03224617652478349, "b": 0.021006080707573246, "p": 0.019531969780726, "kp": 0.011792887414777962, "s": 0.025796941219826793, "t": 0.03150912106135987, "d": 0.029482218536944906, "ɡb": 0.005896443707388981, "h": 0.0035010134512622076, "eː": 0.005343652109821264, "f": 0.0012898470609913396}