{"m": 0.07459568211715546, "k": 0.11433103768474813, "ɡ": 0.11429234697825583, "a": 0.06507776832004952, "dz": 0.04577110578039155, "ts": 0.042172870076607596, "e": 0.025574556991410664, "iː": 0.007854213417937012, "j": 0.011800665480151667, "b": 0.03636926410276252, "p": 0.034937707962547394, "kp": 0.04863421806082179, "o": 0.029134101988702314, "l": 0.01826201346436586, "s": 0.048208620289406486, "n": 0.048363383115375684, "i": 0.01911320900719647, "ɡb": 0.026851350305656583, "h": 0.0070417085815987, "t": 0.05261936082952875, "d": 0.05261936082952875, "uː": 0.011104232763290258, "u": 0.018494157703319664, "w": 0.023020970362918825, "r": 0.0141221078696897, "oː": 0.003985142768706956, "f": 0.0013154840207382187, "aː": 0.003907761355722355, "eː": 0.00027083494544610385, "ŋ": 0.0001547628259692022}