{"o": 0.15809022672754006, "ŋ": 0.16633134721040005, "i": 0.168381954654492, "a": 0.32519538806778614, "aː": 0.0561015244138358, "r": 0.006538729397198793, "k": 0.010949469937321056, "ɡ": 0.011375067708736362, "d": 0.004372049833629962, "t": 0.004720266192060667, "e": 0.019422734659134876, "u": 0.03934844850266966, "s": 0.005997059506306585, "oː": 0.0006577420103691093, "n": 0.011839356186643968, "l": 0.0033660914648301478, "m": 0.0026309680414764373, "uː": 0.0008898862493229127, "iː": 0.0003482163584307049, "p": 0.0012381026077536177, "b": 0.0012381026077536177, "dz": 0.0003095256519384044, "ts": 0.0003095256519384044, "f": 3.869070649230055e-05, "j": 0.0001547628259692022, "w": 0.00011607211947690165, "eː": 3.869070649230055e-05}