{"m": 0.06988120195667366, "k": 0.11740041928721175, "ɡ": 0.116701607267645, "a": 0.055904961565338925, "dz": 0.055904961565338925, "ts": 0.04612159329140461, "e": 0.02585604472396925, "iː": 0.01607267645003494, "j": 0.0069881201956673656, "b": 0.03214535290006988, "p": 0.029350104821802937, "kp": 0.0440251572327044, "o": 0.01607267645003494, "l": 0.02166317260656883, "s": 0.050314465408805034, "i": 0.011879804332634521, "ɡb": 0.02236198462613557, "h": 0.012578616352201259, "t": 0.047519217330538085, "d": 0.047519217330538085, "uː": 0.015373864430468204, "n": 0.03494060097833683, "u": 0.025157232704402517, "w": 0.027952480782669462, "r": 0.023060796645702306, "oː": 0.011180992313067784, "aː": 0.008385744234800839, "f": 0.0041928721174004195, "eː": 0.0034940600978336828}