{"m": 0.03873835380030964, "o": 0.14473749923699705, "n": 0.044587118290429446, "ŋ": 0.06896436914915459, "ɡ": 0.06434750761615679, "i": 0.0884861466408448, "k": 0.06397016797163294, "a": 0.14008179391706296, "w": 0.016469765660982526, "aː": 0.015137978680310084, "e": 0.05420373011336837, "d": 0.03219595025775627, "t": 0.032589937239538534, "r": 0.028023017718315956, "dz": 0.019549523053787547, "ts": 0.018289874534568196, "b": 0.018511839031346938, "p": 0.01809010648746733, "s": 0.016719475719858608, "iː": 0.002502649701180296, "j": 0.006975234311271912, "eː": 0.0016147917140653353, "u": 0.026935391684100127, "l": 0.01634768518775422, "oː": 0.004483682834930553, "uː": 0.003545882836040375, "kp": 0.007890837860484216, "ɡb": 0.00445593727283321, "h": 0.0010931751466352958, "f": 0.000460576330815886}