{"o": 0.1249357326478149, "ː": 0.08894601542416453, "ŋ": 0.23958868894601543, "e": 0.03521850899742931, "a": 0.2979434447300771, "i": 0.10976863753213367, "u": 0.03933161953727506, "s": 0.013624678663239074, "k": 0.004627249357326478, "t": 0.007712082262210797, "n": 0.012596401028277636, "d": 0.002570694087403599, "l": 0.0071979434447300775, "m": 0.005398457583547558, "f": 0.0002570694087403599, "r": 0.0038560411311053984, "b": 0.0017994858611825194, "ts": 0.0015424164524421595, "w": 0.0007712082262210797, "p": 0.0010282776349614395, "ɡ": 0.0010282776349614395, "j": 0.0002570694087403599}