{"o": 0.13906359189378056, "a": 0.2809224318658281, "aː": 0.06429070580013976, "k": 0.012578616352201259, "ɡ": 0.013277428371767994, "i": 0.14675052410901468, "ŋ": 0.0880503144654088, "e": 0.061495457721872815, "u": 0.08525506638714186, "oː": 0.007686932215234102, "l": 0.013976240391334731, "r": 0.007686932215234102, "t": 0.013976240391334731, "d": 0.009783368273934312, "p": 0.004891684136967156, "b": 0.004891684136967156, "s": 0.009084556254367574, "n": 0.013976240391334731, "m": 0.007686932215234102, "dz": 0.0034940600978336828, "ts": 0.0034940600978336828, "eː": 0.0006988120195667365, "w": 0.0006988120195667365, "uː": 0.0041928721174004195, "iː": 0.0020964360587002098}