{"m": 0.09948586118251929, "kp": 0.042673521850899745, "k": 0.15012853470437018, "a": 0.08483290488431877, "dz": 0.05784061696658098, "e": 0.030848329048843187, "i": 0.043958868894601544, "j": 0.011568123393316195, "b": 0.04138817480719794, "o": 0.0416452442159383, "l": 0.02596401028277635, "s": 0.07017994858611826, "ɡ": 0.04447300771208226, "n": 0.05989717223650386, "h": 0.013367609254498715, "t": 0.04627249357326478, "u": 0.037532133676092545, "w": 0.030591259640102827, "p": 0.014910025706940874, "ɡb": 0.007455012853470437, "r": 0.015681233933161953, "d": 0.02005141388174807, "f": 0.005141388174807198, "ts": 0.0033419023136246786, "ŋ": 0.0007712082262210797}