{"t": 0.051599803962752926, "d": 0.0515531284277346, "n": 0.08891689420989989, "e": 0.027608578963336367, "r": 0.05349016313099489, "b": 0.03855399192513244, "p": 0.04023431118579197, "β": 0.015402926556045648, "k": 0.06408550958015356, "ɡ": 0.06408550958015356, "u": 0.03495997572872179, "i": 0.08144880860696865, "o": 0.04665219725081099, "ɣ": 0.046582183948283507, "l": 0.007748138813041145, "a": 0.033699736283227144, "ŋ": 0.03467992251861187, "z": 0.09612826437023034, "s": 0.09622161544026699, "m": 0.026348339517841723}