{"m": 0.02883342028171275, "e": 0.10504033067137526, "t": 0.052610457883542676, "d": 0.052610457883542676, "a": 0.16718166860628436, "ɣ": 0.04002969621573899, "o": 0.08698182110036519, "ɡ": 0.03495324852522172, "k": 0.03495324852522172, "u": 0.0309803764195995, "s": 0.038926120630843934, "z": 0.038926120630843934, "i": 0.07945744211244432, "ŋ": 0.021389301336329707, "p": 0.045748224246558854, "b": 0.045748224246558854, "n": 0.035133833620931816, "β": 0.012560696657169228, "r": 0.03870540551386492, "l": 0.009229904891849593}