{"m": 0.041920731707317076, "p": 0.07164634146341463, "b": 0.07164634146341463, "a": 0.12957317073170732, "t": 0.07469512195121951, "d": 0.07469512195121951, "e": 0.08689024390243902, "r": 0.02972560975609756, "ɣ": 0.041920731707317076, "ŋ": 0.01676829268292683, "i": 0.028963414634146343, "ɡ": 0.057926829268292686, "k": 0.057926829268292686, "n": 0.04496951219512195, "z": 0.052591463414634144, "s": 0.052591463414634144, "o": 0.038109756097560975, "l": 0.007621951219512195, "u": 0.019817073170731708}