{"m": 0.028739249003566184, "e": 0.1145374449339207, "t": 0.05621984476610027, "d": 0.055800293685756244, "p": 0.045101741136983425, "o": 0.09272078875603104, "b": 0.042584434654919234, "u": 0.0381791483113069, "a": 0.14432557163834697, "n": 0.030627228865114327, "r": 0.045101741136983425, "i": 0.08055380742605413, "β": 0.013006083490664988, "ɣ": 0.028319697923222153, "ŋ": 0.023075309418921754, "k": 0.042794210195091255, "ɡ": 0.042794210195091255, "s": 0.03188588210614642, "z": 0.03188588210614642, "l": 0.011747430249632892}