{"m": 0.057247543699969664, "p": 0.09836869005110971, "b": 0.09836869005110971, "a": 0.09647833088286774, "t": 0.06536908679315737, "d": 0.06504235804802913, "e": 0.09605825106770287, "r": 0.022917687693995194, "ɣ": 0.07773810357301221, "ŋ": 0.025741557562603563, "i": 0.021097341828280707, "ɡ": 0.039044085042824805, "k": 0.039884244673154566, "n": 0.0697332493173703, "z": 0.0428481411468179, "s": 0.0428481411468179, "o": 0.02224089243622955, "l": 0.009405120306191509, "u": 0.00956848467875563}