{"t": 0.07926829268292683, "d": 0.07774390243902439, "e": 0.04954268292682927, "u": 0.05030487804878049, "n": 0.038109756097560975, "r": 0.054115853658536585, "i": 0.07545731707317073, "β": 0.028201219512195123, "m": 0.041920731707317076, "o": 0.039634146341463415, "p": 0.054878048780487805, "b": 0.04801829268292683, "ɣ": 0.04801829268292683, "ŋ": 0.04649390243902439, "a": 0.04954268292682927, "k": 0.053353658536585365, "ɡ": 0.053353658536585365, "s": 0.04420731707317073, "z": 0.04420731707317073, "l": 0.023628048780487805}