{"m": 0.031463472642469244, "e": 0.09909755162982439, "t": 0.04944967826328237, "d": 0.04830014666437641, "a": 0.1947432052112099, "b": 0.04208673017718642, "n": 0.03613757382767596, "p": 0.045498989204973375, "r": 0.039771150720769526, "ɣ": 0.04471611854709776, "β": 0.013553241811238983, "k": 0.03185325634554655, "ɡ": 0.03226285955894983, "u": 0.027142819391408904, "i": 0.07576998797616373, "o": 0.07983959409642852, "l": 0.006827821307294901, "ŋ": 0.02048016067016371, "z": 0.040580447392413094, "s": 0.040425194561526365}