{"m": 0.04693140794223827, "p": 0.09545551072414525, "b": 0.09545551072414525, "a": 0.10777235081758335, "t": 0.06445105117859418, "d": 0.06445105117859418, "e": 0.09694202590783606, "r": 0.022828626035251647, "ɣ": 0.07092801019324697, "ŋ": 0.02134211085156084, "i": 0.021023571883627096, "ɡ": 0.04438309619876832, "k": 0.04438309619876832, "n": 0.06179655977914632, "s": 0.047356126566149924, "z": 0.047356126566149924, "o": 0.02888086642599278, "l": 0.0069016776385644515, "u": 0.011361223189636865}