{"m": 0.04890957204124464, "e": 0.09549228944246738, "t": 0.059038233415457615, "p": 0.049730814855370016, "o": 0.10375034218450589, "a": 0.1707272561365088, "b": 0.017519846701341362, "n": 0.05940323022173556, "i": 0.07094625422027558, "r": 0.04640021899808377, "u": 0.027420385071630624, "β": 0.022401678985308877, "ŋ": 0.03161784834382699, "ɣ": 0.06925814399124007, "s": 0.019344830732731088, "z": 0.03567843781366913, "ɡ": 0.015238616662104206, "d": 0.011132402591477325, "k": 0.033214709371293, "l": 0.012774888219728078}