{"dʒ": 0.02235350471020278, "ɑ": 0.1309276704454734, "n": 0.030336899249560914, "tʃ": 0.025227526744371707, "ɯ": 0.04678269200063867, "m": 0.015328117515567619, "e": 0.06211080951620629, "i": 0.03784129011655756, "b": 0.030017563467986588, "r": 0.03847996167970621, "p": 0.029219224014050773, "øː": 0.0028740220341689285, "l": 0.03736228644419607, "uː": 0.01644579275107776, "ɡ": 0.05109372505189207, "k": 0.05588376177550695, "o": 0.03129490659428389, "u": 0.04534568098355421, "d": 0.05109372505189207, "t": 0.05189206450582788, "y": 0.032093246048219705, "s": 0.03704295066262175, "z": 0.0346479323008143, "j": 0.018042471658949386, "ʃ": 0.013412102826121666, "ø": 0.02889988823247645, "yː": 0.004630368832827718, "ŋ": 0.004470700942040556, "oː": 0.007823726648570973, "ɑː": 0.003991697269679068, "χ": 0.001117675235510139, "v": 0.0009580073447229762, "eː": 0.0007983394539358135, "iː": 0.0001596678907871627}