{"dʒ": 0.06338862559241706, "tʃ": 0.061611374407582936, "m": 0.017772511848341232, "b": 0.04798578199052133, "p": 0.043246445497630334, "e": 0.045023696682464455, "d": 0.07049763033175356, "t": 0.07049763033175356, "y": 0.012440758293838863, "k": 0.08767772511848342, "ɡ": 0.0835308056872038, "ɑ": 0.139218009478673, "ɯ": 0.01481042654028436, "o": 0.02962085308056872, "i": 0.0254739336492891, "s": 0.04028436018957346, "z": 0.037322274881516584, "u": 0.035545023696682464, "ø": 0.03672985781990521, "uː": 0.001184834123222749, "n": 0.010071090047393365, "ʃ": 0.006516587677725118, "χ": 0.001184834123222749, "l": 0.0035545023696682463, "eː": 0.0017772511848341231, "r": 0.004739336492890996, "oː": 0.006516587677725118, "v": 0.0005924170616113745, "ɑː": 0.001184834123222749}