{"dʒ": 0.08466084275436793, "tʃ": 0.08410414525522439, "m": 0.028884035628639945, "b": 0.06395597807468312, "p": 0.06213600548132922, "e": 0.03040424803014731, "d": 0.07785200411099692, "t": 0.07785200411099692, "y": 0.006038026721479959, "k": 0.08712315861596437, "ɡ": 0.08693045563549161, "ɑ": 0.12863994518670777, "ɯ": 0.012097464885234669, "o": 0.015287769784172662, "i": 0.018392428914011646, "s": 0.03791966426858513, "z": 0.03787684138403563, "u": 0.02145426515930113, "ø": 0.013874614594039054, "uː": 0.0025051387461459402, "n": 0.004881808838643371, "r": 0.004003939705378554, "ʃ": 0.005310037684138403, "χ": 0.0013703323055841042, "l": 0.0019912641315519013, "eː": 0.0009635149023638233, "oː": 0.002933367591640973, "v": 0.0004924631723192875, "j": 2.1411442274751628e-05, "ɑː": 4.2822884549503255e-05}