{"ɑ": 0.10722748815165876, "n": 0.052132701421800945, "ɯ": 0.0811611374407583, "i": 0.05509478672985782, "r": 0.030213270142180094, "øː": 0.006516587677725118, "l": 0.031990521327014215, "uː": 0.04206161137440758, "e": 0.05154028436018957, "ɡ": 0.03909952606635071, "k": 0.03909952606635071, "m": 0.019549763033175356, "u": 0.04443127962085308, "o": 0.018364928909952605, "p": 0.04443127962085308, "b": 0.039691943127962086, "s": 0.03317535545023697, "z": 0.03139810426540284, "d": 0.04443127962085308, "t": 0.04443127962085308, "ʃ": 0.017180094786729858, "y": 0.03495260663507109, "yː": 0.015995260663507108, "j": 0.018364928909952605, "ŋ": 0.01066350710900474, "oː": 0.006516587677725118, "ø": 0.024881516587677725, "v": 0.0005924170616113745, "ɑː": 0.001184834123222749, "tʃ": 0.005924170616113744, "χ": 0.002369668246445498, "dʒ": 0.004739336492890996, "iː": 0.0005924170616113745}