{"dʒ": 0.014459676662620661, "ɑ": 0.17179984683700247, "n": 0.06491265774123929, "tʃ": 0.015252734080583108, "ɯ": 0.07282507030060509, "d": 0.06671671202026837, "j": 0.02095245590509948, "t": 0.06678330462788354, "b": 0.02734534623615555, "p": 0.026970006084142788, "r": 0.04880330057178835, "e": 0.04686000720410937, "ɡ": 0.051494247306783064, "k": 0.061991663816301265, "uː": 0.004773479191323589, "ø": 0.01600946825802819, "ʃ": 0.015510023700914437, "v": 0.0007415994938961821, "m": 0.015307218941359155, "i": 0.03729186026449373, "l": 0.044483861886931805, "o": 0.0160700069922238, "øː": 0.00030269367097803353, "y": 0.01841890987901334, "χ": 0.0007839766078331068, "z": 0.02266267514612537, "s": 0.022471978133409207, "u": 0.021715243955964126, "ŋ": 0.0012319632408805965, "ɑː": 0.0015286030384390693, "yː": 0.001101804962360042, "oː": 0.002209663798139645, "eː": 0.00019675088613572178, "iː": 2.1188556968462346e-05}