{"ɑ": 0.11092362996111804, "n": 0.13322573545594601, "ɯ": 0.08634729660333064, "b": 0.05524172841317585, "p": 0.05524172841317585, "uː": 0.023182451764360647, "i": 0.04086273934414203, "e": 0.037708165211649915, "ɡ": 0.04717188760912626, "k": 0.04717188760912626, "j": 0.02707064778813, "r": 0.04929939109383024, "øː": 0.0029344875651089427, "y": 0.024943144303426014, "ø": 0.02347590052087154, "ʃ": 0.012618296529968454, "d": 0.03778152740077764, "t": 0.03778152740077764, "z": 0.019074169173208127, "s": 0.019074169173208127, "l": 0.023035727386105202, "m": 0.018340547281930894, "u": 0.026190301518597314, "o": 0.013498642799501137, "ŋ": 0.0036681094563861785, "oː": 0.005502164184579268, "yː": 0.00799647861492187, "dʒ": 0.004401731347663414, "tʃ": 0.004401731347663414, "v": 0.000513535323894065, "χ": 0.00044017313476634145, "ɑː": 0.00044017313476634145, "iː": 0.00044017313476634145}