{"ɑ": 0.111896197327852, "n": 0.14086587872559095, "j": 0.03344467283316204, "b": 0.0684309695101062, "p": 0.06860226104830422, "r": 0.04395769099006509, "ɯ": 0.09988437821171633, "ɡ": 0.04318687906817403, "k": 0.04344381637547105, "uː": 0.022781774580335732, "v": 0.0026550188420692016, "i": 0.042822884549503254, "e": 0.03412983898595409, "l": 0.01738609112709832, "o": 0.007429770469338815, "d": 0.03888317917094895, "t": 0.03888317917094895, "øː": 0.0009421034600890716, "y": 0.01620846180198698, "ø": 0.015887290167865706, "ʃ": 0.012739808153477219, "χ": 0.0022696128811236726, "tʃ": 0.004153819801301815, "dʒ": 0.0036399451867077767, "z": 0.01858513189448441, "s": 0.018735011990407675, "m": 0.01670092497430627, "u": 0.01498800959232614, "ŋ": 0.0032545392257622473, "yː": 0.006980130181569031, "oː": 0.0051387461459403904, "ɑː": 0.0009421034600890716, "iː": 0.00014988009592326138}