{"dʒ": 0.07585650355806617, "tʃ": 0.07585650355806617, "m": 0.02655711246423593, "b": 0.057222507519624384, "p": 0.057222507519624384, "e": 0.03242608759445382, "d": 0.07570977917981073, "t": 0.07570977917981073, "y": 0.00843665174968821, "ɡ": 0.09214290954442081, "k": 0.09214290954442081, "ɑ": 0.12654977624532315, "ɯ": 0.011224414936541706, "o": 0.021054948279656666, "i": 0.01848727166018634, "z": 0.04115618810065293, "s": 0.04115618810065293, "u": 0.023329176142616096, "ø": 0.022889003007849754, "uː": 0.0006602597021495121, "n": 0.0049152666715574795, "r": 0.0030078497542366666, "ʃ": 0.006675959210622845, "χ": 0.0016139681608099185, "l": 0.0027144009977257723, "eː": 0.001173795026043577, "oː": 0.002861125375981219, "j": 0.00014672437825544713, "v": 0.0009537084586604065, "ɑː": 0.00014672437825544713}