{"dʒ": 0.017469608284556504, "ɑ": 0.12944619540747412, "n": 0.06803241782980639, "m": 0.027104907699234577, "e": 0.053084196307969386, "b": 0.0285006753714543, "i": 0.045835209365150835, "r": 0.052093651508329585, "ɯ": 0.05560558307068888, "l": 0.0490319675821702, "o": 0.03502926609635299, "u": 0.04254840162089149, "p": 0.01859522737505628, "d": 0.034533993696533094, "y": 0.029266096352994146, "tʃ": 0.013867627194957226, "ɡ": 0.02755515533543449, "k": 0.0675371454299865, "z": 0.01530841963079694, "s": 0.027870328680774426, "j": 0.02480864475461504, "t": 0.060828455650607835, "ʃ": 0.01990094552003602, "ø": 0.026159387663214767, "ŋ": 0.0035119315623592974, "ː": 0.021927059882935616, "χ": 0.0019360648356596128, "v": 0.002611436289959478}