{"dʒ": 0.09697130712008502, "m": 0.04729011689691817, "b": 0.10945802337938364, "e": 0.03480340063761955, "d": 0.03134962805526036, "y": 0.009829968119022316, "k": 0.18198724760892668, "ɑ": 0.12380446333687567, "t": 0.09325185972369819, "ɡ": 0.002391073326248672, "tʃ": 0.02975557917109458, "ɯ": 0.012752391073326248, "o": 0.035600425079702444, "i": 0.025770456960680126, "s": 0.06110520722635494, "u": 0.02683315621679065, "ø": 0.028427205100956428, "p": 0.008767268862911796, "n": 0.010361317747077577, "r": 0.007970244420828906, "ʃ": 0.008767268862911796, "χ": 0.002922422954303932, "z": 0.004250797024442083, "l": 0.0037194473963868225, "v": 0.001594048884165781, "j": 0.00026567481402763017}