{"ɑ": 0.10786397449521785, "n": 0.1857066950053135, "r": 0.05047821466524974, "ɯ": 0.07598299681190224, "e": 0.04197662061636557, "p": 0.07173219978746015, "z": 0.020988310308182784, "l": 0.02895855472901169, "s": 0.0066418703506907545, "t": 0.0589798087141339, "k": 0.061370882040382574, "o": 0.01567481402763018, "i": 0.05180658873538788, "j": 0.02789585547290117, "ø": 0.022848034006376194, "m": 0.023379383634431455, "ŋ": 0.006110520722635494, "u": 0.03294367693942614, "ː": 0.052869287991498405, "ʃ": 0.0167375132837407, "y": 0.02497343251859724, "v": 0.005047821466524973, "χ": 0.0018597236981934113, "tʃ": 0.003188097768331562, "d": 0.0018597236981934113, "b": 0.001594048884165781, "dʒ": 0.00026567481402763017, "ɡ": 0.00026567481402763017}