{"ʔ": 0.028292989625903806, "a": 0.11180970344755319, "n": 0.0846693911767788, "u": 0.006601697579377554, "f": 0.009430996541967935, "j": 0.07146599601802368, "e": 0.10101645184952321, "ɾ": 0.06423556533584826, "m": 0.07712459394320444, "p": 0.08896573404589751, "o": 0.08110657026092424, "i": 0.08037304830766007, "t": 0.056481190401341294, "k": 0.022634391700723042, "ɡ": 0.02127213664466101, "ɨ": 0.014880016766216074, "s": 0.02996961123336477, "kʷ": 0.01058367389709735, "w": 0.03824793042020329, "ã": 0.00020957770093262077, "ũ": 0.00020957770093262077, "ẽ": 0.00041915540186524154}