{"ʔ": 0.028034628273550948, "ɡ": 0.03622626287700136, "a": 0.20311530346282736, "ã": 0.0025288568946257913, "j": 0.043952463696164824, "u": 0.06002544371354102, "w": 0.044883331264738736, "e": 0.12185056472632494, "m": 0.044821273426833806, "ɾ": 0.07054424723842621, "i": 0.052190641678043936, "t": 0.03107546233089239, "ũ": 0.008501923792975053, "p": 0.052857763435521905, "ɨ": 0.03951532828596252, "o": 0.058706714658061314, "k": 0.03621074841752513, "f": 0.00411133176120144, "n": 0.029353357329030657, "s": 0.020184311778577633, "ẽ": 0.004266476355963758, "kʷ": 0.005150800546108974, "õ": 0.0004964627032394191, "ĩ": 0.0009153531090976791, "ɨ̃": 0.0004809482437631873}