{"ʔ": 0.04335260115606936, "a": 0.09794476557482337, "n": 0.07578676942838793, "u": 0.009312780989081566, "f": 0.009633911368015413, "j": 0.06551059730250482, "e": 0.07482337829158639, "ɾ": 0.06936416184971098, "m": 0.09409120102761721, "p": 0.09858702633269108, "o": 0.07739242132305717, "i": 0.07385998715478484, "t": 0.06486833654463713, "k": 0.03789338471419396, "ɨ": 0.02601156069364162, "s": 0.026332691072575465, "kʷ": 0.012845215157353885, "w": 0.037251123956326265, "ɡ": 0.002890173410404624, "ã": 0.0003211303789338471, "ũ": 0.0006422607578676942, "ẽ": 0.0012845215157353885}