{"ʔ": 0.043251902282739285, "ɡ": 0.040448538245895074, "a": 0.17821385662795355, "ã": 0.010012014417300761, "j": 0.02883460152182619, "u": 0.06688025630756908, "w": 0.034841810172206646, "ɾ": 0.05606728073688426, "e": 0.09891870244293152, "n": 0.03804565478574289, "p": 0.05326391670004005, "i": 0.062474969963956746, "o": 0.07529034841810173, "t": 0.03323988786543853, "k": 0.04124949939927913, "ɨ": 0.04685622747296756, "ẽ": 0.008009611533840609, "m": 0.03404084901882259, "ũ": 0.00881057268722467, "s": 0.024028834601521828, "ĩ": 0.004405286343612335, "kʷ": 0.005606728073688426, "f": 0.0032038446135362435, "ɨ̃": 0.0024028834601521826, "õ": 0.0016019223067681217}