{"ʔ": 0.06746626686656672, "a": 0.10944527736131934, "n": 0.07196401799100449, "u": 0.019490254872563718, "e": 0.08545727136431784, "ɾ": 0.0704647676161919, "j": 0.053973013493253376, "p": 0.0704647676161919, "o": 0.06446776611694154, "i": 0.05247376311844078, "m": 0.05847076461769116, "t": 0.053973013493253376, "ɨ": 0.031484257871064465, "k": 0.046476761619190406, "ɡ": 0.04047976011994003, "s": 0.043478260869565216, "kʷ": 0.01649175412293853, "w": 0.031484257871064465, "f": 0.008995502248875561, "ẽ": 0.0014992503748125937, "ũ": 0.0014992503748125937}