{"a": 0.31609529343404996, "ã": 0.007844276583381755, "u": 0.09558396281231842, "e": 0.08454386984311447, "ɾ": 0.03980244044160372, "m": 0.017431725740848343, "w": 0.03980244044160372, "i": 0.1443927948866938, "o": 0.05316676350958745, "ɨ": 0.024985473561882625, "t": 0.03137710633352702, "p": 0.0252760023242301, "ũ": 0.023532829750145264, "n": 0.011040092969203951, "ẽ": 0.007844276583381755, "ɡ": 0.033410807669959325, "k": 0.033410807669959325, "s": 0.0031958163858221964, "ĩ": 0.005810575246949448, "õ": 0.0011621150493898896, "ɨ̃": 0.0002905287623474724}