{"a": 0.27886056971514245, "ã": 0.0239880059970015, "u": 0.08395802098950525, "w": 0.0239880059970015, "ɾ": 0.035982008995502246, "e": 0.11394302848575712, "i": 0.12593703148425786, "o": 0.09295352323838081, "ɨ": 0.047976011994003, "ẽ": 0.013493253373313344, "n": 0.013493253373313344, "ũ": 0.013493253373313344, "k": 0.026986506746626688, "ɡ": 0.026986506746626688, "t": 0.025487256371814093, "p": 0.0239880059970015, "m": 0.008995502248875561, "ĩ": 0.008995502248875561, "s": 0.0074962518740629685, "õ": 0.0014992503748125937, "ɨ̃": 0.0014992503748125937}