{"a": 0.3246628131021195, "ã": 0.010276172125883108, "u": 0.09377007064868337, "ũ": 0.05619781631342325, "e": 0.10115606936416185, "t": 0.03821451509312781, "i": 0.1287732819524727, "o": 0.05812459858702633, "ẽ": 0.011560693641618497, "ɨ": 0.027296082209377008, "n": 0.00674373795761079, "ɡ": 0.020873474630700065, "ɾ": 0.03757225433526012, "w": 0.02023121387283237, "m": 0.014450867052023121, "p": 0.02569043031470777, "ĩ": 0.007707129094412331, "k": 0.01123956326268465, "õ": 0.00224791265253693, "s": 0.002890173410404624, "ɨ̃": 0.0003211303789338471}