{"ʔ": 0.0337013364323068, "a": 0.11940732132481116, "n": 0.07321324811156305, "u": 0.009296920395119116, "f": 0.01220220801859384, "j": 0.06536897152818129, "e": 0.09296920395119117, "ɾ": 0.0694363742010459, "m": 0.07815223707147008, "p": 0.07582800697269029, "o": 0.07989540964555492, "i": 0.07960488088320744, "t": 0.050261475886112725, "ɡ": 0.02905287623474724, "k": 0.02905287623474724, "ɨ": 0.018593840790238233, "s": 0.03137710633352702, "kʷ": 0.013654851830331202, "w": 0.037187681580476466, "ã": 0.0005810575246949448, "ũ": 0.0005810575246949448, "ẽ": 0.0005810575246949448}