{"a": 0.3299800901184114, "ã": 0.003248454364455622, "u": 0.09640574242900556, "e": 0.07743896049460337, "m": 0.023053547102588286, "ɾ": 0.045059205700513465, "w": 0.04872681546683433, "i": 0.14492298019490726, "t": 0.0322749659436236, "ũ": 0.04275385099025464, "p": 0.022529602850256732, "ɨ": 0.019700303887666352, "o": 0.03143665513989312, "n": 0.011212406999895211, "ɡ": 0.030807922037095252, "k": 0.030807922037095252, "ẽ": 0.0034580320653882428, "s": 0.002095777009326208, "ĩ": 0.0029340878130566907, "õ": 0.001047888504663104, "ɨ̃": 0.00010478885046631039}