{"ʔ": 0.03060886829913964, "ɡ": 0.03948819766159276, "a": 0.19479373483344364, "k": 0.03948819766159276, "ã": 0.004908449150672844, "j": 0.03750275755570263, "u": 0.06447165232737702, "w": 0.03899183763512023, "e": 0.10881314802559011, "ɾ": 0.06254136333553938, "m": 0.04423119347010809, "i": 0.06061107434370174, "o": 0.06618133686300463, "t": 0.032759761747187296, "ɨ": 0.040922126626957864, "f": 0.004467240238252812, "n": 0.03198764615045224, "p": 0.05399294065740128, "ũ": 0.00727994705493051, "ẽ": 0.005680564747407898, "s": 0.020130156629163908, "ɨ̃": 0.0009375689388925656, "kʷ": 0.0062320758879329365, "ĩ": 0.0022611956761526583, "õ": 0.0007169644826825502}