{"n": 0.06403544099879178, "u": 0.0608135320177205, "k": 0.05799436165928312, "i": 0.11196133709222715, "p": 0.04792589609343536, "a": 0.16149818767619814, "b": 0.05436971405557793, "e": 0.08296415626258558, "s": 0.02617801047120419, "m": 0.01973419250906162, "d": 0.07168747482883608, "t": 0.0724929520741039, "tʃ": 0.01973419250906162, "ʃ": 0.028594442207007652, "j": 0.008457511075312122, "ɨ": 0.038662907772855415, "ts": 0.004832863471606927, "o": 0.06403544099879178, "kː": 0.003624647603705195, "sː": 0.0004027386226339106}