{"i": 0.1527777777777778, "a": 0.16203703703703703, "s": 0.020061728395061727, "k": 0.08641975308641975, "e": 0.11419753086419752, "n": 0.07561728395061729, "ʃ": 0.046296296296296294, "d": 0.06481481481481481, "t": 0.06481481481481481, "u": 0.05401234567901234, "o": 0.13117283950617284, "ɨ": 0.027777777777777776}