{"n": 0.07196184155951887, "u": 0.044172542513479886, "k": 0.06037802927060497, "i": 0.1170527937429638, "d": 0.08837471114534573, "t": 0.08837471114534573, "o": 0.05581560703916573, "p": 0.05750429578716597, "b": 0.05750429578716597, "e": 0.08354565384843278, "a": 0.16075131836226816, "ɨ": 0.02387865141909107, "s": 0.020027256028915093, "m": 0.02482668720744208, "tʃ": 0.01143568169698406, "ʃ": 0.020027256028915093, "j": 0.005747466966877999, "ts": 0.006488119926527226, "kː": 0.002073828287017835, "nː": 2.9626118385969072e-05, "sː": 2.9626118385969072e-05}