{"n": 0.07509533059932369, "u": 0.03546568098424347, "k": 0.057976293258507804, "i": 0.12768454565076623, "d": 0.09379721562702353, "t": 0.08608083315346428, "e": 0.0783239801424563, "a": 0.17428861788617886, "o": 0.054936506223469316, "b": 0.06115547881142528, "p": 0.05716238578314987, "ɨ": 0.018342146917044392, "ts": 0.005094790992157709, "s": 0.017334880207209153, "ʃ": 0.015369810777753795, "m": 0.029089322972875746, "tʃ": 0.00790974170803655, "j": 0.003682818907835096, "kː": 0.0012006259443125406, "nː": 4.496726383193036e-06, "sː": 4.496726383193036e-06}