{"n": 0.08588655503489859, "p": 0.09807648196087426, "b": 0.11301897303142511, "e": 0.024281547989645116, "k": 0.08100403054035456, "m": 0.04105908182324606, "a": 0.12406199823049448, "tʃ": 0.05085689943310286, "j": 0.02156175246583871, "i": 0.07032146016974146, "ɨ": 0.023527869711963825, "d": 0.06871579775207262, "t": 0.06871579775207262, "u": 0.06776550774977881, "ʃ": 0.0042926893207064915, "o": 0.009502900022938035, "ts": 0.015073565553625847, "s": 0.03227709145722057}