{"n": 0.12542688606022975, "p": 0.04781123874573114, "e": 0.010866190624029805, "k": 0.1058677429369761, "m": 0.0611611300838249, "a": 0.09562247749146228, "tʃ": 0.10245265445513815, "j": 0.03228810928283142, "i": 0.1061782055262341, "ɨ": 0.02545793231915554, "d": 0.029804408568767465, "b": 0.07606333436820863, "u": 0.07792610990375659, "t": 0.040670599192797266, "ʃ": 0.011176653213287799, "o": 0.013660353927351754, "ts": 0.01552312946289972, "s": 0.022042843837317604}