{"n": 0.10438372321604089, "u": 0.05985846274818164, "k": 0.08988598388047965, "i": 0.12831727933949283, "p": 0.02309809317869078, "a": 0.12949675643797917, "e": 0.07553567918222921, "s": 0.024523294672695106, "m": 0.03538431295459013, "b": 0.05027521132298014, "d": 0.08595439355219187, "tʃ": 0.018920778454885, "j": 0.007420876744643208, "o": 0.06039905641832121, "ɨ": 0.032239040691959896, "ts": 0.011893060743070573, "t": 0.028995478671122468, "ː": 0.0028504029880086494, "ʃ": 0.030568114802437586}