{"n": 0.15037520070780222, "i": 0.16030409280073402, "d": 0.07569551397581675, "t": 0.07569551397581675, "a": 0.12560212340662583, "o": 0.12150604581053183, "e": 0.09037585608021759, "k": 0.12075236753285054, "ʃ": 0.045777763213946325, "u": 0.012648687616738211, "s": 0.017137988662057214, "ɨ": 0.004128846216862732}