{"n": 0.14893964110929853, "i": 0.13148450244698207, "d": 0.07079934747145188, "t": 0.07079934747145188, "o": 0.11419249592169657, "u": 0.02593800978792822, "a": 0.14094616639477978, "e": 0.1097879282218597, "s": 0.021859706362153345, "k": 0.11272430668841762, "ʃ": 0.04567699836867863, "ɨ": 0.006851549755301794}