{"n": 0.08487654320987655, "p": 0.0787037037037037, "b": 0.09722222222222222, "e": 0.026234567901234566, "k": 0.06481481481481481, "m": 0.029320987654320986, "a": 0.13117283950617284, "tʃ": 0.06327160493827161, "j": 0.027777777777777776, "i": 0.06635802469135803, "ɨ": 0.044753086419753084, "d": 0.06327160493827161, "t": 0.06327160493827161, "u": 0.08179012345679013, "ʃ": 0.018518518518518517, "s": 0.029320987654320986, "ts": 0.009259259259259259, "o": 0.020061728395061727}