{"d̪": 0.03155984419263456, "i": 0.14746370396600567, "a": 0.2563296742209632, "t̪": 0.03155984419263456, "n": 0.0802717776203966, "u": 0.08657932011331444, "k": 0.02463261331444759, "ɡ": 0.02463261331444759, "b": 0.009671565155807365, "e": 0.03215740084985836, "p": 0.009671565155807365, "m": 0.026580205382436262, "dʳ": 0.00017705382436260624, "r": 0.03018767705382436, "v": 0.026668732294617564, "f": 0.026668732294617564, "z": 0.026513810198300285, "s": 0.026513810198300285, "tʳ": 0.010357648725212465, "h": 0.03151558073654391, "l": 0.02164483002832861, "ⁿt̪": 0.0021467776203966007, "dz": 0.007060021246458923, "ts": 0.007060021246458923, "ᵐp": 0.005909171388101983, "ⁿdʳ": 0.005532932011331444, "ᵐb": 0.0028328611898017, "ᵑɡ": 0.0020582507082152974, "ⁿdz": 0.001704143059490085, "ⁿts": 0.0008852691218130312, "ⁿtʳ": 0.00015492209631728045, "ᵑk": 0.0006418201133144476, "ⁿd̪": 0.0026558073654390935}