{"d̪": 0.0713678844519966, "t̪": 0.0713678844519966, "a": 0.07816482582837724, "i": 0.02888700084961767, "h": 0.05777400169923534, "u": 0.01784197111299915, "dz": 0.026338147833474938, "ts": 0.026338147833474938, "k": 0.03313508920985556, "ɡ": 0.03313508920985556, "r": 0.045029736618521665, "e": 0.020390824129141887, "m": 0.05097706032285471, "z": 0.06287170773152082, "s": 0.06287170773152082, "n": 0.05437553101104503, "ᵐp": 0.011045029736618521, "f": 0.07306711979609176, "v": 0.07306711979609176, "ᵐb": 0.0008496176720475786, "l": 0.03653355989804588, "b": 0.027187765505522515, "p": 0.027187765505522515, "tʳ": 0.006796941376380629, "ᵑɡ": 0.0016992353440951572, "ⁿd̪": 0.0016992353440951572}