{"a": 0.3806287170773152, "n": 0.027187765505522515, "t̪": 0.002548853016142736, "d̪": 0.002548853016142736, "i": 0.34834324553950724, "u": 0.20475785896346643, "e": 0.025488530161427356, "tʳ": 0.002548853016142736, "s": 0.002548853016142736, "z": 0.0016992353440951572, "ᵑɡ": 0.0008496176720475786, "r": 0.0008496176720475786}