{"d̪": 0.03734439834024896, "i": 0.14959598165538326, "a": 0.21445730508844726, "t̪": 0.03734439834024896, "m": 0.020310111378030137, "n": 0.04433282376064643, "r": 0.028172089975977286, "z": 0.032321467569338284, "s": 0.032758244158113126, "u": 0.11683773749727015, "e": 0.043459270583096746, "h": 0.02336754749945403, "l": 0.024677877265778553, "dz": 0.012011356191308145, "ts": 0.012011356191308145, "k": 0.02402271238261629, "ɡ": 0.02402271238261629, "v": 0.029264031447914392, "f": 0.029264031447914392, "ᵐp": 0.0043677658877484165, "ⁿdʳ": 0.007643590303559729, "ᵐb": 0.0048045424765232585, "tʳ": 0.007425202009172308, "ᵑɡ": 0.003930989298973575, "b": 0.01288490936885783, "p": 0.01288490936885783, "ⁿt̪": 0.0019654946494867876, "ⁿd̪": 0.002839047827036471, "ⁿts": 0.0008735531775496833, "ᵑk": 0.0006551648831622625, "ⁿdz": 0.003494212710198733, "dʳ": 0.0006551648831622625}