{"d̪": 0.05016757436112275, "t̪": 0.05032467532467533, "a": 0.10334625052366987, "i": 0.03060850439882698, "h": 0.10366045245077503, "r": 0.032519899455383326, "u": 0.007776497695852535, "dz": 0.011206535400083787, "ts": 0.011206535400083787, "k": 0.016338500209467952, "ɡ": 0.016338500209467952, "e": 0.012646627565982404, "m": 0.11054671135316296, "z": 0.052157519899455385, "s": 0.052157519899455385, "n": 0.11201298701298701, "ᵐp": 0.02534562211981567, "f": 0.07111436950146628, "v": 0.07111436950146628, "ᵐb": 0.0006022203602848765, "l": 0.02924696271470465, "b": 0.012908462505236699, "p": 0.01285609551738584, "tʳ": 0.0026445328864683703, "ⁿt̪": 2.618349392542941e-05, "ᵑɡ": 5.236698785085882e-05, "ⁿd̪": 0.001021156263091747, "dʳ": 5.236698785085882e-05}