{"d̪": 0.029328382548483405, "i": 0.1393626820255687, "a": 0.2898753821506525, "t̪": 0.029417984108267358, "n": 0.10836771046510378, "u": 0.06860253823298557, "v": 0.02558303734951418, "f": 0.025597373599079612, "r": 0.03352890367115511, "e": 0.023299989606219065, "tʳ": 0.01047979843233111, "ts": 0.004734546418984062, "dz": 0.004730962356592703, "k": 0.02336808679165487, "ɡ": 0.023163795235347458, "ᵑɡ": 0.0012293334002358312, "b": 0.006114410439656934, "p": 0.0061215785644396494, "ⁿts": 0.0005340252963123582, "m": 0.02571564765799443, "z": 0.025063348302767255, "s": 0.02535365735646726, "l": 0.018880840677674517, "dʳ": 0.000164866870002473, "ⁿdʳ": 0.003981893316798859, "ⁿt̪": 0.0011934927763222502, "h": 0.0353603595531391, "ᵐb": 0.0023654811782963516, "ᵐp": 0.005591137330518649, "ⁿdz": 0.0010107055943629868, "ⁿtʳ": 0.00014336249565432435, "ᵑk": 0.00033690186478766224, "ⁿd̪": 0.0013977843326296623}