{"a": 0.39982195224130707, "i": 0.3328707582739841, "u": 0.19223921240050273, "n": 0.055770842061164644, "e": 0.015683912861332215, "t̪": 0.00023565144532886468, "d̪": 0.00023565144532886468, "r": 0.0005498533724340176, "l": 0.00013091746962714705, "b": 0.0003142019271051529, "p": 0.0003142019271051529, "h": 0.00015710096355257646, "tʳ": 0.0010997067448680353, "ⁿd̪": 5.236698785085882e-05, "ɡ": 5.236698785085882e-05, "k": 5.236698785085882e-05, "s": 0.00020946795140343527, "z": 0.00018328445747800586, "ᵑɡ": 2.618349392542941e-05}