{"a": 0.47776033490319203, "i": 0.3286237571951858, "u": 0.16326530612244897, "e": 0.013343799058084773, "h": 0.00026164311878597594, "n": 0.012297226582940869, "s": 0.0010465724751439038, "t̪": 0.00026164311878597594, "ᵑɡ": 0.00026164311878597594, "d̪": 0.0005232862375719519, "r": 0.0005232862375719519, "tʳ": 0.0005232862375719519, "l": 0.0005232862375719519, "ⁿd̪": 0.00026164311878597594, "k": 0.00026164311878597594, "p": 0.00026164311878597594}