{"k": 0.03621884451931544, "ɡ": 0.03619970136682109, "ʃ": 0.00712125272789923, "ʒ": 0.0072935411003484055, "d̪": 0.055400283318656915, "t̪": 0.0553237107086795, "i": 0.04506298097170642, "b": 0.09755350511122171, "p": 0.09757264826371607, "ɛ": 0.01223247444389142, "m": 0.027259849151958344, "v": 0.04349324246716949, "f": 0.040487767525556106, "ɔ": 0.06422527661855354, "n̪": 0.04159807037022857, "s̪": 0.09655806118151537, "z̪": 0.0777403422795666, "j": 0.0054366553083961865, "u": 0.02392894061794096, "r": 0.04713044144109652, "ɫ̪": 0.003235192771545618, "tʃ": 0.015142233623033042, "dʒ": 0.013802212948428347, "a": 0.01921972510433018, "ts̪": 0.006508671848079942, "x": 0.005130364868486542, "l": 0.015391094605459628, "s̪ː": 1.914315249435277e-05, "ɲ": 3.828630498870554e-05, "dz̪": 0.0020291741644013934, "c": 0.0001914315249435277, "ɟ": 0.0014548795895708104}