{"ɔ": 0.09006054490413723, "v": 0.016460645812310798, "f": 0.016460645812310798, "a": 0.208186175580222, "i": 0.18680625630676084, "m": 0.010280020181634712, "t̪": 0.09535822401614531, "d̪": 0.09535822401614531, "s̪": 0.013181130171543895, "z̪": 0.013181130171543895, "k": 0.02011856710393542, "ɡ": 0.02011856710393542, "j": 0.007631180625630676, "ɛ": 0.07032038345105954, "ɫ̪": 0.029389505549949548, "n̪": 0.04023713420787084, "ʃ": 0.0035317860746720484, "ʒ": 0.0035317860746720484, "u": 0.006180625630676085, "r": 0.030146316851664984, "tʃ": 0.0024596367305751766, "dʒ": 0.0024596367305751766, "b": 0.007378910191725529, "p": 0.007378910191725529, "ts̪": 0.001198284561049445, "dz̪": 0.001198284561049445, "x": 0.0010090817356205853, "c": 0.00012613521695257316, "ɟ": 0.00012613521695257316, "ɲ": 0.00012613521695257316}