{"ɔ": 0.08090024330900243, "m": 0.015815085158150853, "d̪": 0.07177615571776155, "t̪": 0.06326034063260341, "a": 0.21532846715328466, "k": 0.031630170316301706, "ɡ": 0.031630170316301706, "i": 0.1502433090024331, "j": 0.019464720194647202, "ɫ̪": 0.0267639902676399, "ʃ": 0.0024330900243309003, "ʒ": 0.0036496350364963502, "ɛ": 0.09854014598540146, "n̪": 0.0340632603406326, "z̪": 0.021897810218978103, "s̪": 0.023114355231143552, "u": 0.011557177615571776, "r": 0.021897810218978103, "tʃ": 0.0030413625304136255, "dʒ": 0.0030413625304136255, "v": 0.014598540145985401, "f": 0.010948905109489052, "b": 0.017639902676399026, "p": 0.01824817518248175, "ɟ": 0.0012165450121654502, "c": 0.0012165450121654502, "ts̪": 0.0024330900243309003, "x": 0.0024330900243309003, "ɲ": 0.0012165450121654502}