{"ɔ": 0.09450974386461962, "v": 0.011830468241510012, "f": 0.011715609326543894, "d̪": 0.10281787204716873, "t̪": 0.10009954439297064, "i": 0.1737623951912401, "r": 0.030916191278379725, "a": 0.19926107431371798, "ɛ": 0.08273670508059267, "ɫ̪": 0.031739346835636895, "m": 0.013132202611126, "n̪": 0.046537003713771584, "z̪": 0.011237030514185077, "s̪": 0.011926184003981776, "k": 0.018224281174623838, "ɡ": 0.018224281174623838, "j": 0.006642673915540411, "ʃ": 0.006929821202955703, "ʒ": 0.00746582947279758, "u": 0.005934377273249359, "tʃ": 0.0014357364370764577, "dʒ": 0.0014357364370764577, "c": 0.0021057467743788045, "b": 0.004115777786285846, "p": 0.004134920938780198, "ts̪": 0.0007274397947854052, "x": 0.0003254335924039971, "ɟ": 3.828630498870554e-05, "ɲ": 3.828630498870554e-05}