{"k": 0.05961070559610705, "ɡ": 0.05900243309002433, "ʃ": 0.021289537712895375, "ʒ": 0.021289537712895375, "d̪": 0.08150851581508516, "t̪": 0.08150851581508516, "i": 0.03102189781021898, "b": 0.07116788321167883, "p": 0.0705596107055961, "ɛ": 0.014598540145985401, "m": 0.037712895377128956, "ɔ": 0.037712895377128956, "n̪": 0.03102189781021898, "s̪": 0.08394160583941605, "z̪": 0.06508515815085159, "j": 0.009732360097323601, "v": 0.043795620437956206, "f": 0.040145985401459854, "u": 0.015206812652068127, "ɫ̪": 0.013990267639902677, "r": 0.035888077858880776, "tʃ": 0.015815085158150853, "dʒ": 0.014598540145985401, "a": 0.009732360097323601, "ts̪": 0.009124087591240875, "x": 0.006082725060827251, "l": 0.0170316301703163, "s̪ː": 0.0006082725060827251, "dz̪": 0.0012165450121654502}