{"k": 0.03509053036372376, "a": 0.12001281845858036, "ɔ": 0.0863643646851466, "ɡ": 0.03412914597019708, "ʃ": 0.011857074186829034, "t̪": 0.05976606313090851, "ʒ": 0.012177535651337926, "d̪": 0.06569460022432302, "m": 0.025156224963948086, "ɛ": 0.0863643646851466, "i": 0.08892805640121776, "j": 0.010895689793302356, "l": 0.013459381509373498, "ɫ̪": 0.02531645569620253, "b": 0.029963146931581478, "p": 0.029642685467072584, "n̪": 0.03541099182823265, "s̪": 0.04133952892164717, "z̪": 0.032206377183143724, "v": 0.02755968594776478, "f": 0.021310687389841373, "r": 0.05335683384073065, "u": 0.027399455215510335, "ɟ": 0.0020829995193078032, "tʃ": 0.007050152219195641, "dʒ": 0.00624899855792341, "c": 0.0019227687870533568, "ts̪": 0.005287614164396731, "x": 0.0022432302515622495, "s̪ː": 0.0001602307322544464, "dz̪": 0.0003204614645088928, "d̪ː": 0.0001602307322544464, "t̪ː": 0.0004806921967633392, "ɲ": 0.0006409229290177856}