{"k": 0.02473785161065805, "a": 0.12778975254055308, "ɔ": 0.11454677396293908, "ɡ": 0.02223439181843442, "v": 0.02856318133627562, "f": 0.020685915610744374, "d̪": 0.08897803267986198, "t̪": 0.0775586950715833, "i": 0.08801495601410354, "r": 0.05267516799887776, "ɛ": 0.07433225335660544, "ɫ̪": 0.016194255530946593, "ʃ": 0.006366557230223882, "ʒ": 0.006347673374032539, "m": 0.012112644899875097, "n̪": 0.051215715684661184, "ts̪": 0.0032911863647767524, "l": 0.014688942423122473, "tʃ": 0.005484411376714047, "dʒ": 0.0037659804633019232, "s̪": 0.04912770072864708, "z̪": 0.033124981453355525, "j": 0.007138097640327285, "ɟ": 0.0006366557230223881, "c": 0.0008120058162277069, "b": 0.02681777348544729, "p": 0.02613525696881736, "u": 0.013895820463086107, "ɲ": 0.0013569399520350052, "t̪ː": 0.00010251236218157097, "x": 0.0009684720532416837, "s̪ː": 2.6976937416202887e-06, "d̪ː": 1.0790774966481155e-05, "dz̪": 0.0002859555366117506}