{"k": 0.04099394550958628, "ɡ": 0.04099394550958628, "ʃ": 0.012865792129162463, "ʒ": 0.012865792129162463, "t̪": 0.06571644803229061, "d̪": 0.06571644803229061, "i": 0.03809283551967709, "b": 0.0812941473259334, "p": 0.0812941473259334, "ɛ": 0.016082240161453078, "m": 0.03115539858728557, "v": 0.04421039354187689, "f": 0.04421039354187689, "ɔ": 0.05707618567103936, "n̪": 0.03235368314833501, "s̪": 0.09056508577194752, "z̪": 0.09056508577194752, "j": 0.0068743693239152375, "u": 0.01772199798183653, "r": 0.03985872855701312, "ɫ̪": 0.0046039354187689206, "tʃ": 0.014127144298688193, "dʒ": 0.014127144298688193, "a": 0.018857214934409686, "ts̪": 0.00864026236125126, "dz̪": 0.00864026236125126, "x": 0.003594853683148335, "l": 0.014883955600403632, "s̪ː": 0.00012613521695257316, "ɲ": 0.00012613521695257316, "c": 0.0008829465186680121, "ɟ": 0.0008829465186680121}