{"k": 0.03830246358568603, "a": 0.12803452616435892, "ɔ": 0.09625067433914763, "ʃ": 0.009575615896421507, "t̪": 0.07282862794461428, "ɡ": 0.01613918360007193, "d̪": 0.03713360906311815, "i": 0.09661032188455314, "n̪": 0.06257867290055745, "ɛ": 0.08181981657975185, "j": 0.016408919259126055, "l": 0.015779536054666428, "m": 0.025984535155547564, "b": 0.018072289156626505, "ɫ̪": 0.023871605826290235, "u": 0.02355691422406042, "v": 0.043157705448660315, "r": 0.0605556554576515, "ʒ": 0.007147994964934365, "s̪": 0.04486603128933645, "p": 0.03083977701852185, "c": 0.0017532817838518252, "z̪": 0.017308038122639813, "ɟ": 0.001303722352094947, "tʃ": 0.010699514475813703, "ts̪": 0.008541629203380688, "f": 0.0039561229994605285, "ɲ": 0.0033267397950008993, "x": 0.0024276209314871428, "ː": 0.0004495594317568783, "dz̪": 0.00031469160222981476, "dʒ": 0.00040460348858119044}