{"k": 0.055193039695486674, "ʃ": 0.010875475802066341, "ɡ": 0.03262642740619902, "d̪": 0.06851549755301795, "i": 0.040783034257748776, "t̪": 0.044317563893420335, "b": 0.041598694942903754, "ɛ": 0.017128874388254486, "m": 0.05193039695486677, "v": 0.057640021750951606, "ɔ": 0.05954323001631321, "n̪": 0.06525285481239804, "s̪": 0.10467645459488853, "p": 0.12697117998912452, "j": 0.015497553017944535, "u": 0.022566612289287656, "r": 0.043501903208265365, "ɫ̪": 0.006253398586188146, "z̪": 0.0367047308319739, "tʃ": 0.014138118542686243, "a": 0.019303969548667754, "ʒ": 0.009787928221859706, "ts̪": 0.014410005437737902, "f": 0.016041326808047852, "x": 0.00734094616639478, "l": 0.013322457857531268, "ɲ": 0.0002718868950516585, "dz̪": 0.0019032082653616096, "c": 0.000543773790103317, "dʒ": 0.000543773790103317, "ɟ": 0.0008156606851549756}