{"ɔ": 0.09162588363240892, "a": 0.2751495377922784, "i": 0.20201196302338228, "j": 0.010059815116911366, "ɫ̪": 0.036976617727025554, "ɛ": 0.0957041870581838, "n̪": 0.046220772158781946, "u": 0.011963023382272975, "k": 0.017400761283306143, "s̪": 0.012506797172376292, "t̪": 0.10195758564437195, "d̪": 0.017400761283306143, "z̪": 0.004350190320826536, "m": 0.011963023382272975, "v": 0.011963023382272975, "r": 0.02746057640021751, "ʃ": 0.004622077215878194, "ɡ": 0.006253398586188146, "p": 0.004622077215878194, "c": 0.0008156606851549756, "x": 0.0013594344752582926, "b": 0.0016313213703099511, "tʃ": 0.0016313213703099511, "ts̪": 0.002175095160413268, "ʒ": 0.0008156606851549756, "ɲ": 0.0002718868950516585, "dʒ": 0.000543773790103317, "f": 0.000543773790103317}