{"o": 0.010870971916655882, "ɲ": 0.0024589103144816876, "e": 0.029377507441439108, "t̪": 0.0446486346576938, "d̪": 0.04193089167852983, "p": 0.0955092532677624, "b": 0.09369742461498641, "m": 0.059143263879901646, "n̪": 0.048531124627928045, "i": 0.04607221431344636, "k": 0.09408567361200984, "ɡ": 0.08334411802769509, "ʋ": 0.06457874983822959, "tʃ": 0.025365601138863724, "eː": 0.002847159311505112, "a": 0.0902031836417756, "ʃ": 0.011906302575385013, "ɾ": 0.011776886243043872, "oː": 0.004011906302575385, "s": 0.03533065872913162, "aː": 0.015271127216254692, "u": 0.011906302575385013, "ɟ": 0.01242396790474958, "j": 0.0036236573055519606, "bʱ": 0.012812216901773003, "pʰ": 0.012553384237090721, "l": 0.010223890254950175, "ɖ": 0.005564902290669083, "ʈ": 0.0069884819464216385, "h": 0.003753073637893102, "r": 0.004011906302575385, "d̪ʱ": 0.001164746991070273, "iː": 0.0006470816617057072, "uː": 0.0003882489970234244, "ʂ": 0.0002588326646822829, "ai": 0.0005176653293645658, "n̪ː": 0.00012941633234114146, "kʰ": 0.0010353306587291317, "t̪ː": 0.0002588326646822829, "ɡʱ": 0.0006470816617057072, "mː": 0.00012941633234114146}