{"o": 0.0049469964664310955, "ɾ": 0.045572331084698575, "u": 0.05628011564407324, "p": 0.02173680265553057, "aː": 0.03141663989720527, "ʈ": 0.023450048185030516, "b": 0.021287075704036835, "oː": 0.014476924724274547, "l": 0.026405396723417924, "e": 0.025484527251311704, "m": 0.049769782631973444, "i": 0.07932326801584752, "tʃː": 0.006231930613556055, "t̪ː": 0.006767319841524788, "a": 0.21524788521254953, "n̪": 0.03554984473712389, "t̪": 0.030238783595674053, "d̪": 0.027775993147017883, "ʋ": 0.025141878145411713, "n̪ː": 0.012528107934468359, "ɲ": 0.0009851161794624693, "iː": 0.00546097012528108, "lː": 0.0022272191883499306, "r": 0.010022486347574687, "ɳ": 0.014134275618374558, "eː": 0.010386551022593426, "j": 0.026062747617517937, "ɭː": 0.0019274012206874397, "ɖ": 0.008994539029874718, "s": 0.012635185780062105, "ɲː": 0.0027626084163186637, "k": 0.03424349502088018, "ɡ": 0.027411928471999143, "uː": 0.004283113823749866, "ɭ": 0.013920119927187065, "pː": 0.0019274012206874397, "ʂ": 0.0055466324017560764, "mː": 0.0009208694721062212, "ɻ": 0.004240282685512367, "ʈː": 0.008866045615162223, "kː": 0.00865188992397473, "tʃ": 0.00513973658849984, "t̪ʰ": 0.0016489988221436984, "d̪ʱ": 0.003062426383981154, "ŋː": 0.003961880286968626, "ʃ": 0.0034693221972373917, "h": 0.0019274012206874397, "ɳː": 0.00128493414712496, "bʱ": 0.002848270692793661, "ɡʱ": 0.00023557126030624264, "kʰ": 0.0008994539029874719, "ŋ": 0.0013491808544812077, "ʈʰ": 0.0004283113823749866, "pʰ": 0.002848270692793661, "ɟ": 0.0033408287825248957, "ai": 0.001884570082449941, "tʃʰː": 0.00012849341471249598, "t̪ʰː": 2.141556911874933e-05, "au": 0.0002784023985437413}