{"u": 0.09279141104294479, "n̪": 0.0299079754601227, "aː": 0.032975460122699383, "iː": 0.006901840490797546, "a": 0.15107361963190183, "t̪": 0.005368098159509203, "d̪": 0.004601226993865031, "e": 0.040644171779141106, "m": 0.05368098159509203, "eː": 0.026840490797546013, "l": 0.023773006134969327, "n̪ː": 0.006901840490797546, "oː": 0.03144171779141104, "i": 0.22162576687116564, "ʈ": 0.023773006134969327, "uː": 0.013803680981595092, "kː": 0.02223926380368098, "ɾ": 0.013803680981595092, "ɭ": 0.012269938650306749, "ɖ": 0.01303680981595092, "ɳ": 0.014570552147239263, "t̪ː": 0.010736196319018405, "pː": 0.007668711656441718, "ʈː": 0.03374233128834356, "ɡ": 0.004601226993865031, "k": 0.007668711656441718, "tʃː": 0.006901840490797546, "p": 0.006901840490797546, "b": 0.006134969325153374, "pʰ": 0.003067484662576687, "ɳː": 0.003834355828220859, "o": 0.003834355828220859, "ʋ": 0.005368098159509203, "tʃ": 0.0007668711656441718, "ɲː": 0.0023006134969325155, "ʂ": 0.003067484662576687, "ai": 0.003067484662576687, "ɟ": 0.003067484662576687, "s": 0.026840490797546013, "r": 0.003067484662576687, "j": 0.003834355828220859, "ʃ": 0.0015337423312883436, "ɭː": 0.0015337423312883436, "ŋː": 0.0007668711656441718, "lː": 0.006901840490797546, "kʰ": 0.0007668711656441718}