{"u": 0.09229287090558767, "ʈ": 0.01001926782273603, "ɖ": 0.01001926782273603, "tʃː": 0.010982658959537572, "n̪": 0.04605009633911368, "m": 0.14065510597302505, "aː": 0.018689788053949902, "iː": 0.002119460500963391, "a": 0.17263969171483623, "t̪": 0.011753371868978806, "d̪": 0.011753371868978806, "ɳ": 0.009441233140655106, "l": 0.05433526011560694, "eː": 0.019653179190751446, "e": 0.06917148362235068, "s": 0.014258188824662813, "ɲː": 0.003468208092485549, "oː": 0.02023121387283237, "uː": 0.005780346820809248, "n̪ː": 0.01001926782273603, "i": 0.12755298651252409, "t̪ː": 0.013294797687861272, "ɾ": 0.023506743737957612, "ʋ": 0.008092485549132947, "kː": 0.017726396917148363, "ɭ": 0.017148362235067438, "ʈː": 0.01560693641618497, "r": 0.0023121387283236996, "pː": 0.005780346820809248, "p": 0.004624277456647399, "b": 0.004624277456647399, "k": 0.003468208092485549, "ɡ": 0.003468208092485549, "ɟ": 0.0015414258188824663, "ai": 0.0015414258188824663, "ŋː": 0.0019267822736030828, "bʱ": 0.001348747591522158, "pʰ": 0.001348747591522158, "ɳː": 0.0009633911368015414, "o": 0.0009633911368015414, "ʂ": 0.0030828516377649326, "tʃ": 0.0009633911368015414, "ɻ": 0.0003853564547206166, "j": 0.0019267822736030828, "ʃ": 0.0009633911368015414, "ɭː": 0.0003853564547206166, "lː": 0.0017341040462427746, "kʰ": 0.0001926782273603083, "ɡʱ": 0.0001926782273603083}