{"o": 0.008914285714285715, "ɾ": 0.0392, "u": 0.054323809523809524, "p": 0.023847619047619048, "aː": 0.04099047619047619, "ʈ": 0.020266666666666665, "ɖ": 0.020266666666666665, "b": 0.023847619047619048, "m": 0.04609523809523809, "i": 0.08262857142857143, "tʃː": 0.008304761904761905, "t̪ː": 0.00921904761904762, "a": 0.17596190476190476, "n̪": 0.032838095238095236, "ʋ": 0.023885714285714284, "ɲ": 0.0010285714285714286, "iː": 0.009333333333333334, "lː": 0.0032761904761904764, "e": 0.027085714285714286, "n̪ː": 0.013066666666666667, "t̪": 0.028038095238095237, "d̪": 0.028038095238095237, "ɳ": 0.015047619047619048, "l": 0.024495238095238094, "eː": 0.014628571428571428, "j": 0.019885714285714284, "r": 0.00998095238095238, "ɭː": 0.0022476190476190478, "oː": 0.020076190476190477, "s": 0.014476190476190476, "ɲː": 0.0032380952380952383, "uː": 0.006971428571428571, "k": 0.03001904761904762, "ɡ": 0.03001904761904762, "ɭ": 0.009904761904761904, "ʂ": 0.0064761904761904765, "mː": 0.0014476190476190476, "ʈː": 0.013257142857142858, "kː": 0.010285714285714285, "tʃ": 0.005333333333333333, "t̪ʰ": 0.002742857142857143, "d̪ʱ": 0.002742857142857143, "ŋː": 0.003123809523809524, "ʃ": 0.003695238095238095, "pː": 0.0032761904761904764, "ɻ": 0.004076190476190476, "ɳː": 0.0017523809523809523, "kʰ": 0.0009142857142857143, "ɡʱ": 0.0009142857142857143, "ŋ": 0.001676190476190476, "bʱ": 0.003619047619047619, "pʰ": 0.003619047619047619, "ɟ": 0.002857142857142857, "ai": 0.0038095238095238095, "h": 0.0018285714285714285, "tʃʰː": 0.00019047619047619048, "ʈʰ": 0.00038095238095238096, "t̪ʰː": 3.809523809523809e-05, "au": 0.0004952380952380952}