{"o": 0.0076430489568271014, "ɾ": 0.031605040280933694, "u": 0.05370791158851477, "ɲ": 0.0018591200165255113, "aː": 0.05887213385664119, "n̪": 0.028919644701507954, "iː": 0.01425325346002892, "e": 0.03325759140673414, "n̪ː": 0.014666391241479034, "a": 0.11836397438545755, "t̪": 0.027680231357157612, "d̪": 0.023135715761206363, "r": 0.010121875645527783, "m": 0.03305102251600909, "p": 0.030365626936583352, "i": 0.0923362941541004, "b": 0.028919644701507954, "eː": 0.02644081801280727, "oː": 0.03718240033051023, "l": 0.02272257797975625, "lː": 0.005990497831026648, "k": 0.030572195827308406, "uː": 0.013840115678578806, "ʈ": 0.024375129105556705, "ɡ": 0.026234249122082214, "ɳ": 0.009915306754802726, "ʋ": 0.022929146870481306, "kː": 0.01094815120842801, "tʃ": 0.008056186738277215, "mː": 0.0016525511258004544, "ʈː": 0.027680231357157612, "j": 0.009708737864077669, "ɭ": 0.008056186738277215, "ɖ": 0.014046684569303863, "pː": 0.0076430489568271014, "ʃ": 0.004131377814501136, "ʂ": 0.0030985333608758523, "t̪ː": 0.0068167733939268746, "t̪ʰ": 0.0004131377814501136, "d̪ʱ": 0.001032844453625284, "ɻ": 0.003305102251600909, "s": 0.019417475728155338, "ɭː": 0.004751084486676307, "ɟ": 0.004337946705226193, "tʃː": 0.005577360049576534, "kʰ": 0.001032844453625284, "ŋː": 0.0035116711423259657, "bʱ": 0.00454451559595125, "pʰ": 0.005370791158851477, "ɳː": 0.0028919644701507954, "tʃʰː": 0.0004131377814501136, "ai": 0.005990497831026648, "ɲː": 0.002272257797975625, "ŋ": 0.001032844453625284, "h": 0.0026853955794257384, "au": 0.0006197066721751704}