{"u": 0.08942668564772874, "ʈ": 0.011906302575385013, "e": 0.08916785298304646, "tʃː": 0.0071178982787627795, "n̪": 0.04801345929856348, "m": 0.17134722401967128, "a": 0.16345282774686165, "i": 0.1089685518312411, "l": 0.06677882748802899, "n̪ː": 0.012553384237090721, "aː": 0.015529959880936974, "iː": 0.0012941633234114145, "t̪": 0.015659376213278117, "d̪": 0.015529959880936974, "ɳ": 0.009965057590267891, "eː": 0.014365212889866702, "ɖ": 0.003364824640869678, "s": 0.00983564125792675, "ɲː": 0.002847159311505112, "oː": 0.021094862171606058, "uː": 0.004788404296622233, "t̪ː": 0.009059143263879901, "ɾ": 0.018118286527759802, "ɭ": 0.029506923773780253, "ʋ": 0.0053060696259868, "kː": 0.016435874207324966, "ʈː": 0.009576808593244467, "r": 0.0015529959880936975, "tʃ": 0.001682412320434839, "pː": 0.003753073637893102, "p": 0.0024589103144816876, "ɡ": 0.0022000776497994048, "k": 0.0027177429791639704, "ɟ": 0.0010353306587291317, "b": 0.0020706613174582634, "ai": 0.0010353306587291317, "ŋː": 0.0022000776497994048, "pʰ": 0.0009059143263879902, "ɳː": 0.0006470816617057072, "o": 0.0006470816617057072, "ʂ": 0.0019412449851171217, "ɻ": 0.0002588326646822829, "j": 0.0012941633234114145, "ʃ": 0.0009059143263879902, "ɭː": 0.0002588326646822829, "bʱ": 0.00012941633234114146, "lː": 0.001164746991070273, "kʰ": 0.00012941633234114146}