{"o": 0.011503067484662576, "ɲ": 0.003834355828220859, "e": 0.03987730061349693, "t̪": 0.05214723926380368, "d̪": 0.04371165644171779, "p": 0.0950920245398773, "b": 0.09202453987730061, "n̪": 0.039110429447852764, "k": 0.08895705521472393, "ɡ": 0.08052147239263803, "i": 0.04141104294478527, "ʋ": 0.05674846625766871, "tʃ": 0.02530674846625767, "eː": 0.00843558282208589, "a": 0.06441717791411043, "ʃ": 0.004601226993865031, "ɾ": 0.007668711656441718, "oː": 0.013803680981595092, "m": 0.05598159509202454, "aː": 0.03374233128834356, "u": 0.018404907975460124, "s": 0.03067484662576687, "ɟ": 0.009202453987730062, "bʱ": 0.015337423312883436, "pʰ": 0.014570552147239263, "l": 0.015337423312883436, "j": 0.003067484662576687, "r": 0.007668711656441718, "ʈ": 0.009202453987730062, "h": 0.005368098159509203, "ɖ": 0.006901840490797546, "uː": 0.0007668711656441718, "ai": 0.0007668711656441718, "kʰ": 0.0015337423312883436, "t̪ː": 0.0007668711656441718, "mː": 0.0007668711656441718, "iː": 0.0007668711656441718}