{"o": 0.02843601895734597, "ɲ": 0.005687203791469194, "e": 0.05276461295418641, "t̪": 0.049921011058451814, "p": 0.1023696682464455, "m": 0.07835703001579779, "n̪": 0.06635071090047394, "i": 0.04960505529225909, "k": 0.12069510268562401, "ʋ": 0.08878357030015797, "tʃ": 0.0353870458135861, "a": 0.10963665086887836, "ʃ": 0.010742496050552922, "ɾ": 0.015165876777251185, "d̪": 0.009162717219589257, "s": 0.046445497630331754, "b": 0.021484992101105844, "u": 0.018325434439178515, "ɟ": 0.013270142180094787, "j": 0.005055292259083728, "bʱ": 0.009478672985781991, "pʰ": 0.008846761453396525, "l": 0.012954186413902054, "ɖ": 0.006003159557661927, "ʈʰ": 0.000315955766192733, "h": 0.005687203791469194, "ʈ": 0.008530805687203791, "ɡ": 0.008530805687203791, "r": 0.00631911532385466, "ʂ": 0.001263823064770932, "d̪ʱ": 0.0009478672985781991, "ŋ": 0.000631911532385466, "ai": 0.0009478672985781991, "kʰ": 0.0009478672985781991, "ɡʱ": 0.000631911532385466, "au": 0.000315955766192733}