{"u": 0.09225908372827804, "n̪": 0.04770932069510268, "a": 0.13459715639810427, "e": 0.07804107424960506, "ː": 0.15481832543443919, "m": 0.17819905213270143, "i": 0.09921011058451817, "ʈ": 0.012006319115323854, "ɾ": 0.021800947867298578, "l": 0.0688783570300158, "ɳ": 0.013902053712480253, "ɭ": 0.021800947867298578, "ɡ": 0.0022116903633491313, "t̪": 0.01800947867298578, "p": 0.00315955766192733, "pʰ": 0.002527646129541864, "r": 0.00315955766192733, "s": 0.017061611374407582, "o": 0.001263823064770932, "ɻ": 0.0009478672985781991, "k": 0.0018957345971563982, "ʂ": 0.004107424960505529, "tʃ": 0.0009478672985781991, "ʋ": 0.0069510268562401265, "ai": 0.001579778830963665, "d̪": 0.001579778830963665, "ɟ": 0.0022116903633491313, "ɖ": 0.004739336492890996, "ʃ": 0.0009478672985781991, "j": 0.0022116903633491313, "b": 0.0009478672985781991, "kʰ": 0.000315955766192733}