{"ɛ": 0.11044776119402985, "a": 0.36716417910447763, "i": 0.14776119402985075, "ɔ": 0.13582089552238805, "u": 0.20746268656716418, "n": 0.005970149253731343, "ɡ": 0.0014925373134328358, "k": 0.0014925373134328358, "t": 0.004477611940298508, "d": 0.004477611940298508, "m": 0.005970149253731343, "h": 0.0014925373134328358, "p": 0.0014925373134328358, "b": 0.0014925373134328358, "s": 0.0014925373134328358, "r": 0.0014925373134328358}