{"ɛ": 0.11727048558421851, "ɔ": 0.2953812594840668, "a": 0.2403736722306525, "i": 0.09635811836115327, "n": 0.004836874051593323, "u": 0.20727427921092564, "s": 0.019347496206373292, "m": 0.01043247344461305, "d": 0.0019916540212443095, "t": 0.0019916540212443095, "l": 0.0013751896813353566, "ŋ": 0.0013277693474962064, "w": 4.742033383915023e-05, "r": 0.0004742033383915023, "p": 0.0002845220030349014, "b": 0.0002845220030349014, "ɡ": 0.00042678300455235206, "k": 0.00042678300455235206, "ⁿs": 4.742033383915023e-05, "h": 4.742033383915023e-05}