{"m": 0.06417910447761194, "d": 0.12835820895522387, "t": 0.12835820895522387, "i": 0.022388059701492536, "w": 0.04477611940298507, "n": 0.041791044776119404, "a": 0.06716417910447761, "p": 0.04626865671641791, "b": 0.04626865671641791, "k": 0.07462686567164178, "ɡ": 0.07462686567164178, "s": 0.05223880597014925, "ɔ": 0.019402985074626865, "h": 0.04029850746268657, "ɓ": 0.026865671641791045, "l": 0.04328358208955224, "ᵐp": 0.004477611940298508, "r": 0.010447761194029851, "d̪": 0.016417910447761194, "ᵐb": 0.0029850746268656717, "ɛ": 0.008955223880597015, "f": 0.013432835820895522, "u": 0.013432835820895522, "ᵑk": 0.004477611940298508, "ⁿt": 0.0014925373134328358, "ⁿd": 0.0014925373134328358, "ᵑɡ": 0.0014925373134328358}