{"m": 0.051396958220142376, "i": 0.051159009339493564, "ɛ": 0.05699536660651848, "ⁿd": 0.01146120441791755, "ɔ": 0.12839985987454805, "n": 0.04524994547004819, "a": 0.23024198079223757, "d": 0.05907741931219554, "u": 0.07737304435763717, "t": 0.059460781397685285, "k": 0.040259628667552366, "ɡ": 0.04021997052077756, "w": 0.009484906770306624, "s": 0.018183260296246357, "p": 0.018672377439802237, "b": 0.018685596822060505, "h": 0.026418935443146743, "ᵑk": 0.005671114988796574, "l": 0.02267785026405716, "r": 0.0031131645218218955, "f": 0.007594535107374433, "ᵑɡ": 0.00028421671855274205, "ⁿt": 0.002544731084716411, "ᵐp": 0.002835557494398287, "ᵐb": 0.00315943235972583, "ŋ": 0.001209573476631437, "ɓ": 0.004593735334747807, "d̪": 0.0025579504669746784, "ⁿs": 0.0010178924338865645}