{"ɛ": 0.12281032209455642, "ɔ": 0.22188736108495008, "a": 0.2802787718967791, "i": 0.1305330570728951, "n": 0.0043322659634582785, "u": 0.1992842343190808, "s": 0.017705782633264267, "l": 0.0037671877943115466, "m": 0.010359766434356753, "ŋ": 0.0007534375588623093, "d": 0.002448672066302505, "t": 0.002448672066302505, "r": 0.001130156338293464, "k": 0.000565078169146732, "ɡ": 0.000565078169146732, "ⁿs": 0.00018835938971557733, "p": 0.00037671877943115466, "b": 0.00037671877943115466, "h": 0.00018835938971557733}