{"m": 0.09340162699608316, "d": 0.11630009038867128, "i": 0.01385959626393492, "w": 0.027417896956914732, "n": 0.19343175655317868, "a": 0.07622777945164207, "p": 0.04880988249472733, "t": 0.05694486291051522, "k": 0.13347393793311238, "s": 0.05694486291051522, "ɔ": 0.015968665260620667, "h": 0.030430852666465804, "d̪": 0.012654413980114493, "ɓ": 0.020488098824947273, "ɡ": 0.012353118409159385, "l": 0.02380235010545345, "ᵐp": 0.0021090689966857487, "r": 0.007532389273877674, "ᵐb": 0.00391684242241639, "u": 0.010545344983428743, "b": 0.012051822838204279, "ɛ": 0.006025911419102139, "f": 0.021090689966857486, "ᵑk": 0.0024103645676408557, "ⁿt": 0.00030129557095510696, "ⁿd": 0.0012051822838204278, "ᵑɡ": 0.00030129557095510696}