{"ɛ": 0.1169026815305815, "a": 0.2386260921964447, "i": 0.11027417896956915, "ɔ": 0.3434769508888219, "u": 0.16149442603193734, "s": 0.015366074118710455, "m": 0.0030129557095510697, "l": 0.0021090689966857487, "n": 0.0030129557095510697, "d": 0.00030129557095510696, "t": 0.0015064778547755348, "r": 0.0015064778547755348, "k": 0.0009038867128653209, "h": 0.00030129557095510696, "ŋ": 0.00030129557095510696, "ⁿs": 0.00030129557095510696, "b": 0.00030129557095510696, "w": 0.00030129557095510696}