{"m": 0.034309946029298384, "i": 0.07131842713955282, "ɛ": 0.06322282189668466, "a": 0.23091750192752505, "d": 0.05551272166538165, "u": 0.09252120277563608, "t": 0.05551272166538165, "n": 0.028912875867386275, "k": 0.03700848111025443, "ɡ": 0.03700848111025443, "w": 0.02197378565921357, "ɔ": 0.08249807247494217, "p": 0.020431765612952967, "b": 0.020431765612952967, "s": 0.02081727062451812, "ɓ": 0.01040863531225906, "ᵑk": 0.009252120277563608, "ᵐp": 0.007710100231303007, "h": 0.02197378565921357, "ⁿt": 0.005782575173477255, "ⁿd": 0.01079414032382421, "l": 0.034309946029298384, "r": 0.008095605242868157, "d̪": 0.006168080185042405, "ᵐb": 0.005397070161912105, "ⁿs": 0.001156515034695451, "f": 0.005397070161912105, "ŋ": 0.0007710100231303007, "ᵑɡ": 0.00038550501156515033}