{"m": 0.06510811836115327, "d": 0.13856221547799696, "t": 0.13865705614567528, "i": 0.009910849772382397, "w": 0.00848823975720789, "n": 0.1393683611532625, "a": 0.08891312594840668, "p": 0.03964339908952959, "b": 0.03964339908952959, "k": 0.10086305007587254, "ɡ": 0.10076820940819424, "s": 0.038647572078907434, "ɔ": 0.007018209408194234, "h": 0.019489757207890743, "d̪": 0.004078148710166919, "ɓ": 0.009578907435508346, "l": 0.009294385432473445, "ᵐp": 0.0002845220030349014, "r": 0.004836874051593323, "ᵐb": 0.0023710166919575114, "u": 0.0036513657056145674, "ɛ": 0.0016597116843702579, "f": 0.02546471927162367, "ᵑk": 0.002655538694992413, "ⁿt": 4.742033383915023e-05, "ⁿd": 0.0009484066767830046, "ᵑɡ": 4.742033383915023e-05}