{"k": 0.04187300194320817, "ɡ": 0.04582210242587601, "m": 0.04155958126998057, "b": 0.042499843289663386, "p": 0.0401805303077791, "f": 0.06074092647151006, "v": 0.03917758415345076, "d̪": 0.07779101109509183, "t̪": 0.08286842600137904, "l": 0.09214567792891619, "ʔ": 0.010593618755093086, "w": 0.0053281514448693034, "u": 0.0055162038488058675, "uː": 0.00043878894251864854, "ħ": 0.010530934620447565, "i": 0.0936500971604087, "j": 0.06631981445496145, "a": 0.033285275496771766, "iː": 6.268413464552121e-05, "o": 0.0053281514448693034, "s": 0.04387889425186485, "z": 0.037798533191249296, "aː": 0.008963831254309534, "ʃ": 0.0035103115401491883, "n": 0.034852378862909796, "ɪː": 0.0003761048078731273, "dʒ": 0.008838462985018492, "tʃ": 0.00614304519526108, "lː": 0.0027581019244029338, "ew": 0.001692471635429073, "oː": 0.0007522096157462547, "sː": 0.003761048078731273, "e": 0.00977872500470131, "r": 0.02099918510624961, "nː": 0.0015044192314925093, "awː": 0.00025073653858208485, "ts": 0.0006895254811007334, "aw": 0.00025073653858208485, "t̪ː": 0.003384943270858146, "d̪ː": 0.0033222591362126247, "rː": 0.004513257694477528, "ʃː": 0.0007522096157462547, "eː": 0.00018805240393656366, "ajː": 0.0005014730771641697, "zː": 0.001441735096846988, "mː": 0.00025073653858208485, "ː": 0.0007522096157462547, "dʒː": 0.00012536826929104242, "iw": 0.0003134206732276061, "ej": 6.268413464552121e-05, "pː": 0.0008775778850372971, "bː": 0.0007522096157462547, "tʃː": 0.00012536826929104242, "aj": 0.00012536826929104242}