{"n": 0.042582417582417584, "u": 0.076007326007326, "ʃ": 0.015567765567765568, "nː": 0.004578754578754579, "aː": 0.019230769230769232, "a": 0.1771978021978022, "i": 0.08974358974358974, "ʔ": 0.005036630036630037, "d̪": 0.08516483516483517, "t̪": 0.09157509157509157, "l": 0.03159340659340659, "f": 0.008241758241758242, "v": 0.007326007326007326, "ow": 0.004120879120879121, "lː": 0.006868131868131868, "k": 0.018772893772893772, "ɡ": 0.018315018315018316, "kː": 0.006868131868131868, "ɡː": 0.004120879120879121, "sː": 0.009157509157509158, "zː": 0.005494505494505495, "mː": 0.010073260073260074, "r": 0.045787545787545784, "ħ": 0.01098901098901099, "s": 0.021062271062271064, "z": 0.017857142857142856, "aw": 0.003663003663003663, "t̪ː": 0.016025641025641024, "d̪ː": 0.0173992673992674, "ej": 0.0013736263736263737, "p": 0.019688644688644688, "b": 0.0260989010989011, "e": 0.007783882783882784, "uː": 0.003663003663003663, "iː": 0.003663003663003663, "dʒ": 0.00641025641025641, "m": 0.024725274725274724, "ts": 0.0027472527472527475, "o": 0.003205128205128205, "ew": 0.009157509157509158, "j": 0.0027472527472527475, "pː": 0.003663003663003663, "bː": 0.003663003663003663, "tʃ": 0.0013736263736263737, "tsː": 0.0013736263736263737, "ħː": 0.004120879120879121, "tʃː": 0.0004578754578754579, "dʒː": 0.0013736263736263737, "ʃː": 0.0009157509157509158, "ʔː": 0.0009157509157509158, "ɪː": 0.0004578754578754579}