{"n": 0.04268012849931161, "u": 0.07434603028912345, "ʃ": 0.015603487838458009, "nː": 0.004589261128958238, "aː": 0.019274896741624598, "a": 0.1776044056906838, "i": 0.08994951812758147, "ʔ": 0.005048187241854061, "d̪": 0.08536025699862322, "t̪": 0.09178522257916476, "l": 0.03166590178981184, "f": 0.008260670032124828, "v": 0.0073428178063331805, "ow": 0.004130335016062414, "lː": 0.006883891693437357, "k": 0.018815970628728775, "ɡ": 0.018357044515832952, "kː": 0.006883891693437357, "ɡː": 0.004130335016062414, "sː": 0.009178522257916476, "zː": 0.005507113354749885, "mː": 0.010096374483708122, "r": 0.04589261128958238, "ħ": 0.01101422670949977, "s": 0.021110601193207894, "z": 0.017898118402937126, "aw": 0.0036714089031665903, "t̪ː": 0.016062413951353834, "d̪ː": 0.017439192290041303, "ej": 0.0013767783386874712, "p": 0.01973382285452042, "b": 0.026158788435061954, "e": 0.0073428178063331805, "uː": 0.0036714089031665903, "iː": 0.0036714089031665903, "dʒ": 0.006424965580541533, "m": 0.024782010096374485, "ts": 0.0027535566773749425, "o": 0.0032124827902707664, "ew": 0.009178522257916476, "j": 0.0027535566773749425, "pː": 0.0036714089031665903, "bː": 0.0036714089031665903, "tʃ": 0.0013767783386874712, "tsː": 0.0013767783386874712, "ħː": 0.004130335016062414, "tʃː": 0.0004589261128958238, "dʒː": 0.0013767783386874712, "ʃː": 0.0009178522257916476, "ʔː": 0.0009178522257916476, "ɪː": 0.0004589261128958238}