{"k": 0.01870823605184768, "ɪː": 0.010053538362450688, "n": 0.04354520570002415, "ɡ": 0.020539811609371225, "u": 0.025561548989614363, "e": 0.0511734159890508, "t̪": 0.06560462120602206, "d̪": 0.06130746316721681, "ʃ": 0.003934868368086306, "uː": 0.006058288382577892, "m": 0.025068432493358023, "i": 0.1216085661379921, "nː": 0.002073102004669511, "oː": 0.001962402383060945, "aː": 0.006943885355446422, "a": 0.11948514612350053, "ħ": 0.009530231060301103, "s": 0.032394734723452216, "o": 0.02853031156911682, "b": 0.031549392158441346, "p": 0.024857096852105305, "f": 0.02052974800740681, "ʔ": 0.009238386603333065, "v": 0.014401014411078014, "l": 0.06854319297963127, "iː": 0.008101199581354157, "r": 0.05615489896143628, "j": 0.024535061589244022, "ow": 0.0007245793414378874, "w": 0.004739956525239513, "aj": 0.0022039288302069075, "lː": 0.004750020127203929, "mː": 0.001841639159487964, "aw": 0.0018919571693100394, "sː": 0.004619193301666533, "kː": 0.0004025440785766041, "ɡː": 0.0005635617100072458, "zː": 0.002052974800740681, "ħː": 0.000583688913936076, "ew": 0.0021032928105627568, "bː": 0.001841639159487964, "pː": 0.0020328475968118508, "d̪ː": 0.006239433217937364, "t̪ː": 0.006299814829723855, "ʔː": 0.00034216246679011353, "z": 0.02441429836567104, "ts": 0.0012478866435874727, "dʒ": 0.006209242412044119, "dʒː": 0.0004025440785766041, "jː": 0.0006038161178649062, "eː": 0.0010365510023347556, "rː": 0.0016705579260929073, "tʃː": 0.0018718299653812092, "tʃ": 0.004236776427018758, "ej": 0.0004025440785766041, "fː": 0.0004025440785766041, "tsː": 0.0011472506239433218, "awː": 4.025440785766042e-05, "ʃː": 0.0007245793414378874, "ajː": 8.050881571532083e-05, "vː": 7.044521375090572e-05, "ː": 0.00012076322357298124, "iw": 5.0318009822075514e-05, "oj": 4.025440785766042e-05}