{"k": 0.042682926829268296, "ɡ": 0.042682926829268296, "m": 0.038155949741315594, "b": 0.035846267553584624, "p": 0.035846267553584624, "f": 0.046655580192165556, "v": 0.046655580192165556, "d̪": 0.07852919438285291, "t̪": 0.07852919438285291, "l": 0.0725240206947524, "ʔ": 0.012102734663710273, "w": 0.009885439763488544, "u": 0.004988913525498891, "uː": 0.0006467110125646711, "ħ": 0.015890613451589063, "i": 0.0880450849963045, "j": 0.06522542498152255, "a": 0.03122690317812269, "iː": 9.238728750923873e-05, "o": 0.00434220251293422, "s": 0.052937915742793794, "z": 0.052937915742793794, "aː": 0.014597191426459719, "ʃ": 0.00582039911308204, "n": 0.03778640059127864, "ɪː": 0.0009238728750923873, "lː": 0.0023096821877309683, "dʒ": 0.011086474501108648, "tʃ": 0.011086474501108648, "ew": 0.0010162601626016261, "oː": 0.0012010347376201036, "sː": 0.003880266075388027, "zː": 0.003880266075388027, "e": 0.00803769401330377, "r": 0.016999260901699925, "nː": 0.0028640059127864005, "awː": 0.0007390983000739098, "ts": 0.001385809312638581, "aw": 0.0005543237250554324, "t̪ː": 0.004526977087952698, "d̪ː": 0.004526977087952698, "rː": 0.003141167775314117, "ʃː": 0.0008314855875831486, "eː": 0.0006467110125646711, "ajː": 0.0008314855875831486, "mː": 0.0003695491500369549, "ː": 0.0019401330376940134, "dʒː": 0.00018477457501847746, "iw": 0.0007390983000739098, "ej": 0.0003695491500369549, "bː": 0.0005543237250554324, "pː": 0.0005543237250554324, "tʃː": 0.00018477457501847746}