{"n": 0.03593865484109387, "u": 0.09164818920916482, "d̪": 0.08767553584626755, "t̪": 0.08767553584626755, "ʃ": 0.024944567627494457, "nː": 0.0019401330376940134, "m": 0.028824833702882482, "aː": 0.008407243163340725, "a": 0.18311160384331115, "i": 0.11104951958610496, "s": 0.020971914264597193, "z": 0.020971914264597193, "k": 0.013580931263858093, "ɡ": 0.013580931263858093, "ʔ": 0.007760532150776054, "l": 0.03713968957871397, "f": 0.006374722838137472, "v": 0.006374722838137472, "ow": 0.004526977087952698, "ħ": 0.011086474501108648, "lː": 0.0040650406504065045, "kː": 0.0024944567627494456, "ɡː": 0.0024944567627494456, "sː": 0.008407243163340725, "zː": 0.008407243163340725, "r": 0.046747967479674794, "t̪ː": 0.01228750923872875, "d̪ː": 0.01228750923872875, "mː": 0.005173688100517369, "b": 0.02254249815225425, "p": 0.02254249815225425, "dʒ": 0.00434220251293422, "tʃ": 0.00434220251293422, "dʒː": 0.0020325203252032522, "aw": 0.004804138950480414, "uː": 0.003695491500369549, "ew": 0.0072985957132298595, "ej": 0.0002771618625277162, "e": 0.003880266075388027, "fː": 0.0003695491500369549, "vː": 0.0003695491500369549, "iː": 0.0007390983000739098, "ts": 0.0025868440502586844, "tsː": 0.001385809312638581, "o": 0.0021249076127124907, "j": 0.0015705838876570585, "bː": 0.0024944567627494456, "pː": 0.0024944567627494456, "ħː": 0.003141167775314117, "rː": 0.0003695491500369549, "tʃː": 9.238728750923873e-05, "ʃː": 0.00018477457501847746, "ʔː": 0.00018477457501847746, "ɪː": 0.00018477457501847746}