{"n": 0.03504043126684636, "u": 0.10167366639503542, "t̪": 0.08612800100294615, "d̪": 0.08286842600137904, "ʃ": 0.01698740048893625, "nː": 0.0011909985582649032, "m": 0.024384128377107753, "aː": 0.005892308656678995, "a": 0.2179527361624773, "i": 0.17256942267911993, "s": 0.021876762991286904, "k": 0.008838462985018492, "ɡ": 0.008650410581081928, "ʔ": 0.006080361060615558, "l": 0.032282329342443426, "f": 0.004575941829123049, "v": 0.003949100482667837, "ow": 0.003949100482667837, "ħ": 0.010154829812574437, "lː": 0.003447627405503667, "r": 0.036231429825111267, "kː": 0.0016297875007835517, "ɡː": 0.0008148937503917759, "sː": 0.006769886541716292, "zː": 0.001692471635429073, "bː": 0.00257004952046637, "pː": 0.00257004952046637, "d̪ː": 0.009716040870055788, "t̪ː": 0.009527988466119226, "mː": 0.0038864163480223156, "z": 0.01598445433460791, "b": 0.015232244718861657, "p": 0.0124114586598132, "dʒ": 0.0030088384629850186, "dʒː": 0.0013790509622014669, "aw": 0.0055162038488058675, "ew": 0.006331097599197643, "uː": 0.0016297875007835517, "rː": 0.00012536826929104242, "ej": 0.00018805240393656366, "j": 0.0013790509622014669, "e": 0.0030088384629850186, "tʃ": 0.0013163668275559457, "fː": 0.00025073653858208485, "iː": 0.0005014730771641697, "ts": 0.0015671033661380305, "tsː": 0.0023193129818842853, "o": 0.0018178399047201154, "ħː": 0.0017551557700745941, "tʃː": 6.268413464552121e-05, "ʃː": 0.00012536826929104242, "ʔː": 0.00012536826929104242, "ɪː": 6.268413464552121e-05}