{"k": 0.038003663003663, "ɡ": 0.046703296703296704, "m": 0.038003663003663, "b": 0.051739926739926737, "p": 0.041666666666666664, "f": 0.04945054945054945, "v": 0.027472527472527472, "d̪": 0.07692307692307693, "t̪": 0.08379120879120878, "l": 0.044413919413919416, "ʔ": 0.01694139194139194, "w": 0.012362637362637362, "u": 0.009615384615384616, "uː": 0.003205128205128205, "i": 0.0641025641025641, "j": 0.042582417582417584, "iː": 0.0004578754578754579, "o": 0.004120879120879121, "s": 0.0521978021978022, "z": 0.048534798534798536, "a": 0.023351648351648352, "aː": 0.035256410256410256, "ʃ": 0.011904761904761904, "n": 0.03021978021978022, "ɪː": 0.0027472527472527475, "ħ": 0.019688644688644688, "dʒ": 0.018772893772893772, "tʃ": 0.011446886446886446, "lː": 0.0018315018315018315, "ew": 0.0004578754578754579, "oː": 0.0027472527472527475, "sː": 0.007326007326007326, "e": 0.013278388278388278, "r": 0.023351648351648352, "awː": 0.0013736263736263737, "nː": 0.0018315018315018315, "ts": 0.0027472527472527475, "t̪ː": 0.010531135531135532, "d̪ː": 0.010531135531135532, "rː": 0.003663003663003663, "ʃː": 0.0013736263736263737, "eː": 0.0013736263736263737, "zː": 0.004120879120879121, "mː": 0.0013736263736263737, "aw": 0.0013736263736263737, "ː": 0.0018315018315018315, "ajː": 0.0009157509157509158, "dʒː": 0.0009157509157509158, "ej": 0.0004578754578754579, "tʃː": 0.0009157509157509158}