{"k": 0.0218026796589525, "ɪː": 0.028014616321559074, "n": 0.03824604141291108, "ɡ": 0.024969549330085262, "u": 0.024969549330085262, "ʃ": 0.008282582216808769, "m": 0.026674786845310598, "i": 0.06528623629719854, "nː": 0.0035322777101096225, "aː": 0.02630937880633374, "a": 0.11278928136419002, "b": 0.028501827040194883, "p": 0.020097442143727162, "f": 0.019366626065773447, "uː": 0.016808769792935444, "ʔ": 0.011327649208282583, "v": 0.01169305724725944, "d̪": 0.06187576126674787, "t̪": 0.06613885505481121, "iː": 0.029232643118148598, "l": 0.03848964677222899, "e": 0.03800243605359318, "ow": 0.0010962241169305725, "j": 0.018026796589524968, "w": 0.007186358099878197, "r": 0.0464068209500609, "o": 0.027527405602923265, "lː": 0.007064555420219245, "mː": 0.004750304506699147, "aw": 0.005115712545676005, "ħ": 0.014250913520097441, "kː": 0.0023142509135200976, "ɡː": 0.00146163215590743, "sː": 0.006577344701583435, "zː": 0.003166869671132765, "s": 0.02886723507917174, "z": 0.025943970767356883, "t̪ː": 0.01120584652862363, "d̪ː": 0.011936662606577345, "rː": 0.00194884287454324, "ej": 0.00243605359317905, "dʒ": 0.010109622411693057, "tʃ": 0.005115712545676005, "ew": 0.006577344701583435, "ts": 0.0025578562728380025, "eː": 0.0032886723507917176, "oː": 0.0036540803897685747, "aj": 0.0041412911084043845, "jː": 0.00097442143727162, "awː": 0.0003654080389768575, "pː": 0.0018270401948842874, "bː": 0.0018270401948842874, "ʃː": 0.002192448233861145, "tsː": 0.001218026796589525, "ħː": 0.00194884287454324, "ʔː": 0.00048721071863581, "tʃː": 0.0008526187576126675, "dʒː": 0.0013398294762484776, "ː": 0.00048721071863581, "ajː": 0.000243605359317905, "oj": 0.00048721071863581, "fː": 0.0006090133982947625}