{"k": 0.021749696233292832, "ɪː": 0.027946537059538274, "n": 0.038153098420413124, "ɡ": 0.02490886998784933, "u": 0.025394896719319562, "ʃ": 0.008262454434993925, "m": 0.026731470230862697, "i": 0.06512758201701094, "nː": 0.0035236938031591738, "aː": 0.026245443499392465, "a": 0.11251518833535845, "b": 0.028432563791008506, "p": 0.020048602673147023, "f": 0.019319562575941678, "uː": 0.016767922235722963, "ʔ": 0.011300121506682867, "v": 0.011664641555285541, "d̪": 0.06172539489671932, "t̪": 0.06597812879708384, "iː": 0.02916160388821385, "l": 0.03839611178614824, "e": 0.038517618469015795, "ow": 0.0010935601458080195, "j": 0.017982989064398543, "w": 0.0071688942891859056, "r": 0.04629404617253949, "o": 0.0275820170109356, "lː": 0.0070473876063183475, "mː": 0.004738760631834751, "aw": 0.005103280680437424, "ħ": 0.014216281895504253, "kː": 0.0023086269744835965, "ɡː": 0.0014580801944106927, "sː": 0.006561360874848116, "zː": 0.0031591737545565005, "s": 0.02916160388821385, "z": 0.02612393681652491, "t̪ː": 0.01117861482381531, "d̪ː": 0.011907654921020656, "rː": 0.0019441069258809235, "ej": 0.002430133657351154, "dʒ": 0.010328068043742407, "tʃ": 0.0053462940461725394, "ew": 0.006561360874848116, "ts": 0.002551640340218712, "eː": 0.003280680437424058, "oː": 0.0036452004860267314, "aj": 0.004131227217496963, "jː": 0.0009720534629404617, "awː": 0.00036452004860267317, "pː": 0.0018226002430133657, "bː": 0.0018226002430133657, "ʃː": 0.002187120291616039, "tsː": 0.001215066828675577, "ħː": 0.0019441069258809235, "ʔː": 0.0004860267314702309, "tʃː": 0.000850546780072904, "dʒː": 0.0013365735115431349, "ː": 0.0004860267314702309, "ajː": 0.00024301336573511544, "oj": 0.0004860267314702309, "fː": 0.0006075334143377885}