{"k": 0.03809086737035337, "ɡ": 0.046810463515374025, "m": 0.03763194125745755, "b": 0.051858650757228085, "p": 0.041762276273519965, "f": 0.04956402019274897, "v": 0.027535566773749427, "d̪": 0.07709958696649839, "t̪": 0.08398347865993575, "l": 0.0445158329508949, "ʔ": 0.01698026617714548, "w": 0.012391005048187242, "u": 0.009637448370812299, "uː": 0.0032124827902707664, "i": 0.06424965580541533, "j": 0.04268012849931161, "iː": 0.0004589261128958238, "o": 0.004130335016062414, "s": 0.05231757687012391, "z": 0.04864616796695732, "a": 0.023405231757687012, "aː": 0.03533731069297843, "ʃ": 0.011932078935291418, "n": 0.030289123451124368, "ɪː": 0.0027535566773749425, "ħ": 0.01973382285452042, "lː": 0.0018357044515832951, "dʒ": 0.017898118402937126, "tʃ": 0.010555300596603947, "ew": 0.0004589261128958238, "oː": 0.0027535566773749425, "sː": 0.0073428178063331805, "e": 0.01330885727397889, "r": 0.023405231757687012, "awː": 0.0013767783386874712, "nː": 0.0018357044515832951, "ts": 0.0027535566773749425, "t̪ː": 0.010555300596603947, "d̪ː": 0.010555300596603947, "rː": 0.0036714089031665903, "ʃː": 0.0013767783386874712, "eː": 0.0013767783386874712, "zː": 0.004130335016062414, "mː": 0.0013767783386874712, "aw": 0.0013767783386874712, "ː": 0.0018357044515832951, "ajː": 0.0009178522257916476, "dʒː": 0.0009178522257916476, "ej": 0.0004589261128958238, "tʃː": 0.0009178522257916476}