{"k": 0.02149107832743347, "ɪː": 0.0153096979389409, "n": 0.0370703132019191, "ɡ": 0.02149107832743347, "u": 0.025857576683258162, "e": 0.05094248081795475, "d̪": 0.063880253724102, "t̪": 0.063880253724102, "ʃ": 0.007187651614526244, "uː": 0.009038471905266751, "m": 0.023827065102154498, "i": 0.09448168047294747, "nː": 0.002569585452193132, "oː": 0.0035399184201541753, "aː": 0.013440908519164076, "a": 0.11042029792815942, "ħ": 0.01338700113205513, "s": 0.03241630878151336, "z": 0.03241630878151336, "o": 0.03072721065209969, "b": 0.027438860038453937, "p": 0.027438860038453937, "f": 0.018975400262349285, "ʔ": 0.011643995615532515, "v": 0.018975400262349285, "l": 0.05096044994699107, "iː": 0.012919803777110923, "r": 0.04549783471995113, "j": 0.023072361682629244, "ow": 0.0012398699035057771, "w": 0.005678244775475733, "aj": 0.0035758566782268064, "lː": 0.006307164291746779, "mː": 0.0026055237102657635, "aw": 0.0024797398070115543, "kː": 0.0012758081615784082, "ɡː": 0.0012758081615784082, "sː": 0.005732152162584679, "zː": 0.005732152162584679, "ħː": 0.0013117464196510395, "t̪ː": 0.008822842356830965, "d̪ː": 0.008822842356830965, "ʔː": 0.0005750121291620995, "dʒ": 0.006397009936928357, "tʃ": 0.006397009936928357, "dʒː": 0.0007187651614526244, "jː": 0.0011859625163968303, "ew": 0.003126628452318916, "ts": 0.0015094068390505112, "eː": 0.0027852150006289194, "rː": 0.0014554994519415643, "tʃː": 0.0014375303229052488, "ej": 0.0010062712260336742, "bː": 0.002030511581103664, "pː": 0.002030511581103664, "fː": 0.00048516648398052144, "vː": 0.00048516648398052144, "tsː": 0.0009883020969973586, "awː": 0.00014375303229052487, "ʃː": 0.0011859625163968303, "ajː": 0.0001617221613268405, "ː": 0.0003773517097626278, "iw": 0.00014375303229052487, "oj": 0.00021562954843578732}