{"k": 0.04420432220039293, "m": 0.06753438113948919, "b": 0.03585461689587426, "f": 0.06483300589390963, "d̪": 0.029469548133595286, "e": 0.011051080550098232, "a": 0.054027504911591355, "l": 0.08325147347740668, "ʔ": 0.016453831041257368, "t̪": 0.10216110019646366, "w": 0.013506876227897839, "u": 0.008595284872298626, "ħ": 0.018664047151277015, "i": 0.11419449901768172, "j": 0.08153241650294696, "o": 0.008840864440078585, "s": 0.061640471512770134, "ʃ": 0.011296660117878193, "aw": 0.002455795677799607, "ɡ": 0.02406679764243615, "n": 0.04764243614931238, "ɪ": 0.0009823182711198428, "z": 0.007612966601178782, "dʒ": 0.012278978388998035, "p": 0.03118860510805501, "ew": 0.0019646365422396855, "tʃ": 0.0044204322200392925, "v": 0.008840864440078585, "r": 0.023575638506876228, "ts": 0.0027013752455795677, "aj": 0.002455795677799607, "ː": 0.001719056974459725, "iw": 0.0007367387033398821, "ej": 0.0002455795677799607}