{"k": 0.02257847910021823, "ɪ": 0.013933187846231324, "ː": 0.10815007554137988, "n": 0.04859828772872251, "m": 0.037728722511331206, "i": 0.10009232835319792, "b": 0.02589390632868894, "ʃ": 0.0099882491186839, "f": 0.020815846902803425, "u": 0.0366375692462649, "ʔ": 0.013387611213698171, "d̪": 0.029922779922779922, "a": 0.12061440322309888, "e": 0.04616417659895921, "l": 0.06567903307033741, "t̪": 0.06244754070841027, "ow": 0.0010072183985227463, "j": 0.031055900621118012, "w": 0.007176431089474568, "r": 0.047339264730569076, "o": 0.029251300990431425, "ħ": 0.01645123384253819, "aw": 0.0031475574953835823, "s": 0.03814839684404902, "ew": 0.0031475574953835823, "z": 0.0076800402887359405, "ɡ": 0.012338425381903642, "ej": 0.001342957864696995, "dʒ": 0.007805942588551284, "aj": 0.003902971294275642, "p": 0.01452073191203626, "v": 0.005455766325331543, "ts": 0.003861003861003861, "tʃ": 0.003483296961557831, "iw": 0.0001259022998153433, "oj": 0.0001259022998153433}