{"k": 0.04415011037527594, "m": 0.06769683590875644, "b": 0.03581064508216826, "f": 0.06475349521707138, "d̪": 0.029433406916850625, "e": 0.011037527593818985, "a": 0.053961246014226145, "l": 0.08314937454010302, "ʔ": 0.0164336521952416, "t̪": 0.10203581064508217, "w": 0.013490311503556536, "u": 0.008584743684081433, "ħ": 0.018641157714005395, "i": 0.11405445180279618, "j": 0.08143242580328673, "o": 0.008830022075055188, "s": 0.061564876134412555, "ʃ": 0.01128280598479274, "aw": 0.0024527839097375523, "ɡ": 0.024282560706401765, "n": 0.04758400784890851, "ɪ": 0.0009811135638950208, "z": 0.007603630120186411, "dʒ": 0.012509197939661517, "p": 0.03164091243561442, "ew": 0.0019622271277900416, "tʃ": 0.004415011037527594, "v": 0.008830022075055188, "r": 0.0235467255334805, "ts": 0.002698062300711307, "aj": 0.0024527839097375523, "ː": 0.0017169487368162864, "iw": 0.0007358351729212656, "ej": 0.0002452783909737552}