{"n": 0.05739514348785872, "ː": 0.07579102281089035, "ʃ": 0.026490066225165563, "ʔ": 0.010056414029923964, "l": 0.045376502330144716, "f": 0.009565857247976454, "a": 0.23424086337993621, "u": 0.10056414029923964, "t̪": 0.07309296051017905, "d̪": 0.033112582781456956, "ow": 0.0051508462104488595, "k": 0.012754476330635272, "r": 0.05126318371351484, "m": 0.03630120186411577, "s": 0.0235467255334805, "ej": 0.0004905567819475104, "i": 0.12337503065979886, "b": 0.02403728231542801, "e": 0.004415011037527594, "dʒ": 0.005396124601422614, "ħ": 0.013490311503556536, "ew": 0.00613195977434388, "aw": 0.0051508462104488595, "j": 0.0029433406916850625, "z": 0.00613195977434388, "ɡ": 0.004415011037527594, "o": 0.003679175864606328, "p": 0.002698062300711307, "ts": 0.0019622271277900416, "tʃ": 0.0002452783909737552, "v": 0.0007358351729212656}