{"k": 0.02259744623655914, "ɪ": 0.01394489247311828, "ː": 0.10824092741935484, "n": 0.048639112903225805, "m": 0.037718413978494625, "i": 0.10017641129032258, "b": 0.02591565860215054, "ʃ": 0.009996639784946236, "f": 0.020833333333333332, "u": 0.03658434139784946, "ʔ": 0.01339885752688172, "d̪": 0.029947916666666668, "a": 0.12071572580645161, "e": 0.045992943548387094, "l": 0.06573420698924731, "t̪": 0.0625, "ow": 0.0010080645161290322, "j": 0.031081989247311828, "w": 0.0071824596774193545, "r": 0.04729502688172043, "o": 0.029149865591397848, "ħ": 0.01646505376344086, "aw": 0.0031502016129032256, "s": 0.03805443548387097, "ew": 0.0031502016129032256, "z": 0.007686491935483871, "ɡ": 0.012306787634408602, "ej": 0.0013440860215053765, "dʒ": 0.007770497311827957, "aj": 0.00390625, "p": 0.014448924731182795, "v": 0.005460349462365592, "ts": 0.003864247311827957, "tʃ": 0.00348622311827957, "iw": 0.00012600806451612903, "oj": 0.00012600806451612903}