{"s": 0.04838709677419355, "z": 0.018328445747800588, "n": 0.013929618768328446, "sʲ": 0.06964809384164222, "zʲ": 0.04398826979472141, "tʲ": 0.06085043988269795, "dʲ": 0.05205278592375367, "k": 0.0373900293255132, "ɡ": 0.028592375366568914, "e": 0.06085043988269795, "r": 0.004398826979472141, "lʲ": 0.01686217008797654, "j": 0.015395894428152493, "rʲ": 0.006598240469208211, "nʲ": 0.030791788856304986, "d": 0.04838709677419355, "t": 0.07771260997067449, "ʒ": 0.005865102639296188, "ʃ": 0.005865102639296188, "a": 0.1158357771260997, "o": 0.08944281524926687, "u": 0.0036656891495601175, "l": 0.008797653958944282, "i": 0.09310850439882698, "m": 0.010997067448680353, "v": 0.015395894428152493, "f": 0.012463343108504398, "p": 0.0021994134897360706, "b": 0.0021994134897360706}