{"j": 0.027126099706744868, "s": 0.05791788856304985, "z": 0.060117302052785926, "m": 0.039589442815249266, "u": 0.027126099706744868, "v": 0.030791788856304986, "f": 0.030791788856304986, "p": 0.05498533724340176, "b": 0.04838709677419355, "t": 0.036656891495601175, "d": 0.036656891495601175, "k": 0.07917888563049853, "ɡ": 0.07624633431085044, "a": 0.06085043988269795, "sʲ": 0.02346041055718475, "zʲ": 0.022727272727272728, "tʃ": 0.02126099706744868, "e": 0.05278592375366569, "l": 0.018328445747800588, "tʲ": 0.02785923753665689, "dʲ": 0.024193548387096774, "lʲ": 0.021994134897360705, "nʲ": 0.019794721407624633, "o": 0.047653958944281524, "ʃ": 0.019794721407624633, "n": 0.008064516129032258, "ʒ": 0.008797653958944282, "r": 0.008797653958944282, "tsʲ": 0.001466275659824047, "rʲ": 0.006598240469208211}