{"j": 0.08277640664429717, "i": 0.053243115831507724, "s": 0.0396020883805471, "tʲ": 0.03475424218054761, "a": 0.10453247149400889, "ʒ": 0.006189008019240126, "o": 0.0666673389282302, "ʃ": 0.0076587398625057035, "z": 0.035775239430157486, "dʲ": 0.031285372512737254, "m": 0.029835808516377554, "sʲ": 0.022305638677896797, "zʲ": 0.019671213675816986, "nʲ": 0.023982090951947584, "lʲ": 0.014888912978261582, "t": 0.04357515422100431, "d": 0.032041666771707535, "n": 0.03539205033894588, "e": 0.13025656022245136, "k": 0.03452735390285652, "ɡ": 0.02697449523660666, "tsʲ": 0.0029319007439414526, "r": 0.015420839940404012, "l": 0.010081402472073835, "u": 0.01467462960488667, "v": 0.027892132270823933, "f": 0.01764686604263987, "rʲ": 0.009579727280290216, "tʃ": 0.0058890112965152485, "ts": 5.7982559854388145e-05, "p": 0.010613329434216265, "b": 0.009118387782318344, "x": 0.00015882179438375882}