{"j": 0.03689523775125061, "s": 0.050457804345077927, "z": 0.04951871850902064, "m": 0.04417315298069456, "u": 0.02376609538944973, "v": 0.04765860617990717, "f": 0.04755025012190057, "p": 0.0647788633449515, "b": 0.05652574359344807, "t": 0.029346432376790133, "d": 0.029346432376790133, "k": 0.08262149423003991, "ɡ": 0.07906380365882289, "a": 0.051830314413161646, "l": 0.013833456738843841, "sʲ": 0.02909360157477471, "zʲ": 0.026998717786646923, "tʃ": 0.024018926191465156, "e": 0.04995214274104708, "tʲ": 0.030971773246889277, "dʲ": 0.030195221497841908, "lʲ": 0.021111371968287794, "x": 0.0004153648890253373, "nʲ": 0.014519711772885703, "o": 0.021671211601321943, "ʃ": 0.008307297780506746, "r": 0.005977642533364636, "n": 0.007765517490473697, "ʒ": 0.003557690571217019, "tsʲ": 0.0010113232080616907, "rʲ": 0.01706607913604103}