{"j": 0.057622640341008786, "i": 0.04960315412482325, "s": 0.04493802186006667, "tʲ": 0.03037496516632435, "a": 0.12217073145558319, "dʲ": 0.03037496516632435, "z": 0.04493802186006667, "t": 0.04133596177068604, "d": 0.04133596177068604, "n": 0.027732766361506466, "k": 0.036474728813384386, "ɡ": 0.036474728813384386, "e": 0.08570632373128012, "nʲ": 0.018980482820547224, "l": 0.014552735604661004, "o": 0.0741570250492832, "sʲ": 0.02319148716572573, "zʲ": 0.02319148716572573, "tsʲ": 0.0015997688076045784, "v": 0.025647906367079854, "f": 0.025647906367079854, "m": 0.02383139468876756, "r": 0.01701947589509645, "u": 0.02140593875465739, "lʲ": 0.01259172867921023, "rʲ": 0.009526365222058231, "tʃ": 0.006275222161442475, "ʒ": 0.012065353136062917, "ʃ": 0.012065353136062917, "p": 0.014366956001197246, "b": 0.014366956001197246, "x": 0.0002064217816263972, "ts": 0.00022706395978903693}