{"j": 0.07116434091491777, "i": 0.0528147090063363, "s": 0.05343735120682709, "tʲ": 0.037944548218144525, "a": 0.11815551404607552, "ʒ": 0.0036992271911511555, "o": 0.07812328315569718, "n": 0.03907995458374538, "u": 0.022231989158700508, "m": 0.04076475112624986, "r": 0.021499468922828995, "t": 0.04047174303190126, "lʲ": 0.019301908215214447, "nʲ": 0.036223125663846466, "e": 0.1009412885030949, "sʲ": 0.024795809984250815, "v": 0.03809105226531883, "p": 0.019411786250595173, "z": 0.013148738233893712, "k": 0.05655056220928103, "d": 0.018093249826026444, "l": 0.016335201259934807, "ɡ": 0.007068820276160129, "zʲ": 0.013112112222100136, "rʲ": 0.012965608174925832, "ʃ": 0.01289235615133868, "tʃ": 0.010658169431930558, "dʲ": 0.011354063656008497, "x": 0.000549390176903637, "b": 0.0029667069552796396, "tsʲ": 0.0052741456982749145, "f": 0.0005860161886972128, "ts": 0.0002930080943486064}