{"j": 0.05034456355283308, "i": 0.06010719754977029, "s": 0.044793261868300155, "z": 0.04326186830015314, "o": 0.08728943338437979, "n": 0.02986217457886677, "sʲ": 0.030053598774885146, "zʲ": 0.022396630934150077, "tʲ": 0.031776416539050535, "dʲ": 0.026416539050535988, "k": 0.03809341500765697, "ɡ": 0.03158499234303216, "e": 0.07580398162327719, "m": 0.018950995405819297, "a": 0.12136294027565084, "r": 0.016845329249617153, "u": 0.02967075038284839, "lʲ": 0.020099540581929556, "nʲ": 0.015888208269525268, "v": 0.02277947932618683, "f": 0.01282542113323124, "rʲ": 0.01167687595712098, "p": 0.016462480857580397, "b": 0.014356814701378255, "d": 0.03407350689127105, "t": 0.04307044410413476, "ʒ": 0.00937978560490046, "ʃ": 0.012442572741194487, "l": 0.017228177641653904, "tʃ": 0.008614088820826952, "tsʲ": 0.0017228177641653904, "ts": 0.0007656967840735069}