{"o": 0.10582959641255606, "n": 0.02085201793721973, "s": 0.06457399103139014, "sʲ": 0.07847533632286996, "e": 0.12869955156950671, "nʲ": 0.11076233183856503, "k": 0.05762331838565023, "a": 0.08251121076233184, "lʲ": 0.012780269058295964, "t": 0.05717488789237668, "tʲ": 0.12040358744394619, "i": 0.05762331838565023, "zʲ": 0.04192825112107623, "ʃ": 0.002017937219730942, "j": 0.013004484304932735, "v": 0.015246636771300448, "l": 0.004484304932735426, "m": 0.011210762331838564, "dʲ": 0.0013452914798206279, "r": 0.004260089686098654, "z": 0.002017937219730942, "d": 0.0013452914798206279, "f": 0.0004484304932735426, "ʒ": 0.0004484304932735426, "p": 0.0008968609865470852, "rʲ": 0.0026905829596412557, "u": 0.0011210762331838565, "tʃ": 0.0002242152466367713}