{"o": 0.0780524804507612, "a": 0.0545933938923302, "sʲ": 0.07653549563866867, "zʲ": 0.06542899969299117, "nʲ": 0.0702147255882831, "lʲ": 0.012623480757770032, "s": 0.060444621024687124, "t": 0.060282086937677205, "d": 0.040055622776443395, "e": 0.11727737344915393, "n": 0.017210553880049845, "k": 0.03546854965416358, "ɡ": 0.0334278438950391, "tʲ": 0.08818377187437922, "dʲ": 0.0724360247774186, "i": 0.0379426796453145, "j": 0.012298412583750203, "m": 0.013327795134812996, "r": 0.004821844581294132, "l": 0.003286800426200495, "z": 0.017102197822043235, "v": 0.012063641124735881, "f": 0.010980080544669785, "ʃ": 0.0017156375851046539, "ʒ": 0.0016795188991024505, "rʲ": 0.0011557979520705037, "tʃ": 0.0003973055460242356, "u": 0.0004514835750275405, "p": 0.0002708901450165243, "b": 0.0002708901450165243}