{"z": 0.07394957983193277, "s": 0.07394957983193277, "e": 0.07142857142857142, "kʷ": 0.019327731092436976, "ɡʷ": 0.019327731092436976, "ɔ": 0.005042016806722689, "ŋ": 0.0067226890756302525, "n": 0.058823529411764705, "p": 0.04453781512605042, "b": 0.04453781512605042, "m": 0.13781512605042018, "t": 0.058823529411764705, "d": 0.058823529411764705, "k": 0.07142857142857142, "ɡ": 0.073109243697479, "j": 0.010084033613445379, "i": 0.037815126050420166, "o": 0.026050420168067228, "a": 0.06974789915966387, "w": 0.025210084033613446, "l": 0.011764705882352941, "u": 0.0016806722689075631}