{"z": 0.07767317374459563, "s": 0.07778547230904564, "p": 0.0553819087012671, "b": 0.05508244586273372, "k": 0.07089782702277789, "ɡ": 0.07093525987759457, "e": 0.03484998783432219, "kʷ": 0.017743173183102808, "ɡʷ": 0.017743173183102808, "ɔ": 0.001890359168241966, "ŋ": 0.00834752662411799, "n": 0.05833910423178424, "m": 0.15122873345935728, "t": 0.07887102509872916, "d": 0.07887102509872916, "j": 0.008609556607834697, "i": 0.03451309214097213, "o": 0.009376930131576484, "a": 0.057178685732467385, "w": 0.030039865990379756, "l": 0.004417076868367366, "u": 0.00022459712890003557}