{"t": 0.07626944168897042, "d": 0.0690449007093526, "ŋ": 0.0970446761122237, "k": 0.07784162159127066, "ɡ": 0.07784162159127066, "n": 0.11911134402665219, "e": 0.10617829268749181, "i": 0.09506073480694005, "m": 0.05714125287765071, "a": 0.05755301428063411, "p": 0.05772146212730914, "b": 0.05772146212730914, "s": 0.016189709708210896, "z": 0.016189709708210896, "u": 0.013981171274027213, "o": 0.002901046248292126, "l": 0.0017780606037919482, "ɔ": 0.00043047783039173483}