{"z": 0.03246026415939109, "e": 0.13319901499888068, "t": 0.05260801432728901, "d": 0.04790687262144616, "s": 0.03246026415939109, "n": 0.04992164763823595, "i": 0.10029102305798075, "k": 0.054846653234833224, "ŋ": 0.016565927915827176, "kʷ": 0.005596597268860533, "ɡʷ": 0.005596597268860533, "ɔ": 0.014103425117528543, "p": 0.04275800313409447, "m": 0.07432281173046787, "a": 0.12961719274680994, "ɡ": 0.05126483098276248, "b": 0.040071636445041414, "j": 0.01208865010073875, "o": 0.041414819789567944, "w": 0.012984105663756436, "u": 0.028206850235057087, "l": 0.021714797403178866}