{"z": 0.0233826544347574, "e": 0.11720837043633126, "t": 0.05871937708380791, "d": 0.05381919277682288, "s": 0.023796827434819524, "n": 0.06073847045911077, "a": 0.16653637474373045, "ŋ": 0.03789165234318375, "k": 0.04765319223839798, "ɡ": 0.040829692062374454, "i": 0.08208908861231336, "m": 0.09198264615129739, "p": 0.04908985483236348, "b": 0.04061483981859223, "o": 0.022556897015883533, "l": 0.023928845078589327, "u": 0.02260608005964091, "j": 0.010895338482884301, "ɔ": 0.006349789807202469, "kʷ": 0.0034402244817660337, "ɡʷ": 0.0030959431754643916, "w": 0.012774648470666197}