{"t": 0.10724872002155753, "ŋ": 0.16329830234438156, "e": 0.14497440043115065, "n": 0.16841821611425492, "i": 0.09323632444085152, "a": 0.03934249528428995, "p": 0.08649959579628133, "k": 0.10509296685529507, "s": 0.014820803018054433, "m": 0.054163298302344384, "u": 0.01131770412287793, "ɔ": 0.0029641606036108865, "l": 0.004042037186742118, "o": 0.004580975478307734}