{"t": 0.05798319327731093, "d": 0.052941176470588235, "n": 0.073109243697479, "i": 0.10672268907563025, "ŋ": 0.04453781512605042, "e": 0.17983193277310924, "p": 0.05126050420168067, "b": 0.05126050420168067, "m": 0.05798319327731093, "a": 0.11848739495798319, "ɡ": 0.06722689075630252, "k": 0.06722689075630252, "o": 0.015126050420168067, "s": 0.0067226890756302525, "z": 0.0067226890756302525, "l": 0.009243697478991597, "u": 0.024369747899159664, "ɔ": 0.009243697478991597}