{"z": 0.07768553032870214, "s": 0.07768553032870214, "p": 0.054727211114876315, "b": 0.054727211114876315, "k": 0.07133175194849203, "ɡ": 0.07133175194849203, "e": 0.04752626228397153, "kʷ": 0.01711284310403253, "ɡʷ": 0.01711284310403253, "ɔ": 0.0027956624872924433, "ŋ": 0.010335479498475093, "n": 0.05650626906133514, "m": 0.1470687902405964, "t": 0.07556760420196544, "d": 0.07556760420196544, "j": 0.008302270416807861, "i": 0.03685191460521857, "o": 0.010928498813961369, "a": 0.05515079634022365, "w": 0.025415113520840395, "l": 0.005591324974584887, "u": 0.0006777363605557439}