{"z": 0.07167879277822689, "p": 0.03556992724333064, "k": 0.09727836162759364, "e": 0.04284559417946645, "kʷ": 0.022365939099973052, "ɔ": 0.0029641606036108865, "ŋ": 0.015898679601185663, "n": 0.08164915117219078, "b": 0.06413365669630827, "m": 0.18566424144435462, "s": 0.07060091619509566, "t": 0.09754783077337645, "d": 0.024791161412018325, "j": 0.018054432767448128, "ɡ": 0.028563729452977634, "i": 0.038264618701158715, "o": 0.0137429264349232, "a": 0.04068984101320399, "w": 0.036917272972244675, "l": 0.007006197790353005, "ɡʷ": 0.0032336297493936943, "u": 0.0005389382915656157}