{"z": 0.016980123005615473, "e": 0.120821820126571, "t": 0.06502362064355112, "p": 0.03962028701310277, "n": 0.08490061502807737, "a": 0.1387824226758178, "ŋ": 0.05294589535609234, "k": 0.05410464390765665, "j": 0.01461805865050361, "kʷ": 0.005303502986005883, "i": 0.08258311792494875, "ɔ": 0.017648631785364115, "m": 0.09501738122827347, "ɡ": 0.02428915233086728, "b": 0.02874587752919155, "u": 0.030172029592655317, "l": 0.02772083073357697, "s": 0.030127462340672075, "o": 0.029993760584722345, "d": 0.019921561636509492, "w": 0.019921561636509492, "ɡʷ": 0.0007576432837151262}