{"z": 0.031081776903992886, "e": 0.11214092902058076, "t": 0.05643714209926821, "d": 0.05643714209926821, "s": 0.031081776903992886, "n": 0.05790385245517952, "a": 0.14425252383404327, "ŋ": 0.03120660331726193, "o": 0.03134703303218961, "k": 0.049961771910936356, "ɡ": 0.049961771910936356, "i": 0.0861146218539843, "p": 0.04464104604534319, "b": 0.04464104604534319, "m": 0.08079389598839114, "u": 0.028366802415391097, "j": 0.00934637769351995, "kʷ": 0.004337717861099408, "ɡʷ": 0.004337717861099408, "ɔ": 0.010937914462700307, "l": 0.02193824213203514, "w": 0.012732294153442868}