{"i": 0.12777852620234406, "o": 0.1438434595177152, "ʌ": 0.39195742961066954, "a": 0.210359692846558, "e": 0.06793075575912703, "u": 0.017108985585342854, "n̪": 0.016570119897615518, "ai": 0.019769634918496565, "n̪ː": 0.0003367910548295837, "au": 0.0009430149535228344, "s": 0.0001347164219318335, "ã": 0.0004715074767614172, "t̪": 0.0006735821096591674, "d̪": 0.0006735821096591674, "ũ": 0.0009430149535228344, "m": 3.3679105482958374e-05, "ãũ": 0.00016839552741479186, "ĩ": 0.0001347164219318335, "ãĩ": 3.3679105482958374e-05, "ẽ": 0.0001347164219318335}