{"i": 0.20251177394034536, "e": 0.05703819989534275, "a": 0.20146520146520147, "ʌ": 0.3746729461015175, "u": 0.03087388801674516, "n̪": 0.013082155939298797, "ai": 0.03924646781789639, "o": 0.06331763474620618, "au": 0.0031397174254317113, "ã": 0.004186289900575615, "m": 0.0005232862375719519, "ũ": 0.004186289900575615, "ãũ": 0.0005232862375719519, "ĩ": 0.0020931449502878076, "s": 0.0005232862375719519, "ãĩ": 0.0005232862375719519, "ẽ": 0.0020931449502878076}