{"p": 0.025013376136971643, "ʌ": 0.17027822364901016, "n̪": 0.032504012841091494, "i": 0.08480470840021402, "b": 0.025013376136971643, "e": 0.03892455858747994, "a": 0.11971642589620118, "k": 0.027287319422150885, "ɡ": 0.02701979668271803, "l": 0.024879614767255216, "u": 0.03344034242910648, "tsʰ": 0.005350454788657036, "dzʱ": 0.004280363830925628, "ai": 0.014446227929373997, "j": 0.012841091492776886, "s": 0.03103263777421081, "o": 0.03531300160513644, "t̪ʰ": 0.007089352594970572, "d̪ʱ": 0.006688068485821295, "au": 0.0040128410914927765, "t̪": 0.027287319422150885, "d̪": 0.027956126270733014, "bʱ": 0.010299625468164793, "pʰ": 0.011235955056179775, "ɦ": 0.015115034777956126, "r": 0.03036383092562868, "kʰ": 0.010567148207597646, "n̪ː": 0.0033440342429106474, "ʈ": 0.015115034777956126, "ɖ": 0.015115034777956126, "dz": 0.016853932584269662, "ts": 0.01792402354200107, "w": 0.010567148207597646, "m": 0.01765650080256822, "lː": 0.0017388978063135367, "ɡʱ": 0.008025682182985553, "ʈʰ": 0.005484216158373462, "ɖʱ": 0.00521669341894061, "ã": 0.0056179775280898875, "mː": 0.0006688068485821295, "ũ": 0.0016051364365971107, "tsː": 0.0009363295880149813, "d̪ʱː": 0.0016051364365971107, "ãũ": 0.00013376136971642589, "ʌ̃": 0.0004012841091492777, "ĩ": 0.0006688068485821295, "tsʰː": 0.00013376136971642589, "ŋ": 0.0006688068485821295, "t̪ː": 0.0020064205457463883, "d̪ː": 0.0016051364365971107, "ãĩ": 0.00013376136971642589, "ʈː": 0.001337613697164259, "ẽ": 0.0005350454788657035, "kː": 0.001203852327447833, "sː": 0.00013376136971642589, "t̪ʰː": 0.00026752273943285177, "ɖː": 0.0004012841091492777, "bː": 0.00013376136971642589}