{"p": 0.07355516637478109, "b": 0.07358884548026405, "e": 0.007981947999461135, "l": 0.015492388522160852, "tsʰ": 0.004513000134716422, "dzʱ": 0.0040414926579550045, "j": 0.01714266469082581, "t̪ʰ": 0.009800619695540887, "d̪ʱ": 0.009901657011989761, "t̪": 0.03889936683281692, "d̪": 0.03893304593829988, "bʱ": 0.03088373972787283, "pʰ": 0.03047959046207733, "ɦ": 0.017748888589519063, "ɡ": 0.0627778526202344, "k": 0.06628047959046207, "a": 0.040617001212447795, "r": 0.03802371009026, "n̪": 0.03745116529704971, "s": 0.09487404014549373, "ʌ": 0.0546948673043244, "u": 0.0190960528088374, "dz": 0.04007813552472046, "ts": 0.0402128519466523, "w": 0.038225784723157755, "m": 0.03465579954196416, "ɡʱ": 0.01825407517176344, "kʰ": 0.018287754277246396, "ʈʰ": 0.0035699851811935874, "ɖʱ": 0.0035699851811935874, "d̪ʱː": 0.00010103731644887512, "ɖ": 0.004681395662131214, "ʈ": 0.004715074767614172, "i": 0.0033005523373299205, "au": 0.0017849925905967937, "ã": 0.00016839552741479186, "o": 0.0015829179576990434, "ai": 3.3679105482958374e-05}