{"i": 0.13594422800902195, "o": 0.1285626409678081, "ʌ": 0.3972729136764404, "a": 0.20524912856264096, "e": 0.05710477752716834, "ai": 0.02932130408037728, "u": 0.020196842321099036, "n̪": 0.01681361492720935, "n̪ː": 0.0008201763379126512, "au": 0.001230264506868977, "ã": 0.0014353085913471396, "t̪": 0.001742874718064384, "d̪": 0.001742874718064384, "ũ": 0.001230264506868977, "m": 0.0001025220422390814, "ãũ": 0.0001025220422390814, "ĩ": 0.0004100881689563256, "s": 0.0001025220422390814, "ãĩ": 0.0002050440844781628, "ẽ": 0.0004100881689563256}