{"p": 0.07482993197278912, "b": 0.07482993197278912, "e": 0.012035583464154892, "l": 0.02773417059131345, "tsʰ": 0.015698587127158554, "dzʱ": 0.012035583464154892, "j": 0.015175300889586603, "t̪ʰ": 0.012558869701726845, "d̪ʱ": 0.012035583464154892, "t̪": 0.04552590266875981, "d̪": 0.046049188906331764, "bʱ": 0.03349031920460492, "pʰ": 0.03453689167974882, "ɦ": 0.03453689167974882, "ɡ": 0.05703819989534275, "k": 0.05703819989534275, "a": 0.029304029304029304, "r": 0.030350601779173206, "s": 0.05913134484563056, "ʌ": 0.03610675039246468, "u": 0.012558869701726845, "dz": 0.04500261643118786, "ts": 0.04657247514390372, "w": 0.02197802197802198, "m": 0.038199895342752484, "ɡʱ": 0.02564102564102564, "kʰ": 0.02564102564102564, "ʈʰ": 0.006802721088435374, "ɖʱ": 0.006802721088435374, "n̪": 0.02250130821559393, "d̪ʱː": 0.0005232862375719519, "ɖ": 0.010465724751439037, "ʈ": 0.009942438513867086, "i": 0.003663003663003663, "ã": 0.0010465724751439038, "au": 0.0005232862375719519, "o": 0.0015698587127158557, "ai": 0.0005232862375719519}