{"p": 0.018893010260609855, "ʌ": 0.2501902789151693, "n̪": 0.050113203911556436, "i": 0.059434462160990416, "b": 0.018859289946529217, "e": 0.024317163639867044, "k": 0.05159208054337878, "o": 0.028146827881882556, "ɡ": 0.04890408979237921, "a": 0.09751433113348427, "r": 0.062425935738715736, "u": 0.017467122693771375, "tsʰ": 0.003564718917096199, "j": 0.012847439664723735, "ũ": 0.0005347078375644299, "m": 0.027867430993785827, "s": 0.0370971626764295, "d̪": 0.03230887807697866, "t̪": 0.031552579604027166, "dzʱ": 0.0020087672816609665, "pʰ": 0.00624789248036996, "bʱ": 0.006585095621176357, "w": 0.013411050628642998, "ai": 0.004980972108483067, "ʈ": 0.005544583072402331, "n̪ː": 0.000592514090274098, "ts": 0.011908088058191628, "dz": 0.011725034924611012, "l": 0.02507827930054434, "t̪ʰ": 0.004913531480321788, "ɖ": 0.004759381473096007, "sː": 0.00014933281949997592, "au": 0.0017293703935642372, "ɦ": 0.009138205115853365, "ɡʱ": 0.0033479454694349438, "kʰ": 0.004335468953225107, "d̪ʱ": 0.0038103954911122887, "ŋ": 0.000549159400741847, "ã": 0.0004865359603063731, "lː": 0.00038055783033864827, "tsʰː": 2.8903126354834047e-05, "d̪ʱː": 0.0004190953321450937, "t̪ʰː": 0.00015415000722578158, "ʈʰ": 0.0014307047545642853, "ɖʱ": 0.0012717375596126982, "ĩ": 4.817187725805675e-05, "mː": 0.00011079531769353051, "t̪ː": 0.0005395250252902355, "d̪ː": 0.00025531094946770077, "tsː": 0.00010116094224191917, "ãũ": 2.4085938629028374e-05, "ʌ̃": 1.4451563177417024e-05, "kː": 7.225781588708512e-05, "ãĩ": 4.8171877258056745e-06, "ʈː": 6.744062816127944e-05, "ẽ": 1.9268750903222698e-05, "bː": 5.298906498386242e-05, "pː": 4.817187725805675e-05, "ɖː": 2.4085938629028374e-05}