{"p": 0.022030529832128207, "ʌ": 0.1975982071123515, "n̪": 0.05767685737240475, "i": 0.07218064188760624, "e": 0.034885195991373845, "k": 0.04723244111801767, "l": 0.02951499006300478, "a": 0.09827053998054885, "ɡ": 0.015687766924605693, "tsʰ": 0.007103894456425219, "j": 0.021861389487927606, "s": 0.04828956826927143, "t̪ʰ": 0.006004482219121316, "o": 0.03057211721425853, "t̪": 0.030825827730559432, "bʱ": 0.009683284705484376, "ɦ": 0.017040889678210495, "u": 0.031798384709712885, "r": 0.05733857668400355, "pʰ": 0.003509662142162459, "m": 0.03302465220516724, "d̪": 0.017463740538711997, "kʰ": 0.00761131548902702, "d̪ʱ": 0.006385047993572667, "ai": 0.008118736521628821, "b": 0.014376929257051039, "ː": 0.006723328681973868, "ʈ": 0.007738170747177471, "dz": 0.013319802105797285, "w": 0.018140301915514398, "ɡʱ": 0.002241109560657956, "ʈʰ": 0.002537105163009007, "ã": 0.0020719692164573554, "ũ": 0.001522263097805404, "ts": 0.00765360057507717, "ɖʱ": 0.001479978011755254, "ʌ̃": 0.00012685525815045033, "ŋ": 0.001099412237303903, "dzʱ": 0.001141697323354053, "ɖ": 0.005116495412068164, "au": 0.002579390249059157, "ẽ": 8.457017210030022e-05, "ãũ": 8.457017210030022e-05, "ĩ": 0.00021142543025075056, "ãĩ": 4.228508605015011e-05}