{"i": 0.13366336633663367, "ʌ": 0.4316831683168317, "n̪": 0.02103960396039604, "o": 0.11707920792079209, "a": 0.17004950495049506, "e": 0.06386138613861386, "ai": 0.023762376237623763, "ã": 0.0022277227722772275, "u": 0.0297029702970297, "ũ": 0.0017326732673267327, "t̪": 0.0009900990099009901, "s": 0.0007425742574257426, "ẽ": 0.0004950495049504951, "m": 0.00024752475247524753, "ãũ": 0.0004950495049504951, "ĩ": 0.0004950495049504951, "au": 0.0009900990099009901, "ː": 0.00024752475247524753, "d̪": 0.00024752475247524753, "ãĩ": 0.00024752475247524753}