{"β̃": 0.06506453048509123, "t": 0.16145972407654652, "h": 0.049043168669336897, "kʲ": 0.07298620382732532, "ʔ": 0.06746773475745438, "k": 0.024566088117489986, "ɾ̃": 0.0735202492211838, "i": 0.03791722296395193, "u": 0.027770360480640854, "β": 0.11962616822429907, "ɛː": 0.01290609701824655, "ⁿt": 0.058566978193146414, "ᵐp": 0.02073876279483756, "ɔː": 0.007654650645304851, "ᵑkʲ": 0.01317311971517579, "ɘj": 0.0024922118380062306, "aː": 0.00801068090787717, "n": 0.014686248331108143, "p": 0.021361815754339118, "nʲ": 0.04218958611481976, "ɾ": 0.04512683578104139, "m": 0.019848687138406765, "ɘ": 0.005874499332443258, "s": 0.027503337783711616, "ɘw": 0.0004450378282153983}