{"β̃": 0.023631350925561245, "i": 0.09925167388735723, "ɘ": 0.14533280819220165, "t": 0.09098070106341079, "h": 0.023631350925561245, "kʲ": 0.027963765261914138, "ɛː": 0.04411185506104766, "ɾ": 0.048050413548641195, "ɔː": 0.052776683733753445, "ʔ": 0.052776683733753445, "u": 0.08034659314690823, "ɾ̃": 0.04096100827097282, "aː": 0.06301693580149666, "β": 0.04923198109491926, "ɘw": 0.013784954706577392, "ɘj": 0.01929893658920835, "s": 0.011027963765261915, "ᵐp": 0.005907837731390311, "ⁿt": 0.028751476959432847, "m": 0.01260338716029933, "n": 0.028751476959432847, "nʲ": 0.00866482867270579, "k": 0.011421819614021268, "p": 0.01260338716029933, "ᵑkʲ": 0.004332414336352895, "ᵑk": 0.0007877116975187081}