{"ɘ": 0.49470404984423677, "i": 0.12514463729417, "ɔː": 0.13182020471740097, "ɛː": 0.14080996884735203, "aː": 0.06248331108144192, "ɘj": 0.010858923008455718, "u": 0.032843791722296393, "ɘw": 0.0013351134846461949}