{"ɘ": 0.5153246753246753, "ɔː": 0.15012987012987014, "ɛː": 0.12727272727272726, "aː": 0.04701298701298701, "i": 0.11402597402597403, "u": 0.033506493506493505, "ɘj": 0.00909090909090909, "ɘw": 0.0036363636363636364}