{"β̃": 0.01520483779027981, "i": 0.09401719993060546, "ɘ": 0.23807281469181393, "ɾ̃": 0.027237354085603113, "n": 0.019318942229051526, "m": 0.01633249894669013, "t": 0.08572703164886367, "ɔː": 0.04238023247168455, "β": 0.07241815162705395, "ɛː": 0.04488339240129867, "ʔ": 0.05744875957272795, "aː": 0.03651887283451882, "ɘj": 0.014808297603410245, "ɾ": 0.10689236412302659, "ⁿt": 0.017187538724627624, "ᵑkʲ": 0.002651862499690203, "u": 0.0453914595157253, "h": 0.020409427742942823, "kʲ": 0.014399365535701009, "ɘw": 0.0030236189248804184, "k": 0.0048328335274728, "s": 0.006803142580980941, "nʲ": 0.006096805373119532, "ᵐp": 0.003135145852437483, "p": 0.0047832660041141044, "ᵑk": 2.4783761679347693e-05}