{"ɘ": 0.38153846153846155, "i": 0.17846153846153845, "ɔː": 0.11846153846153847, "ɛː": 0.09384615384615384, "ɘw": 0.012307692307692308, "aː": 0.08307692307692308, "u": 0.10923076923076923, "ɘj": 0.023076923076923078}