{"β̃": 0.019689372630549103, "i": 0.09538950715421304, "ɘ": 0.20337532102237985, "ɾ̃": 0.033875504463739756, "ʔ": 0.056866821572703924, "aː": 0.04696098813745873, "ɔː": 0.04592148709795769, "β": 0.0640210346092699, "t": 0.08627858627858628, "ɛː": 0.04830622477681301, "ⁿt": 0.019505931270637152, "ᵑkʲ": 0.0031185031185031187, "n": 0.02360278830867066, "m": 0.015225632872691696, "h": 0.02195181606946313, "u": 0.058823529411764705, "ɾ": 0.0791243732420203, "kʲ": 0.019322489910725205, "k": 0.007521095756389874, "ɘw": 0.005686682157270392, "s": 0.009294362235538705, "ɘj": 0.016937752231869878, "p": 0.007215360156536627, "ᵐp": 0.0037911214381802618, "nʲ": 0.008071419836125719, "ᵑk": 0.00012229423994129877}