{"β̃": 0.019868102512730614, "i": 0.09387261040153602, "ɘ": 0.21520995074714083, "t": 0.07926371149511645, "h": 0.023541197094916103, "kʲ": 0.018448952333249852, "ɛː": 0.04791718841305618, "ɾ": 0.08260288838801236, "ɔː": 0.047541531012605394, "ʔ": 0.05192420068453126, "u": 0.053635528842140415, "k": 0.006678353785791802, "β": 0.06690875699140161, "ɾ̃": 0.03247349528341264, "aː": 0.04128057433842558, "s": 0.010393188079138492, "ɘj": 0.01828199348860506, "m": 0.020410718757826195, "ⁿt": 0.019784623090408213, "p": 0.00742966858669338, "ᵐp": 0.0033809166040570998, "ᵑkʲ": 0.0030887386259287088, "n": 0.02266466316053093, "ɘw": 0.005593121295600635, "nʲ": 0.007721846564821771, "ᵑk": 8.347942232239753e-05}