{"β̃": 0.06307692307692307, "t": 0.16153846153846155, "h": 0.046153846153846156, "kʲ": 0.07076923076923076, "ʔ": 0.06307692307692307, "ɾ̃": 0.09230769230769231, "u": 0.02923076923076923, "β": 0.1123076923076923, "ɛː": 0.006153846153846154, "ᵐp": 0.02, "ⁿt": 0.06769230769230769, "ɘj": 0.0015384615384615385, "i": 0.026153846153846153, "nʲ": 0.03230769230769231, "ɾ": 0.03230769230769231, "k": 0.024615384615384615, "aː": 0.010769230769230769, "m": 0.018461538461538463, "ɘ": 0.012307692307692308, "ᵑkʲ": 0.009230769230769232, "p": 0.027692307692307693, "s": 0.03076923076923077, "n": 0.03230769230769231, "ɔː": 0.006153846153846154, "ɘw": 0.003076923076923077}