{"t̪": 0.07545671167593328, "d̪": 0.07466243050039714, "s": 0.03733121525019857, "n̪": 0.02779984114376489, "m": 0.03971405877680699, "i": 0.08260524225575853, "r̪": 0.010325655281969817, "a": 0.2192216044479746, "b": 0.06910246227164417, "p": 0.06910246227164417, "w": 0.003177124702144559, "l̪": 0.04130262112787927, "k": 0.06274821286735505, "ɡ": 0.06274821286735505, "ɔ": 0.03494837172359015, "j": 0.011119936457505957, "ŋ": 0.0015885623510722795, "ɛ": 0.03177124702144559, "u": 0.03891977760127085, "h": 0.005559968228752979, "tʃ": 0.0007942811755361397}