{"t̪": 0.052620718118035495, "a": 0.2199752373091209, "n̪": 0.05323978539001238, "d̪": 0.051176227816756084, "ɔ": 0.08336772595955427, "s": 0.03425505571605448, "r̪": 0.02723895996698308, "ɛ": 0.041683862979777137, "j": 0.026826248452331822, "i": 0.09616178291374329, "k": 0.049319026000825425, "ɡ": 0.04890631448617416, "m": 0.026826248452331822, "b": 0.03982666116384647, "p": 0.03982666116384647, "l̪": 0.04746182418489476, "ŋ": 0.015476681799422205, "w": 0.008047874535699545, "u": 0.035080478745357, "tʃ": 0.0004127115146512588, "h": 0.002269913330581923}