{"t̪": 0.05163958475961605, "d̪": 0.05159766951224624, "s": 0.054210386598298244, "n̪": 0.062300029340673156, "m": 0.07230380171293645, "i": 0.14409064870831179, "r̪": 0.0032973327930923674, "a": 0.1572520363824347, "b": 0.08050521844829754, "p": 0.08050521844829754, "w": 0.002011931873751275, "l̪": 0.04118871641540804, "k": 0.07315607840945608, "ɡ": 0.07307224791471645, "ɔ": 0.0247579394464393, "j": 0.0003632654772050913, "ŋ": 0.0020957623684909115, "ɛ": 0.008550710463442919, "u": 0.012602517709192013, "h": 0.004456987970324005, "tʃ": 4.191524736981823e-05}