{"t̪": 0.04552809971572272, "a": 0.2279903783074568, "n̪": 0.09534222610977476, "s": 0.04517821998687951, "r̪": 0.03380712879947518, "j": 0.033282309206210364, "ɛ": 0.04412858080034988, "d̪": 0.02282965230701946, "i": 0.08900065602449159, "ɔ": 0.06105401268314017, "k": 0.0448283402580363, "m": 0.043035206647714846, "b": 0.030789416138202495, "l̪": 0.05615569647933523, "ŋ": 0.0206429040017494, "p": 0.03301989940957796, "w": 0.014301333916466215, "u": 0.028340258036300022, "ɡ": 0.027990378307456813, "h": 0.002580363000218675, "tʃ": 0.00017493986442160508}