{"n̪": 0.09213661636219221, "ɔ": 0.12629070691024621, "a": 0.1993645750595711, "j": 0.05480540111199365, "s": 0.03891977760127085, "t̪": 0.05559968228752978, "d̪": 0.05559968228752978, "b": 0.025416997617156472, "p": 0.025416997617156472, "i": 0.07545671167593328, "ɛ": 0.019857029388403495, "u": 0.003971405877680699, "l̪": 0.035742652899126294, "k": 0.05321683876092136, "ɡ": 0.05242255758538523, "m": 0.022239872915011914, "w": 0.015091342335186657, "ŋ": 0.030182684670373314, "r̪": 0.016679904686258934, "tʃ": 0.0007942811755361397, "h": 0.0007942811755361397}