{"t̪": 0.04372186608734828, "a": 0.28784500433343385, "n̪": 0.0813597437356109, "d̪": 0.04258791907359965, "u": 0.014876850299904168, "m": 0.03548070571975091, "b": 0.0478720357976, "l̪": 0.050918802521409456, "p": 0.04785485478224018, "ɛ": 0.02562071190491644, "j": 0.01962071954092327, "k": 0.05707915102876102, "ɡ": 0.05610174215495749, "ɔ": 0.041123714764601, "r̪": 0.015367463738512582, "w": 0.0062863426199903025, "s": 0.026506488696800896, "i": 0.08961999412027474, "ŋ": 0.009354108362572876, "h": 0.0007922357082587232, "tʃ": 9.545008533237628e-06}