{"t̪": 0.049071051587906894, "a": 0.24936697275694805, "n̪": 0.07111260258092071, "d̪": 0.049071051587906894, "u": 0.022361878031666615, "m": 0.031514079136032214, "l̪": 0.0507184477866927, "k": 0.05341834711248055, "ɡ": 0.05341834711248055, "j": 0.02054669147930077, "ɔ": 0.05628603679184844, "s": 0.032200494218859635, "i": 0.09233045547454163, "ɛ": 0.03389365142316727, "r̪": 0.02120259922511364, "h": 0.001128771469538424, "w": 0.007428536563043412, "b": 0.045959303212422586, "p": 0.045959303212422586, "ŋ": 0.012935110894170048, "tʃ": 7.626834253637999e-05}