{"t̪": 0.05430809399477807, "s": 0.08616187989556136, "n̪": 0.06919060052219321, "d̪": 0.04386422976501306, "m": 0.10391644908616188, "i": 0.1010443864229765, "r̪": 0.008093994778067885, "a": 0.1297650130548303, "b": 0.06109660574412533, "p": 0.0835509138381201, "w": 0.008877284595300261, "l̪": 0.05221932114882506, "k": 0.097911227154047, "ɔ": 0.037075718015665796, "j": 0.004699738903394256, "ŋ": 0.002349869451697128, "ɡ": 0.02114882506527415, "ɛ": 0.013838120104438642, "u": 0.014621409921671017, "h": 0.005744125326370757, "tʃ": 0.0005221932114882506}