{"n̪": 0.14037416344152123, "m": 0.025149148421890935, "l̪": 0.04000111773992986, "d̪": 0.06150363964064661, "t̪": 0.06150363964064661, "a": 0.1426515585486147, "j": 0.07409218560071536, "k": 0.06814022047420117, "ɡ": 0.06812624872507789, "ɔ": 0.09397398460313247, "r̪": 0.027328741285121486, "w": 0.017087449177762563, "p": 0.019630307518198203, "b": 0.019630307518198203, "s": 0.04560378913836223, "ɛ": 0.012714291702178195, "i": 0.05630614896678915, "ŋ": 0.0255263856482193, "h": 0.00020957623684909115, "u": 0.00043312422282145504, "tʃ": 1.3971749123272743e-05}