{"n̪": 0.22532637075718015, "j": 0.10835509138381201, "s": 0.050913838120104436, "t̪": 0.05639686684073107, "d̪": 0.03420365535248042, "ɔ": 0.08616187989556136, "a": 0.1279373368146214, "k": 0.0412532637075718, "r̪": 0.03185378590078329, "m": 0.018537859007832898, "w": 0.018537859007832898, "ɡ": 0.03420365535248042, "i": 0.04464751958224543, "ŋ": 0.04412532637075718, "l̪": 0.04360313315926893, "u": 0.0036553524804177544, "p": 0.014099216710182768, "b": 0.005744125326370757, "h": 0.0010443864229765013, "ɛ": 0.009138381201044387, "tʃ": 0.0002610966057441253}