{"e": 0.13339920948616601, "o": 0.1590909090909091, "a": 0.358695652173913, "ɯ": 0.1600790513833992, "i": 0.18774703557312253, "aː": 0.0009881422924901185}