{"w": 0.03188791954961537, "a": 0.15918174395117968, "n": 0.12123426017448106, "e": 0.0602088615754867, "k": 0.0722420387640208, "o": 0.048519489449482145, "l": 0.03592762903433753, "ɯ": 0.06957754952941682, "j": 0.026430014181958828, "p": 0.036099531565602305, "s": 0.011517469594739782, "h̃": 0.054836907473462544, "i": 0.10043405389144355, "ɾ": 0.04198719326142077, "t": 0.050926124887188964, "ç": 0.011173664532210238, "m": 0.02909450341656281, "tʃ": 0.015557179079461945, "tç": 0.015600154712278139, "ʃ": 0.003137221195582105, "ts": 0.0026215136017877865, "aː": 0.0008595126563238644, "oː": 0.0002148781640809661, "eː": 0.0002578537968971593, "iː": 0.0004727319609781254}