{"w": 0.08808290155440414, "ɾ": 0.10880829015544041, "h̃": 0.21243523316062177, "tç": 0.031088082901554404, "p": 0.05699481865284974, "j": 0.03626943005181347, "k": 0.09844559585492228, "s": 0.08290155440414508, "t": 0.07253886010362694, "ts": 0.02072538860103627, "ç": 0.02072538860103627, "tʃ": 0.0051813471502590676, "m": 0.046632124352331605, "n": 0.10362694300518134, "ʃ": 0.015544041450777202}