{"w": 0.046419098143236075, "a": 0.17904509283819628, "n": 0.07427055702917772, "e": 0.05172413793103448, "ɾ": 0.05172413793103448, "i": 0.11936339522546419, "tʃ": 0.013262599469496022, "h̃": 0.0623342175066313, "o": 0.0610079575596817, "j": 0.027851458885941646, "tç": 0.01856763925729443, "s": 0.027851458885941646, "p": 0.025198938992042442, "l": 0.01856763925729443, "ɯ": 0.07029177718832891, "k": 0.03713527851458886, "t": 0.05172413793103448, "ts": 0.005305039787798408, "ç": 0.017241379310344827, "m": 0.03050397877984085, "ʃ": 0.003978779840848806, "aː": 0.003978779840848806, "iː": 0.002652519893899204}