{"e": 0.13536895674300253, "ɯ": 0.21119592875318066, "o": 0.11806615776081425, "i": 0.183206106870229, "a": 0.3516539440203562, "ː": 0.0005089058524173028}