{"w": 0.03496228786926461, "a": 0.15076995600251414, "n": 0.09710873664362037, "e": 0.061046511627906974, "ɾ": 0.05091137649277184, "i": 0.10323695788812068, "tʃ": 0.014377749842866121, "ɯ": 0.06898177247014456, "h̃": 0.06442489000628536, "o": 0.052561282212445, "j": 0.029069767441860465, "k": 0.06481772470144563, "l": 0.037554996857322435, "tç": 0.01744186046511628, "s": 0.0147705845380264, "p": 0.035669390320553114, "t": 0.04769013199245757, "ts": 0.004085480829666876, "ç": 0.015399120050282841, "m": 0.028362664990571967, "ʃ": 0.004242614707730987, "ː": 0.00251414204902577}