{"e": 0.09326424870466321, "a": 0.38341968911917096, "i": 0.2538860103626943, "o": 0.11398963730569948, "ɯ": 0.15025906735751296, "aː": 0.0051813471502590676}