{"w": 0.11450381679389313, "ɾ": 0.10941475826972011, "h̃": 0.2732824427480916, "tç": 0.02340966921119593, "p": 0.10279898218829517, "j": 0.03969465648854962, "k": 0.08091603053435115, "s": 0.04529262086513995, "t": 0.043256997455470736, "ts": 0.014758269720101781, "ç": 0.012213740458015267, "tʃ": 0.0015267175572519084, "m": 0.0544529262086514, "n": 0.08142493638676845, "ʃ": 0.0030534351145038168}