{"w": 0.10177865612648221, "ɾ": 0.09486166007905138, "h̃": 0.24011857707509882, "tç": 0.023715415019762844, "p": 0.10869565217391304, "j": 0.039525691699604744, "k": 0.07015810276679842, "s": 0.05138339920948617, "t": 0.05237154150197629, "ts": 0.015810276679841896, "ç": 0.011857707509881422, "tʃ": 0.001976284584980237, "m": 0.06719367588932806, "n": 0.116600790513834, "ʃ": 0.003952569169960474}