{"w": 0.10566706021251476, "ɾ": 0.10655253837072019, "h̃": 0.23376623376623376, "tç": 0.022136953955135773, "p": 0.11540731995277449, "j": 0.048996458087367176, "k": 0.07792207792207792, "s": 0.03748524203069658, "t": 0.04279811097992916, "ts": 0.010330578512396695, "ç": 0.009445100354191263, "tʃ": 0.0017709563164108619, "m": 0.06995277449822905, "n": 0.11599763872491145, "ʃ": 0.0017709563164108619}