{"e": 0.14639905548996457, "o": 0.1242621015348288, "ɯ": 0.20484061393152303, "a": 0.3370720188902007, "i": 0.1871310507674144, "aː": 0.00029515938606847696}