{"d̪": 0.0627177700348432, "i": 0.08607562266098852, "n̪": 0.03677893921796361, "t̪": 0.06607304168279778, "e": 0.07975222609368951, "u": 0.05471673764356691, "a": 0.1389856755710414, "s̪": 0.048006194347657766, "k": 0.03187508065556846, "r̪": 0.057297715834301204, "ɡ": 0.028519809007613885, "m": 0.023615950445218737, "l̪": 0.03329461866047232, "p": 0.0277455155503936, "b": 0.02606787972641631, "f": 0.02193831462124145, "o": 0.04052135759452832, "v": 0.022067363530778164, "z̪": 0.028003613369467027, "oa": 0.007097690024519293, "ɜ": 0.02193831462124145, "tʃ": 0.012646793134598013, "ea": 0.01084010840108401, "dʒ": 0.012130597496451154, "ɨ": 0.00438766292424829, "ʃ": 0.006323396567299007, "ʒ": 0.00554910311007872, "t̪s": 0.003742418376564718, "h": 0.0012904890953671442}