{"d̪": 0.0700532986509576, "t̪": 0.0700532986509576, "k": 0.061255195980924694, "ɡ": 0.06115318899344605, "m": 0.034503863514650755, "p": 0.07183842093183383, "b": 0.07158340346313723, "e": 0.026011781807053783, "f": 0.050136434345752684, "v": 0.05011093259888302, "s̪": 0.06638104710172647, "z̪": 0.04501058322495091, "l̪": 0.024762196210440415, "a": 0.10195598398490296, "i": 0.034988396705174306, "n̪": 0.01879478744293984, "tʃ": 0.016346619743452428, "dʒ": 0.016346619743452428, "u": 0.017086170402672584, "r̪": 0.03644199627674496, "o": 0.022084512789126057, "oa": 0.0018106240277459007, "ɨ": 0.009920179532297962, "h": 0.0050748476270624536, "ʃ": 0.008364572973248668, "ʒ": 0.007242496110983603, "t̪s": 0.0004335296967842297, "ɜ": 0.00025501746869660574}