{"d̪": 0.0774225067818619, "i": 0.09989586145716821, "n̪": 0.0433010632416657, "t̪": 0.0774225067818619, "r̪": 0.0672786413134313, "e": 0.09484321363829212, "o": 0.033800028284542497, "u": 0.049227960555919825, "a": 0.11615947339324513, "ɜ": 0.014862241421426827, "l̪": 0.03135727234157442, "s̪": 0.04250395340764454, "k": 0.031202993018860647, "ɡ": 0.031202993018860647, "z̪": 0.04250395340764454, "m": 0.020056311952790527, "ea": 0.0060426068062894535, "tʃ": 0.01015672207865674, "dʒ": 0.01015672207865674, "p": 0.02373330247746879, "b": 0.02373330247746879, "f": 0.017330710584847198, "v": 0.017330710584847198, "ʃ": 0.003908409508748923, "ʒ": 0.003908409508748923, "oa": 0.0026484617065864412, "t̪s": 0.002224193569123565, "ɨ": 0.004821228834805415, "h": 0.000964245766961083}