{"n̪": 0.022147327876745306, "e": 0.1295137217140106, "u": 0.028406355320173327, "a": 0.17573423206547906, "s̪": 0.038517091959557055, "r̪": 0.03948001925854598, "i": 0.12277323062108811, "l̪": 0.02888781896966779, "t̪": 0.07703418391911411, "d̪": 0.07125662012518055, "m": 0.02599903707270101, "ɜ": 0.058738565238324505, "k": 0.0274434280211844, "z̪": 0.025036109773712085, "ea": 0.029369282619162253, "tʃ": 0.009629272989889264, "dʒ": 0.008666345690900338, "o": 0.011555127587867116, "b": 0.013962445835339432, "p": 0.013480982185844969, "ɡ": 0.02455464612421762, "t̪s": 0.0014443909484833895, "ʃ": 0.0014443909484833895, "ʒ": 0.002407318247472316, "h": 0.0019258545979778526, "v": 0.005296100144439095, "f": 0.005296100144439095}