{"d̪": 0.07366393837265287, "t̪": 0.07366393837265287, "k": 0.05633124699085219, "ɡ": 0.05440539239287434, "m": 0.029369282619162253, "p": 0.06596051998074146, "b": 0.061627347135291284, "e": 0.01781415503129514, "f": 0.06259027443428021, "v": 0.06210881078478575, "s̪": 0.06981222917669716, "z̪": 0.04429465575349061, "l̪": 0.027924891670678863, "a": 0.09003370245546462, "i": 0.03562831006259028, "n̪": 0.020221473278767454, "tʃ": 0.018777082330284064, "dʒ": 0.018777082330284064, "u": 0.026961964371689937, "r̪": 0.02888781896966779, "o": 0.023591718825228696, "ɨ": 0.005777563793933558, "ʃ": 0.012999518536350506, "ʒ": 0.011555127587867116, "t̪s": 0.002888781896966779, "oa": 0.0019258545979778526, "ɜ": 0.0009629272989889263, "h": 0.0014443909484833895}