{"n̪": 0.03327977966490705, "e": 0.16155356641929972, "i": 0.13128299288501263, "a": 0.16287965725652206, "ea": 0.028000918062887306, "t̪": 0.0999923494759391, "d̪": 0.09871726213245607, "b": 0.00221865197766047, "p": 0.0021931502307908093, "k": 0.019814857317726264, "ɡ": 0.013770943309616708, "o": 0.004539310942799582, "l̪": 0.06380537066789076, "u": 0.02629230102262005, "ɜ": 0.05166653915793232, "s̪": 0.023283094892000103, "z̪": 0.018947797924157805, "r̪": 0.024379670007395507, "v": 0.0046158161834085635, "f": 0.0046158161834085635, "tʃ": 0.0033662305867951953, "dʒ": 0.0033152270930558742, "m": 0.013056894397266212, "ʒ": 0.001912631015224543, "ʃ": 0.0020656414964425065, "t̪s": 7.650524060898171e-05, "h": 0.000357024456175248}