{"d̪": 0.0816196414882953, "i": 0.11338743440061325, "n̪": 0.05713411757768736, "t̪": 0.08333701869213987, "r̪": 0.07734831063152309, "e": 0.1059577510466419, "a": 0.11562444719617902, "ea": 0.005697564714900643, "b": 0.019351819093106903, "p": 0.020221563771448788, "k": 0.027688100713485465, "ɡ": 0.02360103779703992, "tʃ": 0.009784627631346188, "dʒ": 0.009714605814022054, "o": 0.03178253434754408, "l̪": 0.032755469072468894, "u": 0.04784701338522319, "ɜ": 0.01148726339996462, "s̪": 0.043354561000058967, "z̪": 0.017435432513709534, "m": 0.01845627690311929, "v": 0.01621557874874698, "f": 0.01617503980187511, "t̪s": 0.002318090689309511, "ʃ": 0.0030772746034553925, "ʒ": 0.002288607818857244, "oa": 0.0015367946223244296, "ɨ": 0.0039027949761188748, "h": 0.0008992275487941506}