{"n̪": 0.03386330786702457, "e": 0.1372427558675752, "o": 0.007020441874870948, "u": 0.029802464037442356, "a": 0.15768463073852296, "ɜ": 0.048936609539541605, "i": 0.11652556955055407, "d̪": 0.11122582421364169, "t̪": 0.11122582421364169, "l̪": 0.054649322045564046, "r̪": 0.029664808314405672, "k": 0.020786014178539473, "ɡ": 0.020786014178539473, "s̪": 0.027599972468855392, "z̪": 0.027599972468855392, "ea": 0.022644366439534724, "m": 0.01651868676440223, "ʃ": 0.001651868676440223, "ʒ": 0.001651868676440223, "tʃ": 0.003854360245027187, "dʒ": 0.003854360245027187, "p": 0.004267327414137243, "b": 0.004267327414137243, "f": 0.0030284259068070756, "v": 0.0030284259068070756, "t̪s": 0.00020648358455502787, "h": 0.00041296716911005574}