{"n̪": 0.031885513432086364, "e": 0.18327893547577204, "i": 0.14235500878734622, "u": 0.03615365302535777, "t̪": 0.09866934471503891, "r̪": 0.037911122269646, "m": 0.02334923424554356, "tʃ": 0.006527742907356264, "l̪": 0.08260105448154657, "a": 0.17273412001004268, "ɜ": 0.06025608837559628, "p": 0.004017072558373086, "d̪": 0.015566156163695707, "ea": 0.032136580466984685, "b": 0.002008536279186543, "k": 0.01883002761737384, "s̪": 0.028621641978408236, "o": 0.00928948029123776, "z̪": 0.0007532011046949536, "ɡ": 0.0045192066281697215, "ʒ": 0.002008536279186543, "v": 0.003263871453678132, "ʃ": 0.0007532011046949536, "f": 0.0012553351744915891, "t̪s": 0.0005021340697966357, "h": 0.0007532011046949536}