{"d̪": 0.061511423550087874, "k": 0.08737132814461461, "m": 0.061511423550087874, "p": 0.10620135576198846, "e": 0.029625910118001506, "f": 0.04318353000251067, "s̪": 0.09490333919156414, "l̪": 0.03816218930454431, "a": 0.10394175244790359, "i": 0.044940999246798896, "n̪": 0.03263871453678132, "v": 0.040421792618629174, "tʃ": 0.01857896058247552, "t̪": 0.043936731107205626, "u": 0.022344966105950288, "b": 0.023851368315340196, "r̪": 0.04770273663068039, "o": 0.02585990459452674, "oa": 0.0027617373838814963, "z̪": 0.007029876977152899, "ɨ": 0.015315089128797388, "h": 0.005774541802661311, "dʒ": 0.004770273663068039, "ʃ": 0.006276675872457946, "ɡ": 0.01883002761737384, "t̪s": 0.0025106703489831783, "ʒ": 0.009791614361034396, "ɜ": 0.00025106703489831785}