{"i": 0.16145952109464082, "a": 0.2031927023945268, "e": 0.13842645381984037, "o": 0.33979475484606614, "u": 0.07388825541619157, "s": 0.0209806157354618, "m": 0.003876852907639681, "ɔ": 0.013911060433295324, "n": 0.010262257696693273, "d": 0.006157354618015963, "t": 0.006157354618015963, "ɡ": 0.004104903078677309, "k": 0.004104903078677309, "l": 0.005929304446978335, "ŋ": 0.00045610034207525655, "b": 0.0034207525655644243, "p": 0.0034207525655644243, "ⁿd": 0.00045610034207525655}