{"o": 0.141761199050627, "n": 0.042245229774430466, "i": 0.07053019118279168, "ᵑɡ": 0.014249939262553963, "a": 0.10715019903193855, "ɡ": 0.05091666822403708, "u": 0.043469322917640024, "k": 0.05122502756545628, "t": 0.04535685585602422, "d": 0.0492253639574651, "e": 0.09747892877833636, "ⁿd": 0.005933581266702797, "l": 0.03219084639967108, "r": 0.029424956549365527, "j": 0.059793679567923155, "s": 0.017520417126090936, "ɔ": 0.04702012745519445, "p": 0.01109159206862397, "b": 0.011371918742641424, "m": 0.018520248930086528, "ŋ": 0.01302584611934441, "ᵐb": 0.004868339905436469, "h": 0.0006821282401091405, "w": 0.03494739202750939}