{"o": 0.1175115207373272, "n": 0.03390388413429888, "i": 0.0892034233048058, "e": 0.09973666886109282, "m": 0.02106649111257406, "a": 0.10928242264647794, "ⁿd": 0.009545753785385122, "ŋ": 0.01152073732718894, "u": 0.05595786701777485, "r": 0.027320605661619486, "l": 0.032587228439763, "j": 0.04509545753785385, "s": 0.028966425279789335, "ɔ": 0.030283080974325215, "h": 0.0016458196181698486, "ɡ": 0.05628703094140882, "k": 0.05727452271231073, "ᵑɡ": 0.01119157340355497, "b": 0.02468729427254773, "d": 0.04180381830151415, "t": 0.04048716260697827, "p": 0.02304147465437788, "w": 0.02337063857801185, "ᵐb": 0.008229098090849244}