{"o": 0.04863925883034163, "e": 0.05993051534452808, "m": 0.05906195715112913, "ŋ": 0.01447596988998263, "s": 0.09380428488708743, "h": 0.01013317892298784, "ɡ": 0.05442964678633468, "n": 0.06485234510712218, "b": 0.039664157498552406, "a": 0.031557614360162134, "k": 0.1068326577880718, "ɔ": 0.05587724377533295, "t": 0.06282570932252461, "d": 0.04487550665894615, "j": 0.11493920092646208, "u": 0.03647944412275622, "i": 0.030689056166763172, "ᵐb": 0.006079907353792704, "p": 0.018818760856977416, "w": 0.02576722640416908, "ⁿd": 0.006079907353792704, "l": 0.006369426751592357, "r": 0.004053271569195136, "ᵑɡ": 0.0037637521713954833}