{"o": 0.03058776489404238, "e": 0.03571904571504732, "m": 0.03991736638677862, "ŋ": 0.004331600693056111, "s": 0.058776489404238304, "h": 0.004198320671731308, "ɡ": 0.12201785952285753, "k": 0.12215113954418233, "n": 0.05611088897774224, "b": 0.043982407037185124, "p": 0.04378248700519792, "a": 0.024256963881114223, "ɔ": 0.04191656670665067, "t": 0.08789817406370785, "d": 0.08789817406370785, "j": 0.10915633746501399, "u": 0.02065840330534453, "i": 0.019725443156070905, "ᵐb": 0.004798080767692923, "w": 0.024123683859789417, "ⁿd": 0.0021324803411968546, "l": 0.006730641076902573, "r": 0.005930960948953752, "ᵑɡ": 0.003198720511795282}