{"o": 0.007623888182973317, "e": 0.03303684879288437, "m": 0.03811944091486658, "ŋ": 0.016518424396442185, "s": 0.08005082592121983, "h": 0.0063532401524777635, "ɡ": 0.12452350698856417, "k": 0.12706480304955528, "n": 0.044472681067344345, "b": 0.062261753494282084, "p": 0.060991105463786534, "a": 0.020330368487928845, "ɔ": 0.020330368487928845, "t": 0.08005082592121983, "d": 0.08005082592121983, "j": 0.08386277001270648, "u": 0.0241423125794155, "i": 0.01397712833545108, "w": 0.03176620076238882, "l": 0.01905972045743329, "ⁿd": 0.0038119440914866584, "r": 0.008894536213468869, "ᵑɡ": 0.007623888182973317, "ᵐb": 0.005082592121982211}