{"i": 0.18043202033036848, "e": 0.13850063532401524, "o": 0.25285895806861497, "a": 0.21728081321473952, "ɔ": 0.036848792884371026, "n": 0.0063532401524777635, "t": 0.010165184243964422, "d": 0.010165184243964422, "u": 0.08259212198221093, "s": 0.008894536213468869, "m": 0.0063532401524777635, "ŋ": 0.0025412960609911056, "l": 0.01397712833545108, "ɡ": 0.012706480304955527, "k": 0.012706480304955527, "p": 0.0038119440914866584, "b": 0.0038119440914866584}