{"i": 0.1745801968731905, "e": 0.08656629994209612, "o": 0.44730746960046325, "a": 0.1679212507237985, "ɔ": 0.008685581933989578, "t": 0.004053271569195136, "s": 0.01795020266357846, "u": 0.06745801968731906, "n": 0.009554140127388535, "l": 0.004053271569195136, "p": 0.0017371163867979154, "k": 0.004053271569195136, "m": 0.004053271569195136, "d": 0.0005790387955993051, "ⁿd": 0.0005790387955993051, "b": 0.0005790387955993051, "ŋ": 0.00028951939779965256}