{"o": 0.15845962504030586, "n": 0.05172969736054171, "i": 0.0778478971854991, "e": 0.09424662582339122, "m": 0.02966511585056889, "a": 0.09129853977612971, "ⁿd": 0.012022663411488322, "ŋ": 0.023077986088718964, "u": 0.0510387396932148, "r": 0.03491639412225344, "l": 0.03998341701598415, "j": 0.06177161545902621, "s": 0.029066285872218895, "ɔ": 0.04136533235063798, "h": 0.0018425537795384403, "ɡ": 0.021327559998157445, "ᵑɡ": 0.020452346952876687, "b": 0.013634897968584457, "d": 0.018057027039476713, "w": 0.040029480860472616, "k": 0.03514671334469575, "t": 0.0374499055691188, "ᵐb": 0.010825003454788337, "p": 0.004744575982311484}