{"i": 0.1599360255897641, "a": 0.20431827269092362, "u": 0.10409169665467147, "o": 0.3811808609889378, "e": 0.10002665600426495, "s": 0.014127682260429162, "m": 0.0040650406504065045, "n": 0.011195521791283487, "ɔ": 0.007996801279488205, "t": 0.0028655204584832734, "d": 0.002932160469145675, "ɡ": 0.0016660002665600426, "k": 0.0016660002665600426, "l": 0.0018659202985472478, "ŋ": 0.0001332800213248034, "p": 0.0009329601492736239, "b": 0.0008663201386112222, "ⁿd": 0.0001332800213248034}