{"r": 0.06626610034876895, "bː": 0.0003683368440438781, "i": 0.10502971634226166, "nː": 0.0043356316017664825, "ʁ": 0.0277020001458, "u": 0.03819960020105053, "n": 0.08571888992483627, "s": 0.05853486346597297, "z": 0.04420425812739083, "l": 0.020143421158649585, "a": 0.16214494822181552, "w": 0.015554557976602938, "ʃ": 0.004347142128142853, "k": 0.02409536854787036, "d": 0.07827541620144957, "t": 0.08009024252679076, "dː": 0.005835836872820194, "tː": 0.00489964739420867, "j": 0.015013563236913491, "ʕ": 0.003556752650298698, "ħ": 0.004504452655286593, "ɡ": 0.028335079096500418, "m": 0.03802694230540496, "mː": 0.001929931589104903, "sː": 0.002171652643008698, "zː": 0.001864705272972133, "lː": 0.005766773714561967, "χ": 0.021382721165172217, "dˤ": 0.0035951210715532687, "tˤ": 0.002939021068100111, "tˤː": 0.00031078421216202215, "zˤ": 0.00395962107347169, "sˤ": 0.0017265789564556786, "b": 0.008755673730293019, "rː": 0.0017150684300793076, "ʒ": 0.0027510158039527146, "f": 0.012393000065226317, "jː": 0.0004680947393057618, "ɡʷ": 0.0013659157966627146, "kː": 0.00173808948283205, "ɡː": 0.001922257904853989, "h": 0.001565431587186482, "q": 0.0018992368521012467, "χʷ": 0.0002033526326492244, "kʷ": 0.0004143789495493629, "sˤː": 0.00041054210742390583, "qː": 0.0009630473734897231, "fː": 0.0009054947416078671, "wː": 0.00014580000076736842, "ʒː": 0.0005064631605603325, "hː": 4.6042105505484765e-05, "ʃː": 0.0004565842129293906, "χː": 2.6857894878199446e-05, "zˤː": 0.0003184578964129363, "dˤː": 0.00013428947439099724, "ʁʷ": 1.5347368501828255e-05, "ʁː": 4.6042105505484765e-05, "qʷ": 3.836842125457064e-06}