{"i": 0.07382075471698113, "a": 0.09457547169811321, "u": 0.026650943396226416, "ʕ": 0.0042452830188679245, "n": 0.2537735849056604, "ʃ": 0.002830188679245283, "ʁ": 0.05047169811320755, "d": 0.062264150943396226, "ħ": 0.008726415094339622, "s": 0.07264150943396226, "t": 0.1169811320754717, "r": 0.05117924528301887, "l": 0.024764150943396228, "ː": 0.023820754716981134, "k": 0.022169811320754716, "m": 0.05660377358490566, "χ": 0.0002358490566037736, "dˤ": 0.008726415094339622, "b": 0.008490566037735849, "z": 0.0037735849056603774, "w": 0.006132075471698114, "ɡ": 0.0042452830188679245, "zˤ": 0.004009433962264151, "f": 0.007783018867924528, "j": 0.0021226415094339622, "sˤ": 0.0007075471698113207, "tˤ": 0.0018867924528301887, "ʒ": 0.0018867924528301887, "q": 0.0042452830188679245, "h": 0.0002358490566037736}