{"r": 0.030300675938155542, "u": 0.019837878434724055, "a": 0.16688679978245669, "j": 0.01579778830963665, "w": 0.006526299432833502, "n": 0.0667132830911869, "i": 0.14500297827156658, "k": 0.005334990806205164, "ɡ": 0.005412684847072229, "m": 0.025121073213684512, "b": 0.005179602724471033, "lː": 0.016574728718307306, "z": 0.06458964597415379, "s": 0.08815683837049698, "ʁ": 0.04739336492890995, "χ": 0.04314609069484371, "l": 0.013881335301582368, "h": 0.005283194778960454, "f": 0.023696682464454975, "ɡː": 0.0014761867764742445, "kː": 0.0014761867764742445, "rː": 0.0008287364359153653, "d": 0.0852044648175485, "t": 0.08763887809804988, "dː": 0.004480356356667443, "ʃː": 0.0011136145857612721, "tː": 0.0043249682749333124, "sː": 0.003133659648304975, "zː": 0.002512107321368451, "mː": 0.00020718410897884132, "ʕ": 0.0003884702043353275, "nː": 0.002667495403102582, "zˤ": 0.0012949006811177582, "sˤ": 0.0008287364359153653, "fː": 0.000621552326936524, "ɡʷ": 0.0002848781498459068, "ʃ": 0.00033667417709061715, "ʒ": 0.00025898013622355166, "sˤː": 0.0006474503405588791, "zˤː": 0.0005179602724471033, "q": 0.0003884702043353275, "dˤ": 0.001424390749229534, "tˤ": 0.0012690026674954031, "ħ": 0.0002330821226011965, "tˤː": 0.00025898013622355166, "ʒː": 0.0010359205448942066, "ʁʷ": 5.179602724471033e-05, "bː": 7.76940408670655e-05, "qː": 7.76940408670655e-05, "ʁː": 0.00010359205448942066}