{"r": 0.010471204188481676, "u": 0.020942408376963352, "a": 0.11169284467713787, "j": 0.030541012216404886, "w": 0.009162303664921465, "n": 0.0606457242582897, "i": 0.17321116928446773, "k": 0.019197207678883072, "ɡ": 0.02050610820244328, "m": 0.019197207678883072, "b": 0.009598603839441536, "lː": 0.017015706806282723, "z": 0.037085514834205933, "s": 0.054537521815008726, "ʁ": 0.036212914485165795, "χ": 0.0274869109947644, "h": 0.002617801047120419, "l": 0.02399650959860384, "f": 0.024869109947643978, "ɡː": 0.005235602094240838, "kː": 0.005235602094240838, "rː": 0.003926701570680628, "d": 0.08158813263525305, "t": 0.0881326352530541, "dː": 0.011343804537521814, "ʃː": 0.003926701570680628, "tː": 0.011780104712041885, "sː": 0.011343804537521814, "zː": 0.010907504363001745, "mː": 0.002617801047120419, "ʕ": 0.002181500872600349, "nː": 0.004799301919720768, "zˤ": 0.006980802792321117, "sˤ": 0.007417102966841187, "fː": 0.0034904013961605585, "ɡʷ": 0.0030541012216404886, "ʃ": 0.0013089005235602095, "ʒ": 0.0008726003490401396, "sˤː": 0.005671902268760907, "zˤː": 0.004363001745200698, "q": 0.0008726003490401396, "dˤ": 0.002617801047120419, "tˤ": 0.002181500872600349, "ħ": 0.0008726003490401396, "tˤː": 0.0030541012216404886, "ʒː": 0.002617801047120419, "bː": 0.0013089005235602095, "qː": 0.0004363001745200698, "ʁː": 0.0008726003490401396}