{"r": 0.05970324550757546, "b": 0.014367928591003406, "ː": 0.06310926672669616, "i": 0.10989312140312414, "u": 0.04870218846650746, "l": 0.040598206945151316, "a": 0.1483772462122695, "ʃ": 0.006537994753944329, "k": 0.024311944564068433, "j": 0.020005480953685942, "s": 0.05410484281407822, "ʕ": 0.005167756332458991, "w": 0.020553576322280078, "n": 0.09971420741494734, "m": 0.0458051129467956, "d": 0.04259484007360138, "ʁ": 0.03030184394941863, "z": 0.011979798770700387, "t": 0.06483185217084915, "ħ": 0.007399287476020828, "h": 0.00356261989586188, "dˤ": 0.0077124848295031904, "ɡ": 0.01569901734330345, "f": 0.021532318051912462, "q": 0.006224797400461966, "kʷ": 0.0006655443761500215, "tˤ": 0.0023881298203030183, "χ": 0.004658810633050151, "ʒ": 0.006029049054535489, "ɡʷ": 0.002348980151117723, "zˤ": 0.007164389460909055, "χʷ": 0.0006263947069647262, "sˤ": 0.003171123204008926, "ʁʷ": 0.00011744900755588615, "qʷ": 3.914966918529539e-05}