{"i": 0.04032320721000699, "ʁ": 0.05029394245461373, "n": 0.19664361743454278, "u": 0.016289850568461398, "a": 0.05736410017351669, "s": 0.05847771475927796, "d": 0.14386346567218294, "t": 0.14878408826043044, "dː": 0.0052055007380933885, "tː": 0.005334990806205164, "z": 0.05448942066143527, "ʕ": 0.005645766969673426, "ħ": 0.005645766969673426, "ɡ": 0.013803641260715304, "k": 0.019527102271255793, "l": 0.010618185585165618, "sː": 0.0005438582860694585, "zː": 0.0005438582860694585, "χ": 0.03807008002486209, "dˤ": 0.004195478206821537, "tˤ": 0.0038588040297309195, "tˤː": 0.0002330821226011965, "r": 0.04226555823168363, "w": 0.006837075596301764, "ʃ": 0.001398492735607179, "ʒ": 0.001398492735607179, "m": 0.05003496231839018, "q": 0.0013207986947401135, "f": 0.005334990806205164, "nː": 0.003444435811773237, "qː": 0.000310776163468262, "b": 0.0024085152668790306, "j": 0.0012172066402506927, "zˤ": 0.0014761867764742445, "sˤ": 0.0007510423950482998, "zˤː": 0.0002330821226011965, "sˤː": 0.0002330821226011965, "mː": 0.0010100225312718513, "ɡː": 7.76940408670655e-05, "kː": 7.76940408670655e-05, "h": 2.5898013622355165e-05, "lː": 0.000155388081734131, "ʃː": 7.76940408670655e-05, "ʒː": 7.76940408670655e-05, "ʁː": 7.76940408670655e-05}