{"i": 0.06893542757417102, "a": 0.1082024432809773, "u": 0.02617801047120419, "n": 0.1544502617801047, "sː": 0.002617801047120419, "zː": 0.002617801047120419, "dˤ": 0.007853403141361256, "tˤ": 0.006544502617801047, "tˤː": 0.0008726003490401396, "ʃ": 0.006980802792321117, "ʒ": 0.006980802792321117, "ʁ": 0.04275741710296684, "χ": 0.031413612565445025, "d": 0.0911867364746946, "t": 0.0968586387434555, "l": 0.018760907504363003, "s": 0.04232111692844677, "z": 0.039703315881326355, "r": 0.061518324607329845, "qː": 0.003926701570680628, "f": 0.008289703315881327, "k": 0.01963350785340314, "ɡ": 0.015270506108202443, "m": 0.04799301919720768, "ʕ": 0.012652705061082025, "ħ": 0.012652705061082025, "b": 0.006108202443280977, "zˤ": 0.008289703315881327, "sˤ": 0.005671902268760907, "w": 0.0034904013961605585, "nː": 0.007417102966841187, "dː": 0.005671902268760907, "tː": 0.006980802792321117, "ɡː": 0.0013089005235602095, "kː": 0.0013089005235602095, "mː": 0.005671902268760907, "h": 0.0004363001745200698, "lː": 0.002181500872600349, "ʃː": 0.0013089005235602095, "ʒː": 0.0013089005235602095, "q": 0.0030541012216404886, "ʁː": 0.0004363001745200698, "zˤː": 0.0004363001745200698, "sˤː": 0.0004363001745200698, "j": 0.0013089005235602095}