{"r": 0.05737142857142857, "bː": 0.002057142857142857, "i": 0.12091428571428571, "u": 0.05097142857142857, "l": 0.024114285714285713, "a": 0.12011428571428572, "ʃ": 0.005828571428571429, "k": 0.02617142857142857, "j": 0.017142857142857144, "s": 0.03817142857142857, "z": 0.03097142857142857, "n": 0.07828571428571429, "w": 0.013485714285714285, "mː": 0.005942857142857143, "sː": 0.007542857142857143, "zː": 0.007542857142857143, "lː": 0.01017142857142857, "ɡ": 0.024685714285714287, "dˤ": 0.0064, "tˤ": 0.0044571428571428574, "tˤː": 0.0013714285714285714, "m": 0.034742857142857145, "dː": 0.011542857142857143, "b": 0.010285714285714285, "ʒ": 0.005485714285714286, "ʁ": 0.029142857142857144, "χ": 0.019885714285714284, "d": 0.060571428571428575, "t": 0.06468571428571429, "kː": 0.007885714285714286, "ɡː": 0.006857142857142857, "nː": 0.010057142857142857, "h": 0.0024, "tː": 0.0096, "ħ": 0.0096, "qː": 0.0017142857142857142, "f": 0.0168, "rː": 0.004342857142857143, "ʕ": 0.0088, "ʃː": 0.0032, "χː": 0.00011428571428571428, "zˤ": 0.0070857142857142855, "sˤ": 0.0056, "fː": 0.002057142857142857, "χʷ": 0.00022857142857142857, "jː": 0.00022857142857142857, "ʒː": 0.0026285714285714285, "q": 0.0021714285714285715, "zˤː": 0.0024, "ɡʷ": 0.002057142857142857, "sˤː": 0.002057142857142857, "ʁː": 0.0006857142857142857, "hː": 0.00022857142857142857, "kʷ": 0.0010285714285714286, "ʁʷ": 0.00011428571428571428}