{"r": 0.05408379440136572, "bː": 0.0007198831732450276, "i": 0.0996421152224439, "nː": 0.007743886135050083, "ʁ": 0.026440280548756658, "χ": 0.026440280548756658, "u": 0.043336967029350665, "n": 0.07273905263374401, "s": 0.045486332503753675, "z": 0.045486332503753675, "l": 0.021421666426705607, "a": 0.14283510561714555, "w": 0.012885908801085996, "ʃ": 0.007641045681729365, "k": 0.0293095291964047, "ɡ": 0.0293095291964047, "ʒ": 0.007641045681729365, "d": 0.07421995516156235, "t": 0.07421995516156235, "dː": 0.007425080729755857, "tː": 0.007425080729755857, "j": 0.012711080030440775, "ʕ": 0.006808038009831548, "ħ": 0.006808038009831548, "mː": 0.0038462329541948622, "sː": 0.004596968263436105, "zː": 0.004596968263436105, "lː": 0.008587177852279974, "dˤ": 0.005615088751311215, "tˤ": 0.005615088751311215, "dˤː": 0.0005347703572677349, "tˤː": 0.0005347703572677349, "m": 0.03844176145128448, "rː": 0.0025504432423538123, "b": 0.009461321705506077, "jː": 0.0009152800345543923, "kʷ": 0.0020259569304181494, "ɡʷ": 0.0020259569304181494, "kː": 0.0029412369649725414, "ɡː": 0.0029412369649725414, "h": 0.0019436845677615747, "f": 0.016063678808696188, "qː": 0.0012649375758448343, "χʷ": 0.0002571011333017956, "ʁʷ": 0.0002571011333017956, "fː": 0.0015323227544787018, "q": 0.003085213599621547, "wː": 0.00015426067998107736, "zˤ": 0.005481396161994282, "sˤ": 0.005481396161994282, "ʃː": 0.0018922643411012155, "ʒː": 0.0018922643411012155, "hː": 0.00032908945062629834, "χː": 0.00023653304263765193, "ʁː": 0.00023653304263765193, "zˤː": 0.0009358481252185359, "sˤː": 0.0009358481252185359, "qʷ": 1.0284045332071823e-05}