{"i": 0.051269315673289184, "ʁ": 0.042549668874172185, "χ": 0.042549668874172185, "n": 0.16429359823399559, "u": 0.019094922737306844, "a": 0.08559602649006623, "s": 0.04597130242825607, "z": 0.04597130242825607, "d": 0.1284216335540839, "t": 0.1284216335540839, "dː": 0.006898454746136865, "tː": 0.006898454746136865, "ʕ": 0.006070640176600441, "ħ": 0.006070640176600441, "k": 0.016280353200883002, "ɡ": 0.016280353200883002, "sː": 0.0008830022075055188, "zː": 0.0008830022075055188, "dˤ": 0.00717439293598234, "tˤ": 0.00717439293598234, "dˤː": 0.0002207505518763797, "tˤː": 0.0002207505518763797, "ʃ": 0.0024282560706401766, "ʒ": 0.0024282560706401766, "m": 0.05910596026490066, "r": 0.055077262693156735, "l": 0.013631346578366446, "f": 0.006236203090507726, "nː": 0.0038079470198675498, "qː": 0.001434878587196468, "w": 0.005960264900662252, "q": 0.0033112582781456954, "b": 0.005629139072847682, "j": 0.0016004415011037529, "zˤ": 0.002924944812362031, "sˤ": 0.002924944812362031, "mː": 0.0024282560706401766, "kː": 0.00016556291390728477, "ɡː": 0.00016556291390728477, "h": 5.518763796909492e-05, "lː": 0.0004966887417218543, "ʃː": 0.00016556291390728477, "ʒː": 0.00016556291390728477, "χː": 0.00016556291390728477, "ʁː": 0.00016556291390728477, "zˤː": 0.00016556291390728477, "sˤː": 0.00016556291390728477}