{"a": 0.05362236166571591, "ʋ": 0.07016543069024529, "s": 0.0513405590416429, "m": 0.04848830576155162, "l": 0.03308613804905876, "æ": 0.022818026240730177, "k": 0.07016543069024529, "ɡ": 0.06845407872219053, "e": 0.02567027952082145, "n": 0.034227039361095266, "o": 0.008556759840273816, "b": 0.08956075299486595, "p": 0.0889903023388477, "j": 0.032515687393040504, "h": 0.030233884768967486, "t̪": 0.07358813462635481, "d̪": 0.07358813462635481, "eː": 0.0034227039361095267, "i": 0.01654306902452938, "iː": 0.0034227039361095267, "dʒ": 0.011979463776383342, "tʃ": 0.010838562464346835, "r": 0.030233884768967486, "ʃ": 0.008556759840273816, "u": 0.019965772960638905, "aː": 0.01026811180832858, "oː": 0.002852253280091272, "æː": 0.0022818026240730175, "ɖ": 0.0022818026240730175, "ʈ": 0.0022818026240730175}