{"a": 0.07898289828982898, "ʋ": 0.06728172817281729, "s": 0.05895589558955896, "m": 0.041516651665166514, "l": 0.02779027902790279, "æ": 0.015414041404140414, "k": 0.06885688568856886, "ɡ": 0.06885688568856886, "e": 0.02914041404140414, "n": 0.03634113411341134, "o": 0.011363636363636364, "b": 0.08247074707470747, "p": 0.08247074707470747, "j": 0.02373987398739874, "h": 0.02869036903690369, "t̪": 0.0763951395139514, "d̪": 0.0763951395139514, "eː": 0.004162916291629163, "i": 0.0153015301530153, "aː": 0.020477047704770476, "iː": 0.0018001800180018, "dʒ": 0.013501350135013501, "tʃ": 0.013501350135013501, "r": 0.027115211521152115, "ʃ": 0.0057380738073807384, "u": 0.01608910891089109, "oː": 0.0006750675067506751, "au": 0.000225022502250225, "ʈ": 0.0029252925292529252, "ɖ": 0.0029252925292529252, "æː": 0.00045004500450045, "f": 0.00045004500450045}