{"a": 0.37751016878583094, "n": 0.07962079236460301, "m": 0.02856868334240784, "u": 0.0623578772059059, "ɡ": 0.03878551068122858, "k": 0.039682285494667395, "t̪": 0.04547929411011114, "d̪": 0.045447266438202606, "ʋ": 0.0048041507862793455, "aː": 0.07539313967267719, "i": 0.08471319219805912, "l": 0.013451622201582168, "eː": 0.05985971879704064, "s": 0.007270281523236076, "iː": 0.013419594529673638, "r": 0.003907375972840534, "ɖ": 0.006245396022163149, "ʈ": 0.006309451365980207, "uː": 0.0036831822694808314, "f": 6.405534381705794e-05, "oː": 0.0013771898920667456, "dʒ": 0.00032027671908528967, "p": 0.00028824904717676073, "b": 0.00035230439099381865, "æ": 0.00016013835954264483, "æː": 0.0008006917977132242, "e": 3.202767190852897e-05, "h": 3.202767190852897e-05, "ʃ": 6.405534381705794e-05}