{"a": 0.3013141924603265, "t̪": 0.05357232149757027, "r": 0.04279876172249674, "d̪": 0.052058568162085254, "m": 0.028006709609378906, "i": 0.06310033048008255, "n": 0.05699531327420755, "u": 0.03297982116799934, "ɡ": 0.033670783651463976, "k": 0.037984753367305654, "ᵑɡ": 0.0003954851056672561, "ɖ": 0.014210188969147617, "ʈ": 0.014410204424887378, "ʋ": 0.04301696040148557, "aː": 0.02820672506511867, "j": 0.04236691017033135, "e": 0.01398289867853425, "l": 0.022733574867148824, "eː": 0.011237231967924794, "h": 0.011778182859584605, "s": 0.016455817040407668, "æ": 0.010946300395939686, "iː": 0.005464058586345308, "nː": 0.001077355977507353, "uː": 0.0014273830250519357, "b": 0.01972879722524013, "p": 0.019637881108994785, "d̪ː": 0.0005318592800352754, "ⁿd̪": 0.00038184768823045417, "o": 0.006250482991867553, "f": 0.00010909933949441548, "oː": 0.0024047312746894077, "t̪ː": 0.0006000463672192852, "ᵐb": 0.00018183223249069246, "dʒ": 0.002672933817613179, "ʃ": 0.002945682166349218, "kː": 0.0001227367569312174, "tʃː": 1.8183223249069247e-05, "tʃ": 0.0027638499338585253, "lː": 0.00013182836855575204, "æː": 0.0003000231836096426, "pː": 3.6366446498138495e-05, "au": 0.00028183996036057333, "sː": 5.454966974720774e-05, "mː": 5.909547555947505e-05, "ai": 0.00047730961028806773, "ʈː": 5.909547555947505e-05, "ʋː": 1.8183223249069247e-05, "ⁿɖ": 2.2729029061336557e-05, "bː": 9.091611624534624e-06, "ɡː": 9.091611624534624e-06}