{"a": 0.3639475185396463, "t̪": 0.027381631488876214, "d̪": 0.026811180832857957, "u": 0.09241300627495722, "i": 0.13234455219623503, "aː": 0.10610382201939532, "eː": 0.06731317741015402, "l": 0.011979463776383342, "f": 0.0011409013120365088, "uː": 0.011979463776383342, "m": 0.02053622361665716, "ʋ": 0.006274957216200799, "oː": 0.003993154592127781, "iː": 0.039361095265259556, "n": 0.03080433542498574, "s": 0.011409013120365089, "ɡ": 0.009697661152310326, "k": 0.013120365088419851, "æ": 0.0017113519680547634, "ɖ": 0.002852253280091272, "ʈ": 0.003993154592127781, "r": 0.003993154592127781, "æː": 0.002852253280091272, "b": 0.0022818026240730175, "p": 0.0022818026240730175, "e": 0.0005704506560182544, "h": 0.0005704506560182544, "dʒ": 0.0011409013120365088, "ʃ": 0.0011409013120365088}