{"a": 0.08272747653973032, "ʋ": 0.06613714249111233, "s": 0.059443359062229764, "m": 0.04253274829452647, "l": 0.02667905069980463, "æ": 0.013707843576850398, "k": 0.06331870736316177, "ɡ": 0.06306248598789355, "e": 0.02546199916728053, "n": 0.04611984754828172, "o": 0.0066937834288825545, "b": 0.08266342119591327, "p": 0.08186272939820005, "j": 0.02357236652467732, "h": 0.029305319796304005, "t̪": 0.07795535342535952, "d̪": 0.07801940876917657, "eː": 0.004131569676200237, "i": 0.01675047240816065, "aː": 0.02639080165262787, "iː": 0.00038433206290234764, "dʒ": 0.014732729077923326, "tʃ": 0.016270057329532715, "r": 0.02773596387278609, "ʃ": 0.0046440124267367, "u": 0.01646222336098389, "oː": 0.00032027671908528967, "au": 6.405534381705794e-05, "ɖ": 0.0011850238606155718, "ʈ": 0.0011209685167985139, "æː": 0.00012811068763411587, "f": 0.0004163597348108766}