{"a": 0.24819603444992278, "t̪": 0.05097657489895677, "r": 0.036354402522377635, "d̪": 0.05097657489895677, "m": 0.028778805256364136, "ʋ": 0.038936030640963244, "n": 0.049474151977484816, "k": 0.03578305859449394, "ɡ": 0.03578305859449394, "l": 0.023488583701885436, "i": 0.07084664705757877, "eː": 0.015743699346128615, "u": 0.04200435914256089, "h": 0.014198954652220834, "aː": 0.035910023911801425, "s": 0.021647586600926846, "ʈ": 0.01479145946632245, "ɖ": 0.01479145946632245, "j": 0.03157204223712889, "e": 0.020145163679454896, "æ": 0.017521213788433458, "uː": 0.0035127071121738578, "iː": 0.010707408426264891, "nː": 0.002412341028842288, "b": 0.024631271557652833, "p": 0.024631271557652833, "t̪ː": 0.001840997100958588, "d̪ː": 0.001840997100958588, "ⁿd̪": 0.001206170514421144, "o": 0.008760606894216729, "f": 0.00023276974839706288, "oː": 0.0037877986330067505, "ᵑɡ": 0.0006771483589732738, "tʃː": 8.464354487165922e-05, "ʃ": 0.005522991302875764, "dʒ": 0.00383012040544258, "tʃ": 0.00383012040544258, "lː": 0.00048670038301204055, "æː": 0.0009945616522419958, "pː": 0.00010580443108957404, "bː": 0.00010580443108957404, "au": 0.0007829527900628478, "ᵐb": 0.00040205683814038135, "sː": 0.0002539306346149777, "ai": 0.0005713439278836998, "kː": 0.00016928708974331844, "ɡː": 0.00016928708974331844, "mː": 0.00019044797596123324, "ʈː": 0.00023276974839706288, "ʋː": 8.464354487165922e-05, "ⁿɖ": 2.1160886217914805e-05}