{"a": 0.18407368890209477, "t̪": 0.05199821720398158, "d̪": 0.051255385529638986, "ʋ": 0.032536027336205614, "n": 0.03773584905660377, "u": 0.05318674788292973, "s": 0.025404843262516713, "h": 0.014410934482246323, "m": 0.027781904620413016, "e": 0.02585054226712227, "l": 0.025553409597385234, "æ": 0.030158965978309315, "i": 0.0759173971178131, "j": 0.02065072054672411, "k": 0.03313029267567969, "r": 0.024662011588174118, "ɡ": 0.029119001634229685, "aː": 0.05051255385529639, "ⁿd̪": 0.0032684593671074135, "eː": 0.02317634823948893, "f": 0.0002971326697370376, "uː": 0.005348388055266677, "o": 0.013222403803298173, "b": 0.03209032833160006, "p": 0.031941761996731544, "ʈ": 0.013965235477640767, "ɖ": 0.013370970138166691, "nː": 0.005794087059872233, "oː": 0.00980537810132224, "iː": 0.018867924528301886, "ʃ": 0.004754122715792602, "t̪ː": 0.00490268905066112, "d̪ː": 0.004754122715792602, "ᵑɡ": 0.0010399643440796315, "æː": 0.0032684593671074135, "dʒ": 0.005199821720398158, "tʃ": 0.004011291041450008, "lː": 0.0013370970138166691, "au": 0.0002971326697370376, "kː": 0.0002971326697370376, "sː": 0.0011885306789481504, "mː": 0.0002971326697370376, "ai": 0.0007428316743425939, "pː": 0.0001485663348685188, "ʋː": 0.0005942653394740752, "ʈː": 0.0011885306789481504, "ᵐb": 0.00044569900460555636, "ⁿɖ": 0.0001485663348685188, "ɡː": 0.0002971326697370376}