{"h": 0.01663972615764952, "a": 0.24336788057430828, "ː": 0.07739849767043834, "t̪": 0.03955500618046971, "r": 0.036559855472092805, "ʋ": 0.04402396120566702, "n": 0.05543405914234097, "s": 0.029238375962727013, "m": 0.03636968717314824, "e": 0.03789103356470477, "l": 0.02752686127222592, "æ": 0.021869354378625083, "i": 0.07887230198725872, "j": 0.03855662261101075, "k": 0.03803365978891319, "u": 0.04554530759722354, "d̪": 0.0301416753827137, "ⁿd̪": 0.002139393363126367, "o": 0.013501949225064182, "b": 0.0128363601787582, "ʈ": 0.014975753541884568, "ʃ": 0.0077018161072549204, "ɡ": 0.014357706570314729, "ɖ": 0.004754207473614149, "p": 0.022915280022820197, "ᵑɡ": 0.001378720167348103, "dʒ": 0.0040410763525720265, "au": 0.0006180469715698393, "ᵐb": 0.0006655890463059808, "ai": 0.0006655890463059808, "tʃ": 0.0019967671389179422, "ⁿɖ": 0.00014262622420842445, "f": 0.0002852524484168489}