{"h": 0.0351027397260274, "a": 0.07705479452054795, "ʋ": 0.09531963470319635, "s": 0.08504566210045662, "m": 0.05964611872146119, "l": 0.03139269406392694, "æ": 0.018835616438356163, "k": 0.08447488584474885, "d̪": 0.07191780821917808, "e": 0.028538812785388126, "n": 0.04452054794520548, "o": 0.011700913242009132, "b": 0.041666666666666664, "j": 0.031678082191780824, "ɡ": 0.04052511415525114, "t̪": 0.04480593607305936, "p": 0.10017123287671233, "i": 0.02054794520547945, "dʒ": 0.012842465753424657, "r": 0.02682648401826484, "ʃ": 0.009988584474885844, "u": 0.01569634703196347, "tʃ": 0.007705479452054794, "au": 0.00028538812785388126, "ɖ": 0.0014269406392694063, "ʈ": 0.0017123287671232876, "f": 0.0005707762557077625}