{"s": 0.045429371731651985, "ɔ": 0.11818772432449703, "m": 0.01783945555046702, "z": 0.04758075681893219, "r": 0.053710074233435934, "ɛ": 0.06184167083808165, "l": 0.03781964576699008, "i": 0.057570851927193724, "iɛ": 0.007146432641410968, "c": 0.009329768992363648, "a": 0.09159894773838305, "k": 0.020294377642635766, "ɡ": 0.011198917917203625, "b": 0.032813947791635156, "p": 0.034145250444655086, "ʒ": 0.007039928429169374, "ʃ": 0.007423343593239113, "u": 0.02311673926703801, "t": 0.06708700329098016, "n": 0.035247569041355585, "ɟ": 0.007966515075671242, "iː": 0.011411926341686814, "j": 0.009750460630717946, "d": 0.06866326563215575, "aː": 0.01166753645106664, "v": 0.040753836814246006, "f": 0.01748799165006976, "ia": 0.006667163686323794, "x": 0.004393298754965759, "tʃ": 0.006800293951625787, "dʒ": 2.662605306039854e-05, "ɛː": 0.0033495574749981363, "ɦ": 0.007625701596498141, "ʎ": 0.0026892313591002524, "ts": 0.004872567710052933, "dz": 0.001256749704450811, "uː": 0.004398623965577839, "ʊɔ": 0.002172685929728521, "ɲ": 0.0007774807493636373, "iu": 0.00036743953223349984, "ɔː": 0.000436667270190536, "rː": 2.130084244831883e-05, "lː": 2.130084244831883e-05}