{"s": 0.07085116500237755, "z": 0.07085116500237755, "a": 0.025202092249167855, "p": 0.06371849738468854, "b": 0.06419400855920114, "t": 0.08606752258678078, "d": 0.0903471231573942, "k": 0.03185924869234427, "ɡ": 0.024726581074655255, "l": 0.014740846409890632, "j": 0.009985734664764621, "r": 0.030432715168806468, "v": 0.06514503090822635, "ɛ": 0.009985734664764621, "f": 0.04232049453162149, "n": 0.04089396100808369, "ʎ": 0.005706134094151213, "m": 0.056585829766999524, "i": 0.038040893961008085, "ʒ": 0.016167379933428434, "ʃ": 0.017118402282453638, "tʃ": 0.014740846409890632, "ts": 0.014740846409890632, "u": 0.006181645268663814, "x": 0.015216357584403234, "ɔ": 0.038991916310033285, "ɲ": 0.0009510223490252021, "ɦ": 0.016167379933428434, "iː": 0.0014265335235378032, "aː": 0.0014265335235378032, "uː": 0.014740846409890632, "ɛː": 0.00047551117451260106}