{"m": 0.03233475986685687, "ɔ": 0.06276747503566334, "u": 0.056585829766999524, "ɛ": 0.10271041369472182, "r": 0.020922491678554447, "t": 0.0451735615786971, "d": 0.0466000951022349, "tʃ": 0.0023775558725630053, "dʒ": 0.0014265335235378032, "j": 0.014740846409890632, "i": 0.10413694721825963, "k": 0.017118402282453638, "ɡ": 0.016167379933428434, "ɛː": 0.011887779362815026, "iː": 0.03946742748454589, "aː": 0.019971469329529243, "uː": 0.015691868758915834, "ɟ": 0.02710413694721826, "c": 0.03471231573941987, "n": 0.021873514027579647, "l": 0.024726581074655255, "a": 0.10413694721825963, "ts": 0.005230622919638612, "s": 0.025202092249167855, "z": 0.021873514027579647, "ia": 0.019020446980504042, "iɛ": 0.011412268188302425, "x": 0.014740846409890632, "ʒ": 0.008559201141226819, "ʃ": 0.008559201141226819, "ɲ": 0.0028530670470756064, "ɦ": 0.007608178792201617, "v": 0.015216357584403234, "dz": 0.0033285782215882074, "b": 0.009510223490252021, "p": 0.009510223490252021, "f": 0.00903471231573942, "iu": 0.0033285782215882074, "ʎ": 0.0023775558725630053}