{"m": 0.0420982292014701, "l": 0.0420982292014701, "ɟ": 0.041029067824924825, "c": 0.041029067824924825, "iɛ": 0.01964584029401938, "ɔ": 0.06401603742064818, "i": 0.12054794520547946, "ɛ": 0.09381891079184765, "u": 0.06889408620113599, "a": 0.09609087871700635, "iː": 0.04136318075509522, "j": 0.017440694954894753, "r": 0.015770130304042767, "t": 0.0273972602739726, "d": 0.0273972602739726, "tʃ": 0.0026729034413631807, "dʒ": 0.0026729034413631807, "s": 0.012161710658202473, "z": 0.012161710658202473, "v": 0.02104911460073505, "f": 0.02104911460073505, "k": 0.015502839959906449, "ɡ": 0.015502839959906449, "ɛː": 0.017106582024724357, "ʃ": 0.005145339124624123, "ʒ": 0.005145339124624123, "x": 0.017641162712996993, "aː": 0.01383227530905446, "uː": 0.007818242565987303, "n": 0.013097226862679586, "ia": 0.024189776144336785, "ts": 0.0034079518877380556, "dz": 0.0034079518877380556, "ɲ": 0.0021383227530905446, "ɦ": 0.003341129301703976, "p": 0.006749081189442031, "b": 0.006749081189442031, "iu": 0.005479452054794521, "ʎ": 0.003341129301703976}