{"s": 0.04004054738976178, "ɔ": 0.07640648758236189, "m": 0.032564622402432845, "z": 0.04067410035478966, "a": 0.07704004054738976, "k": 0.0240750126710593, "ɡ": 0.01583882412569691, "u": 0.03345159655347187, "ɛ": 0.07754688291941206, "r": 0.03725291434363913, "l": 0.03243791180942727, "p": 0.03129751647237709, "b": 0.029523568170299035, "t": 0.06373542828180435, "d": 0.06563608717688799, "tʃ": 0.006462240243284338, "dʒ": 0.0003801317790167258, "j": 0.009883426254434871, "i": 0.06056766345666498, "ɛː": 0.004688291941206285, "iː": 0.018119614799797262, "aː": 0.01875316776482514, "uː": 0.010643689812468323, "ɟ": 0.00722250380131779, "c": 0.009503294475418145, "n": 0.034718702483527625, "ɦ": 0.011150532184490624, "v": 0.03129751647237709, "ʃ": 0.014064875823618855, "ʒ": 0.013811454637607704, "ia": 0.006842372022301064, "ts": 0.010770400405473897, "ʎ": 0.0036746071971616827, "f": 0.016979219462747084, "ʊɔ": 0.002280790674100355, "iɛ": 0.015712113532691332, "dz": 0.002280790674100355, "x": 0.008996452103395844, "ɲ": 0.0017739483020780538, "iu": 0.0008869741510390269, "ɔː": 0.0010136847440446021}