{"s": 0.10039919454551878, "z": 0.10725262302610662, "a": 0.01808739887660296, "p": 0.10905429752358074, "b": 0.10414385134419048, "t": 0.06411841593952027, "d": 0.06676793725933515, "tʃ": 0.012081817218355884, "k": 0.02267990249761543, "ɡ": 0.018475995336842476, "l": 0.008301833468753312, "j": 0.009644257604126188, "r": 0.03748189493764793, "v": 0.05581658247076695, "ɛ": 0.0023315787614371004, "f": 0.026671847952803193, "n": 0.042427668067969056, "ʎ": 0.004345214964496414, "m": 0.029603984880065, "i": 0.012788356236973187, "ʒ": 0.015049281096548557, "ʃ": 0.014696011587239906, "ts": 0.006747447627795245, "ɦ": 0.013247606599074434, "u": 0.009962200162503975, "ɟ": 0.001801674497474123, "c": 0.001801674497474123, "x": 0.003921291553326032, "uː": 0.013459568304659626, "ɔ": 0.06652064860281909, "ɲ": 7.065390186173032e-05, "iː": 0.00010598085279259548, "aː": 0.00010598085279259548, "ɛː": 3.532695093086516e-05}