{"m": 0.04041403186490974, "l": 0.04680820998339633, "i": 0.126541138234359, "c": 0.05482742784470272, "iɛ": 0.016250397428197973, "ɔ": 0.04977567386158901, "ɛ": 0.10439114000070654, "u": 0.068640265658671, "ɟ": 0.04730278729642844, "a": 0.110820645070124, "iː": 0.0304165047514749, "j": 0.022997845055993216, "r": 0.014024799519553467, "t": 0.025082135160914263, "d": 0.02518811601370686, "v": 0.024905500406259936, "f": 0.019076553502667185, "ia": 0.024516903946020418, "x": 0.01589712791888932, "tʃ": 0.007383332744550818, "dʒ": 0.00010598085279259548, "s": 0.009361641996679267, "ɛː": 0.015791147066096724, "aː": 0.010810046984844737, "k": 0.017204225103331333, "ɡ": 0.01466068463630904, "ʒ": 0.0027908291235383474, "ʃ": 0.0027908291235383474, "uː": 0.007312678842689087, "z": 0.00897304553643975, "n": 0.013989472568622601, "ts": 0.0021902709577136395, "ʎ": 0.002755502172607482, "ɲ": 0.002225597908644505, "ɦ": 0.001342424135372876, "b": 0.006076235560108807, "p": 0.003108771681916134, "dz": 0.0008831737732716289, "iu": 0.0023669057123679657}