{"s": 0.0404646577221484, "ɔ": 0.08645891379827682, "m": 0.03836426764970637, "a": 0.09181705173817994, "k": 0.037592695786360326, "ɛ": 0.07750010716275879, "l": 0.0385785931673025, "p": 0.029962707359938275, "r": 0.049766385185820224, "b": 0.0185177247203052, "i": 0.0768142655064512, "t": 0.04710874876762827, "tʃ": 0.010673410776287025, "ː": 0.052766942432165974, "n": 0.050495091945647046, "u": 0.034935059368168375, "ɟ": 0.0018860645548459, "j": 0.0162887393373055, "ɦ": 0.01414548416134425, "ts": 0.01243088002057525, "v": 0.04226499206995585, "ʃ": 0.011016331604440825, "d": 0.03810707702859102, "c": 0.009001671739037249, "ia": 0.007844313944018175, "ʎ": 0.005186677525826225, "z": 0.017874748167516826, "ʊɔ": 0.002957692142826525, "ʒ": 0.009387457670710276, "ɡ": 0.0022289853829997, "dz": 0.0006858416563076, "x": 0.009687513395344849, "iɛ": 0.012130824295940675, "ɲ": 0.0015431437266921, "f": 0.002529041107634275, "rː": 0.000128595310557675, "iu": 0.00077157186334605, "dʒ": 4.2865103519225e-05, "lː": 4.2865103519225e-05}