{"m": 0.06577974870657798, "ɔ": 0.06405518600640552, "ɛ": 0.10815471791081548, "i": 0.13229859571322986, "k": 0.021926582902192657, "u": 0.0679970436067997, "ː": 0.09263365360926337, "ɟ": 0.003941857600394186, "n": 0.01798472530179847, "a": 0.10889381621088938, "t": 0.017738359201773836, "l": 0.04212860310421286, "d": 0.015028332101502834, "c": 0.043853165804385315, "ts": 0.006898250800689825, "s": 0.013303769401330377, "j": 0.023651145602365115, "z": 0.005173688100517369, "v": 0.02044838630204484, "ɡ": 0.0017245627001724563, "ia": 0.022665681202266568, "x": 0.02389751170238975, "ʒ": 0.0034491254003449125, "ɲ": 0.003695491500369549, "ʃ": 0.005912786400591279, "ɦ": 0.004680955900468096, "tʃ": 0.003202759300320276, "r": 0.019216555801921657, "f": 0.001231830500123183, "iɛ": 0.022172949002217297, "ʎ": 0.004434589800443459, "b": 0.003695491500369549, "p": 0.003941857600394186, "iu": 0.004188223700418822}