{"s": 0.09189455530918945, "a": 0.023158413402315843, "p": 0.11948755851194875, "t": 0.052229613205222965, "tʃ": 0.01823109140182311, "k": 0.05321507760532151, "l": 0.012071938901207195, "j": 0.018477457501847747, "r": 0.03867947770386795, "v": 0.08943089430894309, "b": 0.031534860803153486, "m": 0.07144616900714462, "ɛ": 0.007144616900714462, "n": 0.07292436560729244, "ʎ": 0.005420054200542005, "d": 0.06282335550628233, "i": 0.01798472530179847, "ʒ": 0.010593742301059375, "ts": 0.01453559990145356, "ɦ": 0.026114806602611482, "u": 0.024882976102488297, "ɟ": 0.004434589800443459, "x": 0.011579206701157922, "ʃ": 0.01379650160137965, "ɔ": 0.04286770140428677, "ɲ": 0.0004927322000492732, "z": 0.04976595220497659, "f": 0.010593742301059375, "c": 0.0009854644000985464, "ɡ": 0.003202759300320276}