{"i": 0.20654205607476636, "a": 0.32149532710280376, "u": 0.16355140186915887, "o": 0.1308411214953271, "e": 0.10747663551401869, "aː": 0.03364485981308411, "ŋ": 0.001869158878504673, "eː": 0.005607476635514018, "uː": 0.013084112149532711, "l": 0.004672897196261682, "oː": 0.0065420560747663555, "ʔ": 0.002803738317757009, "iː": 0.0009345794392523365, "s": 0.0009345794392523365}