{"m": 0.0919283554314957, "o": 0.018143754361479414, "l": 0.09658060013956735, "a": 0.16762037683182135, "t": 0.1555710630379158, "ʔ": 0.0458246103745057, "f": 0.12505233775296581, "v": 0.12495929285880437, "n": 0.011723656664340545, "i": 0.011677134217259829, "p": 0.028425215166317748, "u": 0.026145615259362643, "s": 0.0698767155152361, "ŋ": 0.02079553384508025, "e": 0.005396603861363107, "oː": 4.652244708071645e-05, "aː": 0.00023261223540358222}