{"m": 0.07383177570093458, "o": 0.038317757009345796, "l": 0.10373831775700934, "a": 0.11682242990654206, "t": 0.12149532710280374, "ʔ": 0.0514018691588785, "f": 0.09345794392523364, "v": 0.09345794392523364, "n": 0.025233644859813085, "i": 0.048598130841121495, "p": 0.08037383177570094, "u": 0.03457943925233645, "s": 0.07850467289719626, "ŋ": 0.019626168224299065, "e": 0.01588785046728972, "oː": 0.0009345794392523365, "aː": 0.003738317757009346}