{"i": 0.2220051174691789, "e": 0.09499883693882298, "a": 0.3945103512444755, "u": 0.14026517794836008, "o": 0.11104908118167016, "aː": 0.015817632007443592, "iː": 0.0016282856478250756, "ʔ": 0.010234938357757618, "uː": 0.004466154919748779, "eː": 0.0016282856478250756, "ŋ": 9.30448941614329e-05, "oː": 0.0018608978832286578, "l": 0.00023261223540358222, "s": 0.0011165387299371947, "t": 9.30448941614329e-05}