{"m": 0.032443224357374595, "a": 0.20189668080858497, "i": 0.1115547791365111, "o": 0.09109059146493637, "n": 0.027701522335912155, "l": 0.06538557524332418, "e": 0.06788120788619915, "t": 0.060144746693286746, "u": 0.0960818567506863, "v": 0.04591964062889942, "f": 0.046169203893186926, "aː": 0.013476416271524832, "ŋ": 0.021212877464437233, "ʔ": 0.03818317943598702, "eː": 0.0014973795857249812, "s": 0.0399301222859995, "p": 0.032443224357374595, "uː": 0.004492138757174944, "oː": 0.001996506114299975, "iː": 0.0004991265285749938}