{"m": 0.03193280601456653, "a": 0.3203983606129428, "i": 0.08185840707964602, "l": 0.08136894040253739, "e": 0.0433471689247396, "u": 0.07455556425718537, "ŋ": 0.029165687733312448, "f": 0.05874905369775759, "v": 0.05875557992011904, "o": 0.0548724776150573, "s": 0.022508940924635183, "aː": 0.0036351058553267027, "iː": 0.00024799644973503535, "n": 0.022012948025165114, "t": 0.07308063800349805, "ʔ": 0.031423760670373564, "p": 0.010722583339859556, "uː": 0.0008484089069882789, "eː": 0.00022841778265069048, "oː": 0.00028715378390372514}