{"m": 0.03763714642840609, "a": 0.25855284477570484, "i": 0.10258784315540947, "o": 0.07522799870376372, "n": 0.03143372991991111, "l": 0.06948752372575344, "e": 0.058284338688023705, "t": 0.07499652793852137, "u": 0.09036618675061339, "v": 0.015415952965140502, "ŋ": 0.029257904726633026, "ʔ": 0.034211379102819316, "f": 0.04814591917040878, "ː": 0.011203185037729735, "s": 0.038331558724133144, "p": 0.02485996018702838}