{"i": 0.1998428496595076, "a": 0.41671031953902565, "u": 0.13907805133577789, "ː": 0.03614457831325301, "e": 0.10057621791513882, "o": 0.10319539025667888, "ʔ": 0.0018334206390780514, "ŋ": 0.0005238344683080147, "l": 0.0010476689366160294, "t": 0.00026191723415400735, "s": 0.000785751702462022}