{"m": 0.11157674174960712, "o": 0.022524882137244632, "l": 0.08590885280251441, "a": 0.10529072812991094, "t": 0.19093766369827134, "ʔ": 0.03169198533263489, "f": 0.15924567836563647, "n": 0.01964379256155055, "i": 0.03404924044002095, "p": 0.06626506024096386, "u": 0.024882137244630696, "s": 0.09009952854897853, "ŋ": 0.015191199580932426, "v": 0.03247773703509691, "e": 0.010214772132006287}