{"ɾ": 0.07205052148119798, "ə": 0.1034669728574618, "i": 0.08978407169967786, "a": 0.08130003508436194, "t": 0.11029247599910694, "d": 0.10681593467929704, "n": 0.10895289127037285, "e": 0.1227314770516378, "j": 0.0135234267853156, "s": 0.04739578349759194, "z": 0.04643893726278187, "m": 0.017797339967467227, "k": 0.01298121391892323, "ɡ": 0.01298121391892323, "tʃ": 0.00031894874493668867, "dʒ": 0.00025515899594935094, "c": 0.0013714796032277612, "ʃ": 0.00899435460721462, "ɟ": 0.0011163206072784104, "h": 0.0005741077408860396, "p": 0.0013076898542404235, "b": 0.0012757949797467547, "ua": 0.005804867157847734, "o": 0.005900551781328741, "u": 0.005996236404809747, "y": 0.0018817975951264632, "ʒ": 0.0021050617165821453, "ts": 0.0007654769878480528, "dz": 0.0007654769878480528, "ɫ": 0.0030300130768985425, "l": 0.005900551781328741, "θ": 0.0008930564858227283, "ð": 0.0008292667368353906, "ie": 0.00025515899594935094, "r": 0.0007654769878480528, "v": 0.0015947437246834433, "f": 0.0015947437246834433, "ɲ": 6.378974898733774e-05, "ye": 0.00012757949797467547}