{"ɾ": 0.07462577583059511, "ə": 0.10668127053669223, "i": 0.09974443227455276, "a": 0.09266155531215772, "t": 0.09748083242059145, "d": 0.09748083242059145, "j": 0.013946695874406717, "tʃ": 0.0007301935012778386, "dʒ": 0.0007301935012778386, "s": 0.038700255567725446, "z": 0.038700255567725446, "n": 0.09726177437020811, "e": 0.1113545089448704, "ɟ": 0.003139832055494706, "c": 0.003139832055494706, "m": 0.024242424242424242, "p": 0.0036509675063891934, "b": 0.0036509675063891934, "ua": 0.007667031763417305, "ɡ": 0.011683096020445418, "k": 0.011683096020445418, "o": 0.008762322015334063, "u": 0.011025921869295362, "ʃ": 0.007228915662650603, "ʒ": 0.007228915662650603, "l": 0.009346476816356334, "ð": 0.0018985031033223803, "θ": 0.0018985031033223803, "ie": 0.0006571741511500548, "h": 0.0013143483023001095, "r": 0.0013143483023001095, "ɲ": 0.0002190580503833516, "ɫ": 0.003358890105878058, "ye": 0.0005841548010222709, "y": 0.001095290251916758, "v": 0.002044541803577948, "f": 0.002044541803577948, "ts": 0.000511135450894487, "dz": 0.000511135450894487}