{"p": 0.06893026652062796, "b": 0.06893026652062796, "n": 0.03366192040890836, "ə": 0.0022635998539613, "e": 0.01438481197517342, "t": 0.058415480102227094, "d": 0.058415480102227094, "i": 0.015918218327856882, "j": 0.013070463672873312, "ʃ": 0.04738955823293173, "ʒ": 0.04738955823293173, "ɡ": 0.056955093099671415, "k": 0.056955093099671415, "m": 0.051697699890470974, "v": 0.06557137641474992, "f": 0.06557137641474992, "s": 0.03315078495801387, "z": 0.03315078495801387, "o": 0.0037970062066447607, "a": 0.045637093829864916, "ɟ": 0.022416940489229646, "c": 0.022416940489229646, "ts": 0.00642570281124498, "dz": 0.00642570281124498, "r": 0.010149689667761957, "tʃ": 0.0030668127053669223, "dʒ": 0.0030668127053669223, "ɲ": 0.00547645125958379, "h": 0.008616283315078495, "ð": 0.008470244614822929, "θ": 0.008470244614822929, "l": 0.026213946695874405, "u": 0.007667031763417305, "ɾ": 0.018546914932457102, "ɫ": 0.0008032128514056225, "y": 0.0003650967506389193, "ue": 0.00014603870025556772}