{"p": 0.06556556556556556, "b": 0.06606606606606606, "n": 0.02952952952952953, "ə": 0.0035035035035035035, "e": 0.023023023023023025, "t": 0.06906906906906907, "d": 0.07007007007007007, "i": 0.021521521521521522, "j": 0.021521521521521522, "ʃ": 0.028528528528528527, "k": 0.06056056056056056, "ɡ": 0.05755755755755756, "m": 0.045545545545545546, "v": 0.052552552552552555, "f": 0.05405405405405406, "s": 0.03853853853853854, "z": 0.03203203203203203, "o": 0.005005005005005005, "a": 0.05005005005005005, "ɟ": 0.02952952952952953, "c": 0.03053053053053053, "ts": 0.0065065065065065065, "dz": 0.007007007007007007, "r": 0.013013013013013013, "tʃ": 0.006006006006006006, "ɲ": 0.004004004004004004, "h": 0.013513513513513514, "θ": 0.016016016016016016, "ð": 0.015015015015015015, "l": 0.025025025025025027, "ʒ": 0.0065065065065065065, "u": 0.00950950950950951, "ɾ": 0.01701701701701702, "ɫ": 0.0015015015015015015, "y": 0.0025025025025025025, "dʒ": 0.002002002002002002, "ue": 0.0005005005005005005}