{"p": 0.019766702014846236, "ə": 0.06574761399787911, "ɾ": 0.08341227760103688, "b": 0.019856250736420406, "i": 0.09441263108283257, "a": 0.06850477200424178, "t": 0.08121126428655591, "o": 0.03641805113703311, "u": 0.028938376340285142, "d": 0.07703075291622481, "e": 0.1004123954283021, "n": 0.0570472487333569, "j": 0.025507246376811593, "s": 0.0298715682809002, "z": 0.025021798044067397, "m": 0.025304583480617416, "k": 0.026558265582655827, "ɡ": 0.023782255213856487, "ua": 0.006084599976434547, "f": 0.016684340756451043, "ʃ": 0.016151761517615177, "tʃ": 0.000848356309650053, "dʒ": 0.0005797101449275362, "v": 0.0165193825851302, "ɫ": 0.0030163779898668554, "h": 0.004920466595970308, "ð": 0.003072935077176859, "θ": 0.0032190408860610347, "c": 0.006810415930246259, "ɟ": 0.006579474490397078, "ie": 0.00015553199010250973, "ye": 0.0003063508895958525, "ts": 0.0015553199010250973, "l": 0.014002592199835042, "dz": 0.001201838105337575, "ʒ": 0.002794862731236008, "y": 0.00255920820077766, "ɲ": 0.001230116648992577, "ue": 0.000367621067515023, "r": 0.002535642747731825}