{"ɾ": 0.028528528528528527, "ə": 0.15715715715715717, "i": 0.11611611611611612, "a": 0.12512512512512514, "e": 0.11711711711711711, "k": 0.022022022022022022, "ɡ": 0.022022022022022022, "j": 0.016516516516516516, "n": 0.04054054054054054, "m": 0.018518518518518517, "t": 0.06256256256256257, "d": 0.059559559559559556, "o": 0.024024024024024024, "u": 0.03053053053053053, "s": 0.011511511511511512, "z": 0.010510510510510511, "ʃ": 0.013513513513513514, "θ": 0.01001001001001001, "ð": 0.009009009009009009, "ie": 0.0025025025025025025, "p": 0.014514514514514515, "b": 0.014014014014014014, "h": 0.006006006006006006, "r": 0.002002002002002002, "tʃ": 0.003003003003003003, "dʒ": 0.002002002002002002, "ye": 0.002002002002002002, "ua": 0.006006006006006006, "y": 0.0035035035035035035, "ʒ": 0.007007007007007007, "c": 0.00950950950950951, "ɟ": 0.0075075075075075074, "ɫ": 0.0055055055055055055, "l": 0.0075075075075075074, "ɲ": 0.0005005005005005005, "v": 0.004004004004004004, "f": 0.004004004004004004, "ts": 0.002002002002002002, "dz": 0.002002002002002002}