{"p": 0.02555276049251953, "ə": 0.05785780484575665, "ɾ": 0.05415066860849994, "b": 0.02555276049251953, "i": 0.07626108830928108, "a": 0.09996028068317225, "n": 0.0403813054415464, "ɡ": 0.028730305838739572, "k": 0.031113464848404607, "ʃ": 0.01787369257248775, "t": 0.058652191182311665, "d": 0.057593009400238315, "e": 0.09559115583211969, "ð": 0.009267840593141797, "θ": 0.010194624652455977, "u": 0.03442340791738382, "j": 0.02634714682907454, "m": 0.025155567324242022, "o": 0.04382364623328479, "y": 0.006487488415199258, "s": 0.024228783264927844, "z": 0.01999205613663445, "v": 0.01734410168145108, "f": 0.017608897126969416, "ɟ": 0.013769363166953529, "c": 0.01456374950350854, "ts": 0.0026479544551833707, "l": 0.01787369257248775, "dz": 0.0026479544551833707, "ie": 0.0014563749503508539, "r": 0.0068846815834767644, "h": 0.007149477028995101, "tʃ": 0.0030451476234608765, "ɲ": 0.001985965841387528, "ʒ": 0.00542830663312591, "dʒ": 0.0015887726731100226, "ye": 0.0021183635641466966, "ɫ": 0.006222692969680922, "ua": 0.00820865881106845, "ue": 0.0002647954455183371}