{"p": 0.08551015851752623, "b": 0.08547826364303257, "n": 0.03600931330335215, "ə": 0.0025196950849998407, "e": 0.01320447804037891, "t": 0.05776161770803432, "d": 0.05788919720600899, "i": 0.013013108793416897, "j": 0.009727936720569005, "ʃ": 0.03613689280132683, "k": 0.0612700539023379, "ɡ": 0.06075973591043919, "m": 0.06082352565942653, "v": 0.06793608267151469, "f": 0.07013682901157783, "s": 0.03996427774056709, "z": 0.029183810161707013, "o": 0.003636015692278251, "a": 0.047810416866009633, "ɟ": 0.02254967626702389, "c": 0.022709150639492234, "ts": 0.00395496443721494, "dz": 0.003923069562721271, "r": 0.009121934105189296, "tʃ": 0.002424010461518834, "ɲ": 0.004911810672025006, "h": 0.008611616113290595, "θ": 0.006697923643670462, "ð": 0.006634133894683125, "l": 0.027780435683985583, "ʒ": 0.01154594456670813, "u": 0.0067617133926578, "ɾ": 0.021816094153669505, "ɫ": 0.0003508436194303575, "dʒ": 0.0012439001052530858, "y": 0.00015947437246834433, "ue": 3.189487449366887e-05}