{"ɾ": 0.08743430482560917, "a": 0.10057333970377448, "ə": 0.1206402293358815, "e": 0.14429049211657907, "k": 0.01409460105112279, "j": 0.016244624940277116, "d": 0.005016722408026756, "n": 0.12494027711419016, "s": 0.04706163401815576, "i": 0.09794553272814142, "m": 0.026516961299569996, "t": 0.13760152890587674, "o": 0.009316770186335404, "θ": 0.0016722408026755853, "ð": 0.002150023889154324, "u": 0.011944577161968466, "tʃ": 0.0016722408026755853, "l": 0.009794553272814142, "y": 0.001433349259436216, "ʃ": 0.007883420926899188, "r": 0.0011944577161968467, "z": 0.0019111323459149545, "p": 0.004061156235069279, "ye": 0.000716674629718108, "ɫ": 0.003822264691829909, "c": 0.0033444816053511705, "ɡ": 0.0026278069756330625, "ɲ": 0.00047778308647873863, "b": 0.001433349259436216, "ɟ": 0.0009555661729574773, "ua": 0.004300047778308648, "h": 0.0026278069756330625, "dz": 0.00023889154323936931, "ie": 0.0011944577161968467, "f": 0.0011944577161968467, "v": 0.0011944577161968467, "ts": 0.00047778308647873863}