{"p": 0.09698996655518395, "n": 0.047539417104634496, "ə": 0.0011944577161968467, "e": 0.016244624940277116, "t": 0.045389393215480175, "i": 0.014572384137601528, "j": 0.019111323459149548, "ʃ": 0.058767319636884856, "d": 0.051839464882943144, "k": 0.08313425704730053, "m": 0.08146201624462494, "v": 0.055661729574773056, "s": 0.041328236980410896, "o": 0.007883420926899188, "a": 0.0482560917343526, "ɟ": 0.023650262780697564, "ts": 0.007644529383659818, "c": 0.019111323459149548, "r": 0.013616817964644052, "f": 0.055661729574773056, "b": 0.04730052556139513, "tʃ": 0.006688963210702341, "ɲ": 0.01098901098901099, "h": 0.015289058767319636, "θ": 0.009316770186335404, "l": 0.04228380315336837, "ð": 0.004300047778308648, "u": 0.01075011944577162, "ɾ": 0.02150023889154324, "z": 0.018633540372670808, "ɫ": 0.0016722408026755853, "ɡ": 0.015050167224080268, "ʒ": 0.00358337314859054, "y": 0.0009555661729574773, "dz": 0.001433349259436216, "dʒ": 0.0009555661729574773, "ue": 0.00023889154323936931}