{"k": 0.07598299681190224, "ɡ": 0.07598299681190224, "m": 0.07120085015940489, "j": 0.01647183846971307, "h": 0.04144527098831031, "w": 0.035600425079702444, "p": 0.048884165781083955, "b": 0.048884165781083955, "n": 0.022848034006376194, "v": 0.030818278427205102, "f": 0.030818278427205102, "s": 0.04675876726886291, "z": 0.04622741764080765, "l": 0.03028692879914984, "dʒ": 0.04250797024442083, "tʃ": 0.04250797024442083, "i": 0.012752391073326248, "ɑ": 0.03028692879914984, "ⁿd": 0.015409139213602551, "ɲ": 0.01700318809776833, "ᵐb": 0.01381509032943677, "t": 0.048884165781083955, "d": 0.049415515409139216, "ɛ": 0.004782146652497344, "ⁿdʒ": 0.003188097768331562, "u": 0.036663124335812966, "r": 0.015940488841657812, "ð": 0.004782146652497344, "θ": 0.004782146652497344, "ᵑɡ": 0.009564293304994687, "ʃ": 0.010626992561105207, "ⁿz": 0.003188097768331562, "ᶬv": 0.002656748140276302, "ɣ": 0.0021253985122210413, "x": 0.001594048884165781, "ɔ": 0.004250797024442083, "ŋ": 0.0010626992561105207}