{"k": 0.12824143729533588, "ɡ": 0.12809393161636723, "m": 0.13251910198542644, "j": 0.00684426350414491, "h": 0.041124583296456914, "w": 0.05195150013275511, "p": 0.02203734843791486, "b": 0.02203734843791486, "n": 0.021476826857834027, "v": 0.022214355252677228, "f": 0.022302858660058412, "s": 0.03652240611263534, "z": 0.035194855001917574, "l": 0.012655987255509336, "t": 0.03307077322476915, "d": 0.03304127208897543, "dʒ": 0.018762722364811045, "tʃ": 0.018762722364811045, "i": 0.030150160781190077, "ɑ": 0.0590907749948373, "ⁿd": 0.0016225624686550433, "ɲ": 0.005133197628108682, "ᵐb": 0.0012685488391303065, "ɛ": 0.001416054518098947, "ⁿdʒ": 0.0002065079505560964, "u": 0.08528778357966782, "r": 0.011770953181697495, "ð": 0.0022715874561170606, "θ": 0.0021830840487358765, "ᵑɡ": 0.0006490249874620173, "ʃ": 0.0063722453314452605, "ⁿz": 0.00017700681476236836, "ɔ": 0.0032451249373100866, "ɣ": 0.00106204088857421, "x": 0.000973537481193026, "ᶬv": 0.0002065079505560964, "ŋ": 5.900227158745612e-05}