{"k": 0.05166039271970355, "w": 0.02462576640773521, "ɑ": 0.22399879137342785, "ɡ": 0.05128269691590393, "ᵐb": 0.003491587875125374, "ɔ": 0.03541107991623546, "ⁿz": 0.0008645037286969075, "n": 0.02357661139718071, "i": 0.14208496476937474, "ɛ": 0.025846982840020648, "ɲ": 0.0021067032611934346, "ⁿdʒ": 0.00042385862426401775, "l": 0.022858989369961433, "u": 0.09056306051106439, "b": 0.020257084943786273, "p": 0.020735499628599125, "ᵑɡ": 0.006055722720920571, "j": 0.003378279133985488, "h": 0.01159106455660611, "ⁿd": 0.0038231208584605957, "s": 0.02617012258327143, "z": 0.025116770952674717, "t": 0.0389404373717408, "d": 0.03806334378291724, "r": 0.01747892247583796, "ʃ": 0.0041168842614158555, "v": 0.01190581105977246, "f": 0.012199574462727718, "m": 0.03764787839873766, "dʒ": 0.010344668404067364, "tʃ": 0.01043699404499616, "ð": 0.0012799691128764893, "θ": 0.0012505927725809632, "ɣ": 0.0001930445219420279, "ᶬv": 4.6162820464397976e-05, "x": 0.0001636681816465019, "ŋ": 8.393240084435995e-06}