{"ɑ": 0.39558072985809956, "ɔ": 0.14564710741363543, "i": 0.3016196123550757, "ɛ": 0.0574092102545948, "u": 0.09573118565064755, "m": 0.002006077233973508, "n": 0.0012095465675428503, "r": 0.0002065079505560964, "s": 0.0001475056789686403, "z": 0.0001475056789686403, "t": 0.00011800454317491224, "d": 0.00011800454317491224, "ʃ": 2.950113579372806e-05, "x": 2.950113579372806e-05}