{"ɑ": 0.3368756641870351, "ɔ": 0.18331562167906482, "i": 0.2385759829968119, "u": 0.1206163655685441, "ɛ": 0.10892667375132838, "s": 0.001594048884165781, "z": 0.001594048884165781, "r": 0.0010626992561105207, "t": 0.0010626992561105207, "d": 0.0010626992561105207, "n": 0.003188097768331562, "m": 0.0010626992561105207, "ʃ": 0.0005313496280552603, "x": 0.0005313496280552603}