{"k": 0.03774356179315983, "w": 0.015669709769723397, "ɑ": 0.17495571603760732, "ɡ": 0.03774356179315983, "ɔ": 0.07616841531543807, "t": 0.029159286006267885, "i": 0.12903665349502658, "d": 0.029159286006267885, "m": 0.031884452922741516, "u": 0.0812099741109143, "ɛ": 0.05668347186265159, "j": 0.009810600899305083, "h": 0.012399509469955034, "p": 0.024390243902439025, "b": 0.024253985556615343, "n": 0.021392560294318026, "tʃ": 0.018803651723668074, "v": 0.014988418040604986, "f": 0.015124676386428669, "s": 0.025207793977381116, "z": 0.02479901893991007, "dʒ": 0.01853113503202071, "l": 0.021937593677612752, "ᵑɡ": 0.010219375936776128, "ᵐb": 0.012263251124131354, "r": 0.013762092928191852, "ⁿd": 0.008993050824362992, "ɲ": 0.00722169232865513, "ⁿdʒ": 0.0012263251124131353, "ɣ": 0.0006812917291184085, "ð": 0.0028614252622973157, "θ": 0.002725166916473634, "ʃ": 0.005450333832947268, "ⁿz": 0.0017713584957078621, "ᶬv": 0.0009538084207657719, "x": 0.0005450333832947268, "ŋ": 0.0002725166916473634}