{"k": 0.17790563866513234, "m": 0.1905638665132336, "j": 0.011967779056386652, "h": 0.0524741081703107, "w": 0.06973532796317607, "p": 0.018872266973532795, "n": 0.024395857307249712, "v": 0.026927502876869965, "s": 0.03590333716915996, "z": 0.012428078250863062, "l": 0.015650172612197928, "t": 0.03222094361334868, "dʒ": 0.02278481012658228, "i": 0.026697353279631762, "b": 0.02991944764096663, "ɑ": 0.057307249712313005, "ⁿd": 0.006904487917146145, "ɲ": 0.009896432681242807, "ᵐb": 0.006904487917146145, "tʃ": 0.012658227848101266, "ɛ": 0.0048331415420023015, "ⁿdʒ": 0.0020713463751438435, "u": 0.0810126582278481, "r": 0.014269275028768699, "d": 0.011967779056386652, "ð": 0.0034522439585730723, "ᵑɡ": 0.003682393555811277, "ʃ": 0.010586881472957423, "f": 0.009436133486766397, "ɡ": 0.005523590333716916, "ⁿz": 0.0009205983889528193, "ɔ": 0.0048331415420023015, "ɣ": 0.0018411967779056386, "ᶬv": 0.0011507479861910242, "θ": 0.0011507479861910242, "ŋ": 0.00046029919447640965, "x": 0.0006904487917146145}