{"m": 0.04350490196078431, "o": 0.00428921568627451, "j": 0.007965686274509803, "k": 0.08394607843137254, "ɡ": 0.08394607843137254, "i": 0.025735294117647058, "l": 0.034926470588235295, "a": 0.04779411764705882, "u": 0.018995098039215685, "t̪": 0.04718137254901961, "d̪": 0.04718137254901961, "tʃ": 0.05024509803921569, "dʒ": 0.05024509803921569, "w": 0.05330882352941176, "aː": 0.018995098039215685, "p": 0.08394607843137254, "b": 0.08088235294117647, "n": 0.0392156862745098, "bʱ": 0.011642156862745098, "pʰ": 0.011642156862745098, "s": 0.028799019607843136, "r": 0.03982843137254902, "ʃ": 0.00428921568627451, "e": 0.009191176470588236, "eː": 0.011642156862745098, "iː": 0.0024509803921568627, "ɖ": 0.014705882352941176, "ʈ": 0.014705882352941176, "ɖʱ": 0.0006127450980392157, "d̪ʱ": 0.0012254901960784314, "t̪ʰ": 0.0012254901960784314, "uː": 0.0012254901960784314, "kʰ": 0.001838235294117647, "ɡʱ": 0.001838235294117647, "oː": 0.007352941176470588, "h": 0.011029411764705883, "ʂ": 0.0024509803921568627}