{"m": 0.044825027822431064, "o": 0.017930011128972426, "j": 0.012180042042784717, "k": 0.06238407320390751, "ɡ": 0.06133300358600222, "i": 0.042599233337455175, "l": 0.011067144800296773, "a": 0.06590824780511932, "n": 0.03919871398540868, "u": 0.019228391245208358, "t̪": 0.04173364659329788, "d̪": 0.04173364659329788, "tʃ": 0.04742178805490293, "dʒ": 0.0479782366761469, "r": 0.02677136144429331, "w": 0.06998887102757512, "aː": 0.02429825646098677, "p": 0.08680598491405961, "b": 0.08581674292073699, "e": 0.012921973537776679, "bʱ": 0.011932731544454062, "pʰ": 0.012551007790280698, "s": 0.06671200692469395, "eː": 0.005564486212439718, "ʃ": 0.00717200445158897, "iː": 0.00210213923581056, "h": 0.004698899468282429, "ɖ": 0.0071101768270063065, "ʈ": 0.0071101768270063065, "ɖʱ": 6.182762458266353e-05, "d̪ʱ": 0.0030295536045505133, "t̪ʰ": 0.0028440707308025224, "uː": 0.0006801038704092988, "kʰ": 0.0016693458637319154, "ɡʱ": 0.0014838629899839248, "oː": 0.0016075182391492519, "ʂ": 0.0014838629899839248, "tʃʰ": 6.182762458266353e-05}