{"u": 0.18792505204718946, "uː": 0.010409437890353921, "i": 0.1671061762664816, "eː": 0.04233171408743928, "aː": 0.07383761276891047, "iː": 0.02748091603053435, "a": 0.23830673143650244, "oː": 0.030534351145038167, "ɖ": 0.016516308119361556, "ʈ": 0.016516308119361556, "l": 0.01943095072866065, "n": 0.02498265093684941, "m": 0.06412213740458016, "r": 0.0183206106870229, "k": 0.009576682859125607, "ɡ": 0.009576682859125607, "j": 0.005135322692574601, "p": 0.004163775156141568, "b": 0.004163775156141568, "e": 0.0030534351145038168, "s": 0.012907702984038863, "ʃ": 0.0005551700208188758, "d̪": 0.0019430950728660653, "t̪": 0.0019430950728660653, "w": 0.0013879250520471894, "ʂ": 0.002359472588480222, "tʃ": 0.0022206800832755033, "dʒ": 0.0022206800832755033, "bʱ": 0.00041637751561415684, "pʰ": 0.00041637751561415684, "h": 0.00013879250520471896}