{"m": 0.03194888178913738, "a": 0.13035143769968052, "r": 0.04073482428115016, "i": 0.07220447284345048, "oː": 0.025399361022364217, "iː": 0.023003194888178913, "eː": 0.03642172523961661, "o": 0.00926517571884984, "k": 0.03562300319488818, "ɡ": 0.034824281150159744, "j": 0.01134185303514377, "kː": 0.0038338658146964857, "ɡː": 0.0025559105431309905, "uː": 0.014856230031948883, "ɖ": 0.026517571884984027, "aː": 0.07859424920127796, "ʈ": 0.030191693290734824, "d̪": 0.027635782747603834, "t̪": 0.028115015974440896, "l": 0.030031948881789138, "u": 0.06022364217252396, "n": 0.027635782747603834, "nː": 0.005591054313099041, "tʃ": 0.01900958466453674, "dʒ": 0.019329073482428114, "w": 0.02268370607028754, "s": 0.01964856230031949, "e": 0.01869009584664537, "p": 0.02843450479233227, "d̪ː": 0.003194888178913738, "t̪ː": 0.002715654952076677, "b": 0.026357827476038338, "bʱ": 0.003514376996805112, "pʰ": 0.004153354632587859, "d̪ʱ": 0.0025559105431309905, "t̪ʰ": 0.0023961661341853034, "lː": 0.002715654952076677, "tʃː": 0.001597444089456869, "ʃ": 0.0023961661341853034, "pː": 0.003993610223642172, "bː": 0.0030351437699680513, "ʂ": 0.001597444089456869, "ɭː": 0.002715654952076677, "kʰ": 0.0009584664536741214, "d̪ʱː": 0.0009584664536741214, "ʈː": 0.005750798722044728, "ɖː": 0.004792332268370607, "h": 0.004153354632587859, "wː": 0.0004792332268370607, "ɖʱ": 0.0001597444089456869, "ɭ": 0.0012779552715654952, "ɡʱ": 0.0004792332268370607, "sː": 0.0004792332268370607, "mː": 0.0006389776357827476, "ɳ": 0.0011182108626198084, "jː": 0.0006389776357827476, "rː": 0.0004792332268370607}