{"m": 0.07755753875058713, "a": 0.2136965711601691, "r": 0.05162047909816815, "i": 0.08590887740723344, "j": 0.0157444809769845, "u": 0.05265382808830437, "uː": 0.005993424142790043, "d̪": 0.04074213245655237, "t̪": 0.041850634100516676, "tʃ": 0.012137153593236262, "dʒ": 0.012644434006575857, "n": 0.038534523250352275, "iː": 0.008013151714419915, "nː": 0.0011366838891498357, "ɡ": 0.0331892907468295, "k": 0.03468294974166275, "eː": 0.012653828088304368, "aː": 0.04852982620948802, "ʈ": 0.020967590418036638, "ɖ": 0.020216063879755754, "oː": 0.01085955847815876, "o": 0.007721935180836074, "ɳ": 0.001728511038046031, "l": 0.02931892907468295, "ʈʰ": 2.8182245185533113e-05, "s": 0.016157820573038984, "p": 0.019502113668388915, "b": 0.019032409581963363, "w": 0.02345702207609206, "ʂ": 0.002658525129168624, "ɭ": 0.0005542508219821512, "pː": 0.0025645843118835133, "bː": 0.0024330671676843587, "kː": 0.0015218412400187882, "ɡː": 0.0012869891968060121, "ʈː": 0.0013809300140911226, "ɖː": 0.001230624706434946, "bʱ": 0.0026115547205260684, "tʃː": 0.0003945514325974636, "e": 0.010436824800375763, "h": 0.001963363081258807, "d̪ʱ": 0.002470643494598403, "t̪ʰ": 0.0023579145138562705, "ʃ": 0.0022733677782996713, "kʰ": 0.0005166744950681071, "pʰ": 0.0026679192108971348, "d̪ː": 0.0009112259276655707, "t̪ː": 0.0008830436824800376, "d̪ʱː": 0.0002724283701268201, "lː": 0.0005354626585251292, "ɡʱ": 0.00032879286049788633, "sː": 0.0003100046970408643, "jː": 0.00024424612494128696, "ɭː": 0.00032879286049788633, "wː": 0.00010333489901362142, "mː": 0.00038515735086895256, "ɖʱ": 9.394081728511039e-06, "rː": 6.575857209957727e-05, "tʃʰː": 9.394081728511039e-06, "tʃʰ": 9.394081728511039e-06}