{"i": 0.19240196078431374, "oː": 0.014705882352941176, "a": 0.2340686274509804, "iː": 0.0392156862745098, "eː": 0.04963235294117647, "aː": 0.07352941176470588, "u": 0.16605392156862744, "uː": 0.012254901960784314, "m": 0.012867647058823529, "ʈ": 0.03553921568627451, "e": 0.006740196078431373, "ɡ": 0.015931372549019607, "k": 0.01715686274509804, "ɖ": 0.02389705882352941, "j": 0.004901960784313725, "s": 0.02267156862745098, "tʃ": 0.007352941176470588, "dʒ": 0.007352941176470588, "r": 0.0055147058823529415, "n": 0.02022058823529412, "b": 0.00857843137254902, "p": 0.00980392156862745, "l": 0.010416666666666666, "pʰ": 0.001838235294117647, "d̪": 0.0030637254901960784, "t̪": 0.0030637254901960784, "h": 0.0006127450980392157, "w": 0.0006127450980392157}