{"u": 0.1820823543959441, "uː": 0.012365524916532707, "a": 0.22338320761716335, "i": 0.19420056881414616, "n": 0.020403116112278966, "iː": 0.01910473599604303, "eː": 0.04216643996537653, "aː": 0.09267960924941264, "ʈ": 0.012365524916532707, "ɖ": 0.010943489551131445, "oː": 0.03443798689254359, "m": 0.08192160257202918, "l": 0.015889699517744528, "t̪": 0.0016693458637319154, "d̪": 0.0016693458637319154, "r": 0.012860145913194015, "ɡ": 0.006986521577840979, "k": 0.0071101768270063065, "j": 0.005564486212439718, "p": 0.0029677259799678495, "b": 0.0028440707308025224, "e": 0.004327933720786447, "s": 0.008161246444911587, "ʃ": 0.00024731049833065413, "w": 0.0006182762458266354, "ʂ": 0.0009274143687399531, "tʃ": 0.0009274143687399531, "dʒ": 0.0009274143687399531, "pʰ": 0.0001854828737479906, "h": 6.182762458266353e-05}