{"m": 0.059001829108962636, "a": 0.20031356153645152, "r": 0.04724327149203031, "i": 0.08382545074470865, "j": 0.020851842174026653, "u": 0.06626600470342305, "o": 0.018656911418865954, "k": 0.03281944081526, "l": 0.036373138228377316, "ː": 0.12296838254507447, "ɖ": 0.017925267833812385, "d̪": 0.021113143454402926, "e": 0.030624510060099294, "n": 0.03830676770316174, "t̪": 0.02565978573295009, "tʃ": 0.013848967859942513, "w": 0.029631565194669453, "ʈ": 0.018918212699242227, "ɡ": 0.016043898615103212, "d̪ʱ": 0.0045989025346224194, "s": 0.023621635746015154, "p": 0.025032662660047035, "bʱ": 0.003762738437418343, "pʰ": 0.0018813692187091716, "b": 0.008361640972040762, "dʒ": 0.0073164358505356675, "ʃ": 0.005539587143977005, "t̪ʰ": 0.0022471910112359553, "kʰ": 0.0011497256336556049, "ʂ": 0.00559184740005226, "ɳ": 0.0027697935719885026, "ɭ": 0.002717533315913248, "h": 0.004128560229945127, "ɡʱ": 0.0005748628168278024, "ɖʱ": 5.226025607525477e-05, "ʈʰ": 0.0001567807682257643, "tʃʰ": 0.00010452051215050954}