{"m": 0.07142857142857142, "o": 0.012179065174456879, "l": 0.024358130348913758, "j": 0.007899934167215274, "k": 0.07274522712310731, "i": 0.03324555628703094, "a": 0.09183673469387756, "n": 0.05102040816326531, "u": 0.02238314680710994, "t̪": 0.03982883475971034, "tʃ": 0.050362080315997364, "d̪": 0.027320605661619486, "r": 0.04114549045424622, "w": 0.09776168531928901, "ɡ": 0.03423304805793285, "p": 0.09940750493745885, "e": 0.026003949967083606, "bʱ": 0.015799868334430547, "b": 0.03192890059249506, "s": 0.06583278472679395, "dʒ": 0.02402896642527979, "ʃ": 0.016787360105332456, "h": 0.009216589861751152, "pʰ": 0.0069124423963133645, "ɖ": 0.009216589861751152, "ɖʱ": 0.0003291639236339697, "d̪ʱ": 0.003949967083607637, "kʰ": 0.0026333113890717576, "ʈ": 0.005924950625411455, "ʂ": 0.002304147465437788, "ɡʱ": 0.0009874917709019092, "t̪ʰ": 0.0006583278472679394, "tʃʰ": 0.0003291639236339697}