{"d": 0.053003533568904596, "t": 0.053003533568904596, "a": 0.05742049469964664, "b": 0.060954063604240286, "p": 0.060954063604240286, "j": 0.009717314487632508, "s": 0.052120141342756186, "z": 0.05256183745583039, "χ": 0.053003533568904596, "ʁ": 0.04946996466431095, "m": 0.03268551236749117, "ʃ": 0.020318021201413426, "k": 0.05874558303886926, "ɡ": 0.05874558303886926, "n": 0.029151943462897525, "h": 0.018992932862190812, "ʒ": 0.018109540636042403, "r": 0.04372791519434629, "tʃ": 0.023851590106007067, "dʒ": 0.023409893992932862, "ɔ": 0.04814487632508834, "e": 0.006183745583038869, "v": 0.02517667844522968, "f": 0.024734982332155476, "i": 0.038869257950530034, "u": 0.011042402826855124, "ɵ": 0.0030918727915194345, "l": 0.007067137809187279, "q": 0.005742049469964664}