{"d": 0.059250585480093675, "a": 0.12330210772833723, "r": 0.05374707259953162, "t": 0.05831381733021077, "χ": 0.027400468384074943, "z": 0.04297423887587822, "s": 0.04355971896955504, "k": 0.02857142857142857, "ɡ": 0.026932084309133488, "i": 0.10281030444964871, "u": 0.04543325526932084, "b": 0.029508196721311476, "p": 0.026814988290398127, "v": 0.01405152224824356, "f": 0.013817330210772834, "q": 0.004449648711943794, "e": 0.022014051522248244, "j": 0.01405152224824356, "ɔ": 0.10011709601873536, "l": 0.01838407494145199, "ʁ": 0.019320843091334895, "m": 0.024004683840749413, "n": 0.03384074941451991, "ʔ": 0.003395784543325527, "ʃ": 0.01920374707259953, "ʒ": 0.011241217798594848, "h": 0.011124121779859485, "tʃ": 0.009016393442622951, "dʒ": 0.008899297423887589, "ɵ": 0.004449648711943794}