{"r": 0.04619654290771618, "i": 0.31697296824807153, "v": 0.007932518957190621, "f": 0.007932518957190621, "n": 0.060138545923384544, "k": 0.018531063569415005, "ɡ": 0.01831253687637945, "m": 0.044579445379253076, "d": 0.0953650488407159, "t": 0.09422871003693101, "ʃ": 0.017722514805183453, "ʒ": 0.017394724765630122, "χ": 0.008959594414457726, "ɔ": 0.03201416052970871, "a": 0.0897270601603986, "u": 0.024584252966499857, "j": 0.006621358798977295, "z": 0.01573392189855991, "s": 0.0156902165599528, "b": 0.007932518957190621, "p": 0.007866960949279954, "ʁ": 0.005310198640763969, "l": 0.012499726841633706, "ʔ": 0.0037368064509079786, "e": 0.015559100544131465, "q": 0.002906405017372872, "h": 0.002097856253141321, "tʃ": 0.0016389501977666571, "dʒ": 0.0016389501977666571, "ɵ": 0.00017482135442844343}