{"d": 0.06869679109364768, "t": 0.06869679109364768, "a": 0.060707269155206287, "b": 0.0550098231827112, "p": 0.0550098231827112, "j": 0.006483300589390962, "s": 0.0527177472167649, "z": 0.0527177472167649, "χ": 0.04564505566470203, "ʁ": 0.04564505566470203, "m": 0.06594629993451212, "ʃ": 0.018925998690242304, "ʒ": 0.018925998690242304, "k": 0.04937786509495743, "ɡ": 0.04937786509495743, "n": 0.03935821872953504, "h": 0.01879502292075966, "r": 0.031041257367387033, "tʃ": 0.014538310412573674, "dʒ": 0.014538310412573674, "ɔ": 0.03654223968565815, "e": 0.005893909626719057, "v": 0.03149967256057629, "f": 0.03149967256057629, "i": 0.03732809430255403, "u": 0.011656843483955468, "ɵ": 0.00045841519318926, "q": 0.006286836935166994, "l": 0.0066797642436149315}