{"d": 0.06536133388693428, "t": 0.06536133388693428, "a": 0.049452590633945935, "b": 0.06068486265597343, "p": 0.06068486265597343, "j": 0.007757697602762177, "s": 0.046349511592841064, "z": 0.046371364262144624, "χ": 0.0475077030659295, "ʁ": 0.047267323703590394, "m": 0.09057931426323726, "ʃ": 0.018727737593147, "k": 0.04606542689189484, "ɡ": 0.04606542689189484, "n": 0.0422630624330762, "h": 0.015974301260899017, "ʒ": 0.013570507637507922, "r": 0.02596097113262385, "tʃ": 0.01243416883372304, "dʒ": 0.01219378947138393, "ɔ": 0.038897751360328664, "e": 0.009025152422368392, "v": 0.02821179607089006, "f": 0.028189943401586502, "i": 0.0501081707130526, "u": 0.01453202508686436, "ɵ": 0.00015296868512488802, "q": 0.005987631389174188, "l": 0.004261270514193309}