{"r": 0.04946996466431095, "χ": 0.015901060070671377, "z": 0.03312720848056537, "s": 0.03312720848056537, "k": 0.02120141342756184, "ɡ": 0.018551236749116608, "d": 0.10556537102473498, "t": 0.10070671378091872, "i": 0.2146643109540636, "u": 0.03224381625441696, "v": 0.0066254416961130744, "f": 0.0066254416961130744, "q": 0.006183745583038869, "e": 0.03489399293286219, "a": 0.06581272084805653, "l": 0.02120141342756184, "ɔ": 0.06934628975265017, "n": 0.027385159010600707, "ʔ": 0.006183745583038869, "b": 0.022084805653710248, "p": 0.02075971731448763, "m": 0.023851590106007067, "j": 0.015017667844522967, "ʃ": 0.011925795053003533, "ʒ": 0.0088339222614841, "tʃ": 0.005742049469964664, "dʒ": 0.005742049469964664, "ʁ": 0.007508833922261484, "h": 0.009717314487632508}