{"d": 0.07650175007094882, "a": 0.1593289818055687, "r": 0.06502696055245483, "t": 0.07510799987386876, "v": 0.015974521489609938, "i": 0.12325860057389713, "f": 0.01567811307665626, "ʃ": 0.01424967678869864, "n": 0.05346072588528364, "ɔ": 0.09838236685271025, "k": 0.0221770251947151, "ɡ": 0.021502223063097153, "m": 0.03259231230094914, "ʒ": 0.006896225522656324, "dʒ": 0.003503295178633368, "tʃ": 0.0036767256330211585, "χ": 0.018963831867057673, "ʁ": 0.01177750449342541, "l": 0.010339608362501182, "z": 0.03484690820799041, "s": 0.03481537539810173, "j": 0.008999463942231892, "u": 0.03345000472992148, "b": 0.01798631476050831, "p": 0.01654526534859521, "e": 0.013644246838835809, "ɵ": 0.0009396777346829376, "q": 0.0021663040393529467, "ʔ": 0.00265190931163876, "h": 0.005556081102387034}