{"r": 0.06326129666011787, "i": 0.2916175507531107, "v": 0.006745252128356254, "f": 0.006745252128356254, "k": 0.01669941060903733, "ɡ": 0.01669941060903733, "ʃ": 0.011787819253438114, "ʒ": 0.011787819253438114, "d": 0.093713163064833, "t": 0.093713163064833, "m": 0.04132285527177472, "χ": 0.007662082514734774, "ʁ": 0.007662082514734774, "ɔ": 0.04197773411918795, "j": 0.008316961362148002, "s": 0.017550753110674524, "z": 0.017550753110674524, "u": 0.016830386378519975, "b": 0.012901113294040603, "p": 0.012901113294040603, "n": 0.059986902423051734, "a": 0.08958742632612966, "e": 0.01944990176817289, "q": 0.00366732154551408, "l": 0.019384413883431564, "ʔ": 0.003994760969220694, "h": 0.0038637851997380484, "tʃ": 0.0013097576948264572, "dʒ": 0.0013097576948264572}