{"r": 0.05998636673483299, "t": 0.05294251306521245, "i": 0.391501931379232, "k": 0.013406044080890706, "d": 0.08361735969097932, "n": 0.07293796864349011, "a": 0.06475800954328562, "z": 0.012951601908657124, "m": 0.04430811179277437, "ɔ": 0.049079754601226995, "e": 0.02204044535332879, "l": 0.018859350147693705, "s": 0.011361054305839582, "ʃ": 0.014769370597591456, "j": 0.010452169961372415, "v": 0.005680527152919791, "tʃ": 0.002499431947284708, "b": 0.014769370597591456, "ɡ": 0.0036355373778686664, "p": 0.0011361054305839581, "χ": 0.010224948875255624, "ʔ": 0.0054533060668029995, "h": 0.006134969325153374, "f": 0.005226084980686207, "dʒ": 0.0013633265167007499, "u": 0.015905476028175415, "q": 0.0036355373778686664, "ʁ": 0.0009088843444671666, "ʒ": 0.00022722108611679165, "ɵ": 0.00022722108611679165}