{"d": 0.0624857986821177, "a": 0.04839809134287662, "b": 0.06839354692115428, "j": 0.011361054305839582, "s": 0.05998636673483299, "χ": 0.0706657577823222, "m": 0.12133605998636673, "ʃ": 0.03930924789820495, "k": 0.04930697568734379, "n": 0.05680527152919791, "h": 0.026812088161781412, "z": 0.02635764598954783, "r": 0.03908202681208816, "tʃ": 0.02635764598954783, "ɔ": 0.03885480572597137, "t": 0.05294251306521245, "ɡ": 0.028402635764598956, "p": 0.03044762553965008, "e": 0.010224948875255624, "v": 0.02204044535332879, "i": 0.04567143830947512, "dʒ": 0.013406044080890706, "u": 0.01113383321972279, "f": 0.02226766643944558, "ɵ": 0.0009088843444671666, "q": 0.00840718018632129, "l": 0.0054533060668029995, "ʁ": 0.002499431947284708, "ʒ": 0.0006816632583503749}