{"d": 0.05282584537228131, "a": 0.1436735989839657, "r": 0.06497063025877123, "s": 0.035719955548499764, "t": 0.04334021273217971, "b": 0.028298142562311477, "ɔ": 0.09616605810446102, "i": 0.12875059533259248, "j": 0.015994602317828226, "k": 0.02456739164946817, "u": 0.044292744880139706, "l": 0.023892681377996508, "χ": 0.03103667248769646, "m": 0.05262740117478965, "n": 0.057628194951579614, "ʃ": 0.02170979520558819, "ɡ": 0.013176694713446579, "e": 0.022662327353548183, "v": 0.016470868391808224, "z": 0.019368153675186538, "h": 0.014049849182409906, "tʃ": 0.009128433084616605, "f": 0.012263851404984918, "p": 0.006151770122241626, "dʒ": 0.004445150023813304, "ʔ": 0.006945546912208287, "ɵ": 0.0028179076043816477, "q": 0.005080171455786633, "ʁ": 0.0010715986664549928, "ʒ": 0.0008731544689633275}