{"ʔ": 0.052012809766372216, "o": 0.06413480344746061, "k": 0.06729425924731876, "u": 0.05861112902185828, "a": 0.2634599264942936, "p": 0.01592623637887678, "i": 0.09234423023190835, "t": 0.06811098931803039, "ŋ": 0.020310787284802373, "l": 0.061921035097900146, "e": 0.0493261976916629, "aː": 0.005308745459625594, "h": 0.022513809186064007, "n": 0.02091258838953726, "s": 0.016721473552990737, "f": 0.04408193092183033, "eː": 0.0009134481054011649, "m": 0.028929438820469836, "v": 0.043705805231371034, "uː": 0.001289573795860468, "oː": 0.0017731639693081436, "iː": 0.00039761858705697766}