{"ʔ": 0.09014321819713564, "p": 0.05812973883740522, "h": 0.08424599831508003, "n": 0.03454085930918281, "k": 0.08845829823083404, "m": 0.08340353833192923, "f": 0.08508845829823083, "v": 0.08424599831508003, "a": 0.04886267902274642, "t": 0.09772535804549284, "l": 0.08508845829823083, "s": 0.039595619208087615, "e": 0.02358887952822241, "o": 0.02864363942712721, "ŋ": 0.016006739679865205, "i": 0.02527379949452401, "u": 0.02611625947767481, "iː": 0.0008424599831508003}