{"ʔ": 0.09447880187765442, "ŋ": 0.01996870575963043, "p": 0.0385217196930184, "h": 0.049549213918485956, "n": 0.020415766336338573, "k": 0.1189181134043663, "m": 0.09701214514566724, "f": 0.111765144177036, "v": 0.1108710230236197, "a": 0.037776618731838164, "t": 0.14484762685343863, "l": 0.06668653602563147, "s": 0.04217271440280158, "e": 0.008121600476864615, "o": 0.020266746144102527, "i": 0.007451009611802399, "u": 0.010952984129349527, "aː": 0.000149020192236048, "iː": 7.4510096118024e-05}