{"u": 0.13240444080172864, "a": 0.34669547723716565, "i": 0.2708441993890172, "o": 0.10461217494970569, "e": 0.10491021533417778, "aː": 0.01587065047313911, "n": 0.00022353028835407198, "eː": 0.002086282691304672, "m": 0.002384323075776768, "uː": 0.007376499515684375, "l": 0.001043141345652336, "oː": 0.006854928842858207, "ʔ": 0.001043141345652336, "h": 0.00111765144177036, "t": 0.0017882423068325758, "k": 0.000298040384472096, "p": 0.000149020192236048, "v": 7.4510096118024e-05, "f": 7.4510096118024e-05, "iː": 7.4510096118024e-05, "ŋ": 7.4510096118024e-05}