{"u": 0.13690205011389522, "a": 0.33553530751708427, "o": 0.0979498861047836, "e": 0.11753986332574032, "i": 0.2681093394077449, "aː": 0.015261958997722095, "n": 0.000683371298405467, "l": 0.002277904328018223, "ʔ": 0.0009111617312072893, "oː": 0.005011389521640091, "uː": 0.006605922551252847, "eː": 0.005239179954441914, "m": 0.001366742596810934, "t": 0.002733485193621868, "k": 0.0009111617312072893, "h": 0.0015945330296127562, "p": 0.00045558086560364467, "f": 0.00022779043280182233, "v": 0.00022779043280182233, "iː": 0.00022779043280182233, "ŋ": 0.00022779043280182233}