{"ʔ": 0.09521640091116174, "ŋ": 0.015489749430523917, "p": 0.05284738041002278, "h": 0.06150341685649203, "n": 0.0275626423690205, "k": 0.11047835990888383, "m": 0.09521640091116174, "f": 0.10091116173120729, "v": 0.10091116173120729, "a": 0.0428246013667426, "t": 0.12232346241457859, "l": 0.06810933940774487, "s": 0.04874715261958998, "e": 0.01571753986332574, "o": 0.016173120728929385, "i": 0.01184510250569476, "u": 0.01366742596810934, "aː": 0.00022779043280182233, "iː": 0.00022779043280182233}