{"ʔ": 0.04183535762483131, "o": 0.09019343229869546, "k": 0.052406657669815566, "u": 0.09244264507422402, "a": 0.17498875393612237, "p": 0.024291497975708502, "e": 0.08412055780476833, "h": 0.04228520017993702, "n": 0.029914529914529916, "i": 0.09964012595591543, "m": 0.033063427800269905, "l": 0.05600539811066127, "f": 0.04071075123706703, "v": 0.03958614484930274, "t": 0.050157444894287, "eː": 0.0038236617183985606, "aː": 0.006747638326585695, "ŋ": 0.015294646873594242, "s": 0.019343229869545658, "iː": 0.0006747638326585695, "uː": 0.001799370220422852, "oː": 0.0006747638326585695}