{"u": 0.17017691659646167, "a": 0.2914911541701769, "o": 0.12131423757371525, "n": 0.002527379949452401, "e": 0.14490311710193765, "i": 0.21229991575400167, "l": 0.006739679865206402, "eː": 0.011794439764111205, "aː": 0.016006739679865205, "uː": 0.006739679865206402, "oː": 0.0008424599831508003, "t": 0.003369839932603201, "m": 0.0016849199663016006, "k": 0.003369839932603201, "p": 0.0016849199663016006, "v": 0.0008424599831508003, "f": 0.0008424599831508003, "h": 0.0016849199663016006, "iː": 0.0008424599831508003, "ŋ": 0.0008424599831508003}