{"ʔ": 0.0498198273694796, "o": 0.08522584429732674, "k": 0.056063018520070396, "u": 0.0778513366295148, "ŋ": 0.022207324226933712, "a": 0.20279896086482863, "h": 0.033729992457889886, "i": 0.10810357831224336, "p": 0.02379954747339311, "e": 0.07014162406771139, "n": 0.029917036788737115, "m": 0.0365373334450683, "f": 0.03838096036202129, "t": 0.061132992541691106, "ː": 0.014707114723874969, "l": 0.053632783038632365, "v": 0.01286348780692198, "s": 0.023087237073661275}