{"u": 0.15086906141367323, "i": 0.27809965237543455, "a": 0.31657010428736965, "o": 0.09548088064889919, "e": 0.12166859791425261, "ː": 0.029200463499420626, "t": 0.0011587485515643105, "l": 0.0018539976825028969, "p": 0.0004634994206257242, "h": 0.0016222479721900347, "k": 0.0009269988412514484, "ʔ": 0.0002317497103128621, "n": 0.0006952491309385864, "f": 0.0002317497103128621, "ŋ": 0.0002317497103128621, "m": 0.0006952491309385864}