{"ʔ": 0.0947856315179606, "ŋ": 0.012977983777520278, "p": 0.05886442641946697, "h": 0.07717265353418308, "n": 0.02618771726535342, "k": 0.09918887601390498, "m": 0.11517960602549247, "f": 0.12931633835457707, "a": 0.03453070683661645, "t": 0.15063731170336037, "l": 0.06674391657010428, "s": 0.05399768250289687, "e": 0.012746234067207415, "o": 0.016917728852838935, "i": 0.013673232908458864, "v": 0.024797219003476246, "u": 0.012282734646581691}