{"b": 0.021320495185694635, "i": 0.0891334250343879, "ɾ": 0.04264099037138927, "p": 0.021045392022008252, "e": 0.08858321870701513, "tʃ": 0.01389270976616231, "n": 0.044291609353507566, "dʒ": 0.014030261348005502, "o": 0.03287482806052269, "k": 0.04264099037138927, "ɡ": 0.03782668500687758, "l": 0.03328748280605227, "d": 0.05144429160935351, "t": 0.05048143053645117, "a": 0.13947730398899588, "j": 0.023521320495185696, "h": 0.009628610729023384, "ɯ": 0.037138927097661624, "s": 0.04236588720770289, "z": 0.03947730398899588, "u": 0.031499312242090786, "m": 0.01939477303988996, "œ": 0.011279229711141679, "v": 0.009903713892709767, "f": 0.009628610729023384, "y": 0.01843191196698762, "ʃ": 0.010866574965612105, "ʒ": 0.007152682255845942, "lː": 0.0011004126547455295, "kː": 0.0001375515818431912, "tː": 0.002751031636863824, "dː": 0.0012379642365887209, "nː": 0.0002751031636863824, "vː": 0.0001375515818431912, "sː": 0.0002751031636863824, "zː": 0.0001375515818431912, "ɾː": 0.0002751031636863824, "bː": 0.0002751031636863824, "mː": 0.0001375515818431912}