{"b": 0.018985250383009404, "i": 0.08648502508336087, "ɾ": 0.05932890744690438, "p": 0.018985250383009404, "s": 0.03510168524137102, "z": 0.03510168524137102, "n": 0.051037880380906606, "e": 0.09830574664303524, "a": 0.12831565982757068, "l": 0.040178437321637776, "k": 0.042806933221184174, "ɡ": 0.042806933221184174, "tʃ": 0.011460242122022289, "o": 0.01863979092192616, "dʒ": 0.011460242122022289, "d": 0.05386163597584788, "t": 0.05386163597584788, "ʃ": 0.008396166901979633, "j": 0.022319685181291116, "ʒ": 0.008396166901979633, "m": 0.02879329508245967, "ɯ": 0.041485175283126556, "h": 0.009477605214935864, "u": 0.02667547838625372, "œ": 0.00754002823755595, "v": 0.010844423082699992, "f": 0.010844423082699992, "lː": 0.0006608789690288083, "y": 0.0150800564751119, "tː": 0.0007359788518729911, "dː": 0.0007359788518729911, "kː": 0.00019525969539487518, "ɡː": 0.00019525969539487518, "mː": 7.509988284418276e-05, "nː": 0.00013517978911952897, "zː": 0.00019525969539487518, "sː": 0.00019525969539487518, "vː": 7.509988284418276e-05, "jː": 6.007990627534621e-05, "bː": 0.00010513983598185587, "ɾː": 6.007990627534621e-05}