{"b": 0.041517170681701694, "p": 0.04202972834443875, "i": 0.04459251665812404, "tʃ": 0.016401845207585853, "dʒ": 0.01742696053305997, "ɡ": 0.07944643772424398, "k": 0.07944643772424398, "o": 0.028703229113275244, "d": 0.07995899538698104, "t": 0.08303434136340339, "s": 0.055356227575602254, "z": 0.05176832393644285, "a": 0.10763710917478217, "h": 0.02409021014864172, "œ": 0.015889287544848796, "v": 0.012813941568426449, "f": 0.012813941568426449, "j": 0.032803690415171706, "ʃ": 0.01230138390568939, "ʒ": 0.009738595592004101, "n": 0.019477191184008202, "e": 0.053818554587391085, "u": 0.01486417221937468, "m": 0.02255253716043055, "ɾ": 0.011276268580215274, "l": 0.011788826242952332, "y": 0.010763710917478216, "ɯ": 0.007688364941055869}