{"ɾ": 0.07858340318524727, "i": 0.13246916536941683, "n": 0.12330858579810801, "l": 0.022572147048257694, "e": 0.08933061908753442, "k": 0.06316608789366543, "ɡ": 0.05050293378038558, "z": 0.031044186324991018, "s": 0.031044186324991018, "m": 0.04978445695126332, "tʃ": 0.0032032091965034128, "dʒ": 0.003143336127409891, "ɯ": 0.0859777272182972, "j": 0.005298766614776673, "d": 0.025266435157466172, "t": 0.022632020117351215, "a": 0.09801221410609508, "o": 0.006346545323913304, "b": 0.01068734283319363, "p": 0.010657406298646869, "ʃ": 0.012513471440546042, "ʒ": 0.007005149083942043, "f": 0.005717878098431326, "v": 0.005687941563884565, "u": 0.01724344389893426, "y": 0.006256735720273021, "h": 0.002544605436474674}