{"ɾ": 0.07278205026559899, "i": 0.11408863870609688, "e": 0.08102751129786728, "n": 0.10449536192816936, "s": 0.028383413938000476, "z": 0.028383413938000476, "k": 0.06104812495044795, "ɡ": 0.06104812495044795, "tʃ": 0.004756996749385555, "dʒ": 0.004756996749385555, "j": 0.0065805121699833505, "a": 0.10354396257829224, "m": 0.03853167367002299, "d": 0.03528105922460953, "t": 0.03528105922460953, "ɯ": 0.08253389360183937, "ʃ": 0.012526758106715294, "ʒ": 0.012526758106715294, "b": 0.014112423689843811, "p": 0.014112423689843811, "l": 0.025687782446681996, "o": 0.004202013795290573, "u": 0.02616348212162055, "v": 0.0063426623325140725, "f": 0.0063426623325140725, "y": 0.01260604138587172, "h": 0.002854198049631333}