{"ɾ": 0.044079958995386984, "i": 0.12608918503331626, "e": 0.09943618657098924, "n": 0.06663249615581752, "k": 0.040492055356227574, "ɡ": 0.031266017426960536, "d": 0.04459251665812404, "t": 0.03946694003075346, "j": 0.01486417221937468, "a": 0.13839056893900564, "ɯ": 0.07227063044592516, "u": 0.03485392106611994, "tʃ": 0.013839056893900564, "dʒ": 0.012813941568426449, "s": 0.03690415171706817, "z": 0.03690415171706817, "l": 0.0292157867760123, "y": 0.020502306509482315, "m": 0.021014864172219375, "h": 0.0025627883136852894, "p": 0.021527421834956432, "b": 0.022039979497693492, "ʃ": 0.010763710917478216, "ʒ": 0.005638134290107637, "v": 0.005125576627370579, "f": 0.005638134290107637, "o": 0.0030753459764223477}