{"b": 0.01667801673952681, "i": 0.09982645372465455, "ɾ": 0.07007754662683158, "p": 0.016251839810197493, "s": 0.03649744074163573, "z": 0.031422859779003096, "n": 0.0632675029107445, "dʒ": 0.00897168339887085, "tʃ": 0.008918960479778564, "l": 0.04955954394674985, "d": 0.05687924254739571, "e": 0.11576634959688935, "t": 0.05229234858636673, "k": 0.03991124975286132, "ɡ": 0.03338678851519079, "j": 0.02307067067946662, "o": 0.01542145383449397, "a": 0.1217987302563652, "m": 0.03021462621647152, "ʃ": 0.007653610421563674, "ɯ": 0.03986731398695108, "ʒ": 0.0041387491487445355, "tː": 0.00040860262296522486, "h": 0.006322356714483425, "f": 0.00757013246633422, "v": 0.007759056259748248, "u": 0.01846620241207355, "œ": 0.006928670284044727, "lː": 0.0006019199929702774, "y": 0.009411041057973243, "dː": 0.0001889237934140287, "kː": 0.00016256233386788515, "mː": 3.514861272819138e-05, "nː": 3.954218931921531e-05, "zː": 4.393576591023923e-05, "ɡː": 1.3180729773071768e-05, "vː": 3.954218931921531e-05, "sː": 4.393576591023923e-05, "ɾː": 5.2722919092287074e-05, "jː": 1.757430636409569e-05, "bː": 2.1967882955119614e-05}