{"b": 0.07463178062507485, "p": 0.07196742905041312, "i": 0.050951981798586995, "tʃ": 0.01553706142976889, "dʒ": 0.015596934498862411, "ɡ": 0.08600766375284397, "k": 0.08600766375284397, "o": 0.023979164171955454, "d": 0.06714764698838463, "t": 0.06732726619566519, "s": 0.05987306909352173, "z": 0.051670458627709255, "a": 0.06900371213028379, "h": 0.022212908633696564, "œ": 0.01448928272063226, "v": 0.017722428451682433, "f": 0.017722428451682433, "j": 0.04915578972578134, "ʃ": 0.008561848880373608, "ʒ": 0.006136989582085977, "n": 0.014219853909711411, "y": 0.006615974134834152, "e": 0.042300323314573104, "u": 0.005089210872949348, "m": 0.02523649862291941, "ɾ": 0.011615375404143216, "l": 0.012723027182373368, "ɯ": 0.006496227996647108}