{"b": 0.022782990954434017, "i": 0.08259362583481275, "ɾ": 0.0640798038718404, "tʃ": 0.010102290979795418, "n": 0.06805308986389381, "o": 0.0274748499450503, "k": 0.05093414489813171, "l": 0.0579507988840984, "e": 0.09049792881900415, "ɡ": 0.015259108969481782, "a": 0.1271451517457097, "d": 0.041339081917321836, "h": 0.013991038972017922, "s": 0.036731760926536475, "m": 0.04028235691943528, "œ": 0.008707413982585172, "dʒ": 0.01014455997971088, "z": 0.01606221996787556, "v": 0.008073378983853243, "j": 0.03525234592949531, "y": 0.01923239496153521, "u": 0.033307971933384056, "ʃ": 0.016315833967368333, "t": 0.03783075492433849, "ɯ": 0.04269168991461662, "f": 0.0063403499873193, "ː": 0.005621776988756446, "p": 0.010651787978696424, "ʒ": 0.000549496998901006}