{"ɾ": 0.09644306517068513, "n": 0.14490331821437097, "k": 0.07949391262831225, "e": 0.08379088087849129, "i": 0.11577942229649081, "a": 0.11601814275483409, "l": 0.03318214370971592, "u": 0.030317498209596564, "m": 0.050370016710432085, "j": 0.00811649558367152, "ɯ": 0.08283599904511817, "tʃ": 0.0076390546669849605, "h": 0.00501312962520888, "z": 0.024826927667701122, "t": 0.03533062783480544, "ʃ": 0.01957507758414896, "p": 0.01862019575077584, "y": 0.014800668417283362, "o": 0.00501312962520888, "s": 0.013368345667223681, "d": 0.0031033659584626403, "b": 0.0011936022917164002, "v": 0.0007161613750298401, "f": 0.005968011458582, "dʒ": 0.0009548818333731201, "ɡ": 0.0011936022917164002, "ː": 0.0007161613750298401, "ʒ": 0.0007161613750298401}