{"h": 0.001144913313706248, "a": 0.05135754007196598, "m": 0.016355904481517827, "b": 0.027150801439319593, "e": 0.07065750736015702, "l": 0.038436375531566896, "p": 0.02649656526005888, "y": 0.02404317958783121, "d": 0.04841347726529277, "i": 0.06051684658161596, "t": 0.0511939810271508, "r": 0.03925417075564279, "ɑ": 0.12839385017991495, "ø": 0.01701014066077854, "ɕ": 0.018645731108930325, "n": 0.030749100425253518, "ʑ": 0.015538109257441937, "k": 0.046777886817140985, "ɡ": 0.04416094210009813, "ŋ": 0.005070330389270527, "u": 0.04187111547268564, "ɤ": 0.0534838076545633, "s": 0.03532875368007851, "z": 0.03402028132155708, "ʃ": 0.013411841674844618, "ʒ": 0.007360157016683023, "o": 0.015538109257441937, "j": 0.021589793915603533, "w": 0.0021262675825973174, "ʔ": 0.0009813542688910696, "x": 0.005397448478900883, "ɯ": 0.004579653254824992, "f": 0.002944062806673209}