{"h": 0.0005673240574247334, "a": 0.0640547323480485, "m": 0.019115936036616443, "t": 0.05699202861621008, "d": 0.04793407502139485, "z": 0.02569304883794725, "e": 0.06727117128378703, "s": 0.02510168562554689, "b": 0.021803513562891237, "l": 0.05948248507168476, "n": 0.05099666336528939, "p": 0.021438118407261748, "i": 0.03213554237141456, "r": 0.06555958344952258, "ŋ": 0.0035481792744021462, "ɡ": 0.051583218746694616, "k": 0.05642951238978047, "ʑ": 0.011649374501187535, "ɕ": 0.01416867794263296, "y": 0.012457090108368511, "ɑ": 0.13444618594767158, "j": 0.025361308499283634, "o": 0.007413675394482533, "ø": 0.00871659759416137, "w": 0.0021298691308403125, "ɤ": 0.07088666019212092, "ʔ": 0.0018606305951133207, "ɯ": 0.0013942709885862092, "f": 0.0022164100887525602, "u": 0.019981345615738916, "ʃ": 0.01041856976643557, "ʒ": 0.003394328682558151, "x": 0.003798186486148639}