{"h": 0.001965215682421146, "b": 0.06544168222462415, "p": 0.06301791621630475, "d": 0.07847761291801775, "t": 0.07847761291801775, "ø": 0.0123481052045462, "i": 0.04680488683633029, "ɡ": 0.0991451311781468, "k": 0.09921063836756085, "ʃ": 0.011267236579214569, "ʒ": 0.008188398676754773, "ɑ": 0.07212341554485605, "s": 0.0421866299826406, "a": 0.017883462710032424, "m": 0.02862664177393469, "j": 0.03943532802725099, "z": 0.0396318495954931, "x": 0.018931577740657037, "n": 0.016082015001146376, "y": 0.0202417215289378, "r": 0.008548688218531985, "w": 0.0060594150207985325, "ɕ": 0.033965477711178804, "ʑ": 0.033899970521764765, "u": 0.022403458779601062, "l": 0.0015066653565228784, "e": 0.008483181029117945, "ɯ": 0.008483181029117945, "f": 0.010775932658609282, "o": 0.006190429399626609, "ɤ": 0.00019652156824211456}