{"h": 0.003037667071688943, "b": 0.044349939246658567, "p": 0.0425273390036452, "d": 0.07776427703523693, "t": 0.07776427703523693, "ø": 0.01701093560145808, "i": 0.06622114216281895, "ɡ": 0.08262454434993925, "k": 0.08323207776427703, "ʃ": 0.009113001215066828, "ʒ": 0.00850546780072904, "ɑ": 0.10814094775212636, "s": 0.037059538274605106, "a": 0.0212636695018226, "m": 0.019441069258809233, "j": 0.02976913730255164, "z": 0.03645200486026731, "n": 0.020048602673147023, "y": 0.02976913730255164, "w": 0.002430133657351154, "r": 0.011543134872417983, "ɕ": 0.03219927095990279, "ʑ": 0.03219927095990279, "u": 0.043134872417982986, "e": 0.020048602673147023, "x": 0.015795868772782502, "ɯ": 0.006075334143377886, "o": 0.010935601458080195, "l": 0.004860267314702308, "f": 0.006682867557715674}