{"m": 0.023693803159173753, "a": 0.08809234507897934, "y": 0.02490886998784933, "l": 0.02976913730255164, "p": 0.037059538274605106, "b": 0.037059538274605106, "e": 0.09902794653705954, "r": 0.03948967193195626, "ɑ": 0.1275820170109356, "d": 0.02976913730255164, "t": 0.030376670716889428, "n": 0.050425273390036454, "k": 0.03462940461725395, "ɡ": 0.03462940461725395, "ŋ": 0.009720534629404616, "u": 0.04191980558930741, "ɤ": 0.09173754556500607, "s": 0.028554070473876064, "z": 0.02612393681652491, "i": 0.03645200486026731, "j": 0.018226002430133656, "ʃ": 0.018226002430133656, "ʒ": 0.010328068043742407, "ʔ": 0.0036452004860267314, "ɕ": 0.007290400972053463, "ʑ": 0.007290400972053463, "x": 0.0006075334143377885, "o": 0.002430133657351154, "f": 0.001215066828675577, "ɯ": 0.00850546780072904, "h": 0.001215066828675577}