{"m": 0.036909251384096925, "d": 0.023910775896654097, "t": 0.023910775896654097, "n": 0.09636524111369654, "a": 0.08601460322554762, "i": 0.017812725667977213, "b": 0.048463451817379447, "p": 0.048463451817379447, "e": 0.08553317820749418, "r": 0.05536387707614539, "ɑ": 0.11265345422450454, "ɡ": 0.037149963893123646, "k": 0.037149963893123646, "ɕ": 0.01725106314691487, "ʑ": 0.01725106314691487, "y": 0.012838000481425018, "l": 0.01588702559576346, "s": 0.021343175800369093, "z": 0.021343175800369093, "j": 0.02342935087860066, "ŋ": 0.010109925379122201, "ɤ": 0.09211265345422451, "u": 0.023108400866565033, "ʃ": 0.011955387948327048, "ʒ": 0.011955387948327048, "ʔ": 0.00529567519858782, "x": 0.001524512557169221, "f": 0.0016849875631870337, "h": 0.0004011875150445318, "w": 0.00088261253309797, "o": 0.0008023750300890636, "ɯ": 0.001123325042124689}