{"m": 0.037732141102485996, "t": 0.017981723494153484, "d": 0.017883462710032424, "e": 0.08741934427303397, "n": 0.09993121745111526, "a": 0.09701614752219057, "i": 0.008843470570895155, "b": 0.052012708394746324, "p": 0.052012708394746324, "z": 0.019979692771281646, "s": 0.0202417215289378, "r": 0.05532082146015525, "ŋ": 0.014247813697553307, "ʑ": 0.01693360846352887, "ɕ": 0.024925485572041533, "y": 0.01588549343290426, "ɑ": 0.11879728800235825, "j": 0.02715273001211883, "k": 0.03219678359699977, "ɡ": 0.03219678359699977, "l": 0.010317382332711015, "ɤ": 0.09963643509875209, "ʔ": 0.005568111100193246, "u": 0.014608103239330516, "ʃ": 0.012708394746323409, "ʒ": 0.00435622809603354, "f": 0.0011791294094526874, "w": 0.0012118830041597066, "x": 0.0007533326782614392, "h": 0.00016376797353509547, "o": 0.00032753594707019093, "ɯ": 0.0004585503258982673}