{"h": 0.0020599019486672436, "a": 0.06604045647427183, "m": 0.030610142957195236, "b": 0.02562518024142051, "e": 0.06838874469575248, "l": 0.06212664277180406, "n": 0.05771845260165616, "d": 0.025089605734767026, "i": 0.04181600955794504, "p": 0.014172125406830634, "r": 0.06649363490297862, "ø": 0.01108227248382977, "ɕ": 0.015037284225270876, "ɡ": 0.02945659786594158, "t": 0.055122976146335434, "ɑ": 0.12429448358258147, "y": 0.01429571952375067, "k": 0.05434021340584188, "ɤ": 0.05998434474519013, "ʃ": 0.019692662629258846, "u": 0.02504840769579368, "ŋ": 0.00778642936596218, "o": 0.014501709718617395, "s": 0.0280970625798212, "j": 0.03069253903514193, "z": 0.017303176368804844, "x": 0.00931075680797594, "w": 0.005685329378321592, "ʔ": 0.004243398014254522, "ɯ": 0.002224694104560623, "ʑ": 0.006550488196761834, "f": 0.0047789725209080045, "ʒ": 0.00032958431178675896}