{"b": 0.06413316582914573, "p": 0.06381909547738693, "u": 0.009987437185929648, "x": 0.015766331658291458, "ɣ": 0.015766331658291458, "y": 0.006595477386934673, "q": 0.04579145728643216, "d": 0.07289572864321608, "t": 0.07289572864321608, "e": 0.01978643216080402, "j": 0.04660804020100503, "k": 0.04915201005025126, "ɡ": 0.04902638190954774, "h": 0.017493718592964825, "i": 0.055339195979899496, "ɑ": 0.07446608040201005, "ʃ": 0.01403894472361809, "ʒ": 0.004051507537688443, "tʃ": 0.025753768844221106, "dʒ": 0.025879396984924623, "m": 0.035238693467336685, "æ": 0.03866206030150754, "o": 0.011337939698492462, "n": 0.01611180904522613, "r": 0.00888819095477387, "s": 0.05125628140703518, "z": 0.05125628140703518, "w": 0.0114321608040201, "ø": 0.02226758793969849, "l": 0.0031092964824120605, "f": 0.0011934673366834172}