{"b": 0.04533091568449683, "p": 0.04533091568449683, "x": 0.02629193109700816, "ɣ": 0.02629193109700816, "y": 0.009066183136899365, "q": 0.02629193109700816, "d": 0.07162284678150499, "t": 0.07162284678150499, "e": 0.03989120580235721, "j": 0.0371713508612874, "k": 0.03535811423390753, "ɡ": 0.03535811423390753, "h": 0.019038984587488667, "i": 0.07252946509519492, "u": 0.019945602901178604, "ɑ": 0.0843155031731641, "tʃ": 0.02629193109700816, "dʒ": 0.02629193109700816, "m": 0.02629193109700816, "ʃ": 0.015412511332728921, "æ": 0.04261106074342702, "n": 0.016319129646418858, "s": 0.04533091568449683, "z": 0.04533091568449683, "ø": 0.02901178603807797, "r": 0.022665457842248413, "w": 0.009066183136899365, "ʒ": 0.005439709882139619, "o": 0.016319129646418858, "l": 0.007252946509519492, "f": 0.0009066183136899365}