{"b": 0.024327013604744034, "i": 0.21280336258940802, "l": 0.05847050371910599, "æ": 0.07170936090275888, "n": 0.04210376015670666, "p": 0.024929388299652407, "ɑ": 0.08639391735419186, "d": 0.06267820251391039, "y": 0.009450589657895794, "r": 0.04790440536693543, "t": 0.06598457028374079, "ʃ": 0.01874947013337022, "ɡ": 0.024795527256339437, "k": 0.027660153583237028, "tʃ": 0.008187833815976762, "dʒ": 0.007353433312659239, "ŋ": 0.004613743959520421, "ɣ": 0.00970046360541334, "x": 0.008593878980692776, "q": 0.018959185767893873, "m": 0.018776242342032814, "z": 0.028432085599675163, "s": 0.02877120024273469, "u": 0.01984266865375949, "j": 0.024666128247803565, "o": 0.009718311744521736, "e": 0.015300317250672652, "h": 0.005724790619018085, "w": 0.004787763315827283, "ø": 0.007795174755592045, "ʒ": 0.0005756024862457778, "f": 0.00024094987796334885}