{"n": 0.08308519834790126, "t": 0.03381039285371242, "d": 0.03381039285371242, "æ": 0.09499567764864086, "r": 0.0431274613389684, "i": 0.20218999135529728, "m": 0.0243012198636058, "ʃ": 0.03457881087311498, "ʒ": 0.03457881087311498, "b": 0.05186821630967246, "p": 0.05186821630967246, "u": 0.02113149553357026, "ɑ": 0.09970223801748151, "k": 0.02122754778599558, "ɡ": 0.02122754778599558, "j": 0.025165690135433676, "q": 0.02631831716453751, "ŋ": 0.014311785611372587, "tʃ": 0.0033618288348861783, "dʒ": 0.0033618288348861783, "l": 0.02286043607722601, "z": 0.021707809048122178, "s": 0.021707809048122178, "h": 0.0024013063106329844, "f": 0.00019210450485063874, "ɣ": 0.0017289405436557487, "x": 0.0017289405436557487, "o": 0.0022092018057823454, "w": 0.001248679281529152, "y": 0.00019210450485063874}