{"r": 0.0471441523118767, "i": 0.22393472348141433, "ɑ": 0.128739800543971, "n": 0.04895738893925657, "l": 0.04261106074342702, "p": 0.038984587488667274, "b": 0.030825022665457842, "ʃ": 0.024478694469628286, "æ": 0.07162284678150499, "q": 0.022665457842248413, "m": 0.03173164097914778, "ŋ": 0.019945602901178604, "z": 0.04261106074342702, "s": 0.044424297370806894, "u": 0.011786038077969175, "d": 0.038984587488667274, "t": 0.04079782411604715, "k": 0.015412511332728921, "ɡ": 0.013599274705349048, "dʒ": 0.013599274705349048, "tʃ": 0.014505893019038985, "j": 0.013599274705349048, "w": 0.0027198549410698096, "ɣ": 0.005439709882139619, "x": 0.005439709882139619, "h": 0.001813236627379873, "o": 0.003626473254759746}