{"n": 0.08570979899497487, "ɑ": 0.10738065326633166, "i": 0.21683417085427137, "æ": 0.12741834170854272, "ʃ": 0.04635678391959799, "p": 0.055841708542713565, "ɡ": 0.025251256281407036, "k": 0.025785175879396986, "t": 0.029805276381909548, "d": 0.029742462311557787, "r": 0.031155778894472363, "ŋ": 0.021011306532663317, "q": 0.024842964824120604, "m": 0.017054020100502512, "z": 0.016300251256281408, "s": 0.016363065326633165, "b": 0.05257537688442211, "u": 0.02239321608040201, "j": 0.02760678391959799, "x": 0.0028894472361809045, "ɣ": 0.0028894472361809045, "tʃ": 0.0011934673366834172, "dʒ": 0.0011620603015075376, "l": 0.009610552763819096, "h": 0.0012876884422110553, "f": 0.00018844221105527637, "w": 0.0006595477386934673, "o": 0.000628140703517588, "y": 6.28140703517588e-05}