{"b": 0.023445212240868707, "i": 0.13376110562685095, "r": 0.044422507403751234, "p": 0.026159921026653505, "x": 0.012339585389930898, "t": 0.05133267522211254, "ɑ": 0.11969397828232971, "d": 0.048617966436327736, "ɣ": 0.012586377097729516, "y": 0.014807502467917079, "tʃ": 0.02048371174728529, "n": 0.03529121421520237, "q": 0.01826258637709773, "l": 0.033070088845014806, "æ": 0.07625863770977295, "e": 0.028381046396841067, "ʃ": 0.01678183613030602, "j": 0.022458045409674235, "k": 0.022211253701875617, "ɡ": 0.0192497532082922, "h": 0.007650542941757157, "m": 0.02566633761105627, "u": 0.030848963474827247, "ŋ": 0.007156959526159921, "ø": 0.014807502467917079, "o": 0.026159921026653505, "z": 0.03923988153998026, "s": 0.04022704837117473, "dʒ": 0.018509378084896347, "w": 0.00839091806515301, "ʒ": 0.0014807502467917078, "f": 0.00024679170779861795}