{"b": 0.08485010706638116, "u": 0.01873661670235546, "x": 0.027301927194860815, "y": 0.006959314775160599, "q": 0.07762312633832977, "d": 0.03720556745182013, "e": 0.019004282655246254, "j": 0.06771948608137045, "k": 0.06531049250535331, "h": 0.032119914346895075, "i": 0.04978586723768737, "ɑ": 0.06638115631691649, "ʃ": 0.020610278372591006, "tʃ": 0.019271948608137045, "m": 0.0626338329764454, "æ": 0.03238758029978587, "o": 0.019271948608137045, "t": 0.08217344753747323, "n": 0.02703426124197002, "r": 0.016327623126338328, "s": 0.05460385438972163, "w": 0.01284796573875803, "ø": 0.022483940042826552, "z": 0.009635974304068522, "p": 0.023019271948608137, "ɡ": 0.008029978586723769, "dʒ": 0.02114561027837259, "l": 0.006959314775160599, "ɣ": 0.004282655246252677, "f": 0.0032119914346895075, "ʒ": 0.0010706638115631692}