{"b": 0.021024091030313805, "i": 0.1525024446617477, "l": 0.05711618810560939, "æ": 0.07418437194417282, "n": 0.055204907102853584, "r": 0.052760245355142676, "u": 0.03671437461107654, "j": 0.035158680771624144, "ɣ": 0.012578895901857942, "x": 0.008711885500933417, "t": 0.05049337718908348, "ɑ": 0.09898657658458529, "o": 0.01915725842297093, "p": 0.020135123122055294, "y": 0.015956973953240288, "tʃ": 0.011823273179838207, "q": 0.03520312916703707, "d": 0.03320295137345542, "ʃ": 0.025468930571606364, "e": 0.01724597742021513, "k": 0.028802560227575786, "h": 0.012089963552315761, "ø": 0.009289714641301449, "ŋ": 0.010312027735798738, "ɡ": 0.009334163036714374, "m": 0.034758645212907814, "dʒ": 0.0070672948706551695, "z": 0.014667970486265445, "s": 0.029380389367943818, "w": 0.009556405013779003, "f": 0.0009334163036714375, "ʒ": 0.00017779358165170237}