{"ʃ": 0.00909798579351951, "ʒ": 0.008416853167266713, "p": 0.09764522720638319, "b": 0.09788848885861633, "d": 0.057069183613895104, "t": 0.056485355648535567, "j": 0.022623333657682203, "v": 0.0928772988226136, "f": 0.039408387661769, "u": 0.011335992994064415, "a": 0.016201226038727257, "r": 0.036440595504524664, "tʃ": 0.01362265252505595, "k": 0.025834387467159676, "m": 0.023450423275274884, "tʲ": 0.003211053809477474, "dʲ": 0.003211053809477474, "tsʲ": 0.001605526904738737, "l": 0.005011190036002725, "dʒ": 0.0030164444876909606, "n": 0.03021309720735623, "x": 0.0078816775323538, "s": 0.11457623820180987, "z": 0.10912717719178748, "lʲ": 0.007833025201907172, "ts": 0.0016541792351853653, "i": 0.009049333463072882, "ɔ": 0.05526904738736985, "nʲ": 0.002627225844117933, "sʲ": 0.004086795757516785, "rʲ": 0.004378709740196556, "ɦ": 0.01882845188284519, "ɡ": 0.0018974408874185074, "zʲ": 0.0036489247834971296, "ɛ": 0.004476014401089812}