{"ɔ": 0.055163566388710714, "b": 0.014111610006414367, "p": 0.012828736369467608, "sʲ": 0.007055805003207184, "zʲ": 0.007055805003207184, "a": 0.12123155869146889, "k": 0.014111610006414367, "i": 0.10455420141116101, "u": 0.10006414368184734, "ɛ": 0.06799230275817832, "d": 0.042976266837716486, "t": 0.04425914047466325, "s": 0.026298909557408594, "z": 0.019884541372674792, "ɪ": 0.11161000641436819, "r": 0.02052597819114817, "n": 0.01603592046183451, "j": 0.01731879409878127, "x": 0.013470173187940988, "tʲ": 0.011545862732520847, "dʲ": 0.011545862732520847, "v": 0.03463758819756254, "ʃ": 0.014111610006414367, "m": 0.026940346375881975, "ʒ": 0.012187299550994226, "f": 0.025657472738935216, "lʲ": 0.007055805003207184, "tsʲ": 0.003207184092366902, "nʲ": 0.0025657472738935213, "l": 0.011545862732520847, "tʃ": 0.007697241821680564, "dʒ": 0.003207184092366902, "ts": 0.0012828736369467607, "ɦ": 0.010262989095574085}