{"ʃ": 0.008305150361935092, "tʃ": 0.009714907635333047, "ɔ": 0.11341606831114, "ʒ": 0.008246714827286472, "b": 0.03509053855649621, "p": 0.034886014185226036, "ɪ": 0.06634624515167674, "d": 0.04874254033878001, "t": 0.049334200127097286, "nʲ": 0.010160478587028772, "a": 0.0921747514663667, "sʲ": 0.005113109281754235, "zʲ": 0.0040612696580790775, "j": 0.02719443693710145, "n": 0.033286341424220066, "i": 0.05943624317947744, "rʲ": 0.003834831961315676, "r": 0.054242785037581356, "k": 0.023235429464657457, "u": 0.03446235655902354, "m": 0.019159550922916227, "dʒ": 0.0012636684367764038, "v": 0.0505613463547183, "ɛ": 0.04367325770801224, "z": 0.03702621564173174, "s": 0.04023286560557475, "f": 0.02054009042898987, "x": 0.007720795015448895, "tʲ": 0.009802560937305976, "dʲ": 0.008648459127995735, "lʲ": 0.008042190456016304, "l": 0.01795431802078844, "ɦ": 0.010153174145197695, "ts": 0.0007450530667699027, "tsʲ": 0.002702643477498667, "ɡ": 0.0004747887190200361, "dzʲ": 1.4608883662154956e-05}