{"ɔ": 0.06310207258927703, "b": 0.0031137491485842173, "p": 0.0030164444876909606, "ɪ": 0.16113651843923324, "a": 0.1204631701858519, "sʲ": 0.005789627323148779, "zʲ": 0.005400408679575751, "i": 0.10902987253089423, "k": 0.013476695533716065, "u": 0.10902987253089423, "n": 0.01547144108202783, "j": 0.04111121922740099, "m": 0.03488372093023256, "tʃ": 0.004670623722876326, "dʒ": 0.003551620122603873, "v": 0.05526904738736985, "ɛ": 0.03867860270506957, "ʃ": 0.0038921864357302715, "ʒ": 0.004573319061983069, "x": 0.027002043397878758, "f": 0.030261749537802862, "t": 0.019169018195971586, "d": 0.018877104213291817, "r": 0.011676559307190814, "l": 0.0049625377055560966, "tʲ": 0.027439914371898414, "dʲ": 0.027342609711005158, "ɦ": 0.0036489247834971296, "z": 0.009827770750218935, "s": 0.01060620803736499, "nʲ": 0.010119684732898706, "lʲ": 0.002627225844117933, "tsʲ": 0.0005838279653595408, "ts": 0.00019460932178651358}