{"ʃ": 0.014753046824887749, "ʒ": 0.014111610006414367, "p": 0.07312379730596537, "b": 0.07376523412443874, "d": 0.08466966003848621, "t": 0.08466966003848621, "j": 0.0391276459268762, "v": 0.058370750481077614, "f": 0.03784477228992944, "a": 0.013470173187940988, "r": 0.04490057729313662, "tʃ": 0.01796023091725465, "k": 0.03463758819756254, "m": 0.048749198203976905, "tʲ": 0.007055805003207184, "dʲ": 0.007055805003207184, "tsʲ": 0.006414368184733804, "l": 0.008338678640153944, "dʒ": 0.001924310455420141, "n": 0.036561898652982684, "x": 0.01731879409878127, "s": 0.0718409236690186, "z": 0.0686337395766517, "lʲ": 0.009621552277100705, "ts": 0.003207184092366902, "i": 0.013470173187940988, "ɔ": 0.04361770365618987, "nʲ": 0.007055805003207184, "sʲ": 0.005131494547787043, "rʲ": 0.004490057729313663, "ɦ": 0.01731879409878127, "u": 0.01731879409878127, "zʲ": 0.003207184092366902, "ɡ": 0.006414368184733804, "ɛ": 0.003848620910840282}