{"ʃ": 0.01490747087045922, "tʃ": 0.012165867032213845, "ɔ": 0.08807402330363262, "ʒ": 0.013536668951336532, "b": 0.0339273474982865, "p": 0.033584647018505824, "sʲ": 0.007710760795065113, "zʲ": 0.006854009595613434, "r": 0.03838245373543523, "d": 0.055346127484578476, "lʲ": 0.01285126799177519, "a": 0.09458533241946539, "t": 0.056374228923920494, "j": 0.021590130226182315, "k": 0.020904729266620972, "i": 0.07213845099383139, "u": 0.059972583961617545, "ɛ": 0.04643591501028101, "v": 0.03564084989718986, "f": 0.021761480466072652, "s": 0.03546949965729952, "z": 0.03169979437971213, "ɦ": 0.011651816312542838, "l": 0.017991775188485264, "m": 0.03169979437971213, "ɪ": 0.049177518848526384, "n": 0.02895819054146676, "x": 0.010452364633310486, "tʲ": 0.007882111034955449, "dʲ": 0.007882111034955449, "tsʲ": 0.0035983550376970526, "dʒ": 0.00205620287868403, "nʲ": 0.007368060315284441, "ts": 0.0013708019191226869, "rʲ": 0.0035983550376970526, "ɡ": 0.00205620287868403, "dzʲ": 0.0003427004797806717}