{"ʃ": 0.012173939541686982, "tʃ": 0.009522793759141881, "ɔ": 0.09176925889809849, "dʒ": 0.009522793759141881, "ʒ": 0.012173939541686982, "p": 0.026770477815699658, "b": 0.026770477815699658, "ɪ": 0.06246952705997075, "d": 0.048101535836177475, "t": 0.048101535836177475, "nʲ": 0.007374451487079474, "a": 0.09530411994149196, "sʲ": 0.0049823256947830324, "zʲ": 0.0049823256947830324, "j": 0.022458556801560215, "n": 0.02798939541686982, "i": 0.06335324232081911, "r": 0.043713432471964894, "k": 0.02247379327157484, "ɡ": 0.02247379327157484, "ɛ": 0.039462457337883956, "v": 0.03932532910775231, "f": 0.03932532910775231, "u": 0.04045282788883472, "s": 0.041062286689419795, "z": 0.041062286689419795, "tʲ": 0.01193015602145295, "dʲ": 0.01193015602145295, "ɦ": 0.00871526084836665, "ts": 0.0008532423208191126, "lʲ": 0.009400901999024866, "x": 0.007526816187225743, "m": 0.019502681618722574, "l": 0.017963798147245247, "tsʲ": 0.0021940516821062897, "dzʲ": 0.0021940516821062897, "rʲ": 0.004616650414431984}