{"ɔ": 0.07688128226025537, "a": 0.14561260527030698, "k": 0.019559902200488997, "d": 0.016299918500407497, "ɪ": 0.14778592773702798, "i": 0.1143710948111926, "ɛ": 0.05107307796794349, "u": 0.11409942950285248, "n": 0.018473240967128497, "b": 0.0027166530834012497, "x": 0.03341483292583537, "s": 0.010594947025264874, "v": 0.05514805759304537, "j": 0.038033143167617495, "ʒ": 0.004346644933441999, "tʲ": 0.02635153490899212, "z": 0.004618310241782124, "t": 0.017386579733767997, "m": 0.03667481662591687, "nʲ": 0.008693289866883998, "r": 0.016571583808747622, "sʲ": 0.008693289866883998, "tʃ": 0.004074979625101874, "ʃ": 0.004346644933441999, "l": 0.006791632708503124, "ɦ": 0.00597663678348275, "ts": 0.0008149959250203749, "tsʲ": 0.0019016571583808748, "dʲ": 0.0019016571583808748, "lʲ": 0.004074979625101874, "p": 0.0021733224667209996, "zʲ": 0.0005433306166802499}