{"ʃ": 0.012496604183645748, "p": 0.11790274381961424, "d": 0.05569138820972562, "j": 0.04156479217603912, "v": 0.09942950285248574, "u": 0.015756587883727247, "a": 0.016843249117087747, "t": 0.039119804400977995, "b": 0.03287150230915512, "r": 0.041293126867698995, "tʃ": 0.024178212442271124, "k": 0.05514805759304537, "ʒ": 0.009779951100244499, "m": 0.05759304536810649, "tʲ": 0.0027166530834012497, "tsʲ": 0.007878293941863623, "l": 0.007063298016843249, "n": 0.044553110567780496, "x": 0.015484922575387123, "s": 0.09155120891062211, "lʲ": 0.014941591958706873, "ts": 0.007063298016843249, "i": 0.015484922575387123, "ɔ": 0.039119804400977995, "nʲ": 0.007063298016843249, "sʲ": 0.0035316490084216245, "rʲ": 0.009508285791904374, "ɦ": 0.02798152675903287, "z": 0.06030969845150774, "dʲ": 0.007606628633523499, "f": 0.012224938875305624, "dʒ": 0.0013583265417006249, "ɛ": 0.0038033143167617496, "ɡ": 0.00027166530834012495, "zʲ": 0.0008149959250203749}