{"w": 0.06521739130434782, "k": 0.1956521739130435, "t": 0.13043478260869565, "j": 0.13043478260869565, "m": 0.21739130434782608, "a": 0.15217391304347827, "n": 0.043478260869565216, "e": 0.021739130434782608, "p": 0.021739130434782608, "r": 0.021739130434782608}