{"i": 0.05449330783938815, "˦": 0.1402963671128107, "m": 0.06190248565965583, "a": 0.15368068833652007, "˨": 0.20267686424474188, "u": 0.0248565965583174, "w": 0.014818355640535373, "e": 0.06955066921606119, "n": 0.04326003824091778, "p": 0.016969407265774377, "o": 0.05019120458891013, "k": 0.026290630975143402, "t": 0.028680688336520075, "j": 0.029158699808795412, "ʔ": 0.05640535372848948, "˥˩": 0.00979923518164436, "r": 0.016969407265774377}