{"˨": 0.2391304347826087, "ʔ": 0.34782608695652173, "˦": 0.32608695652173914, "n": 0.08695652173913043}