{"i": 0.046927294737591684, "˦": 0.1390728476821192, "m": 0.05554368724631489, "a": 0.17752616962187567, "˨": 0.206651000498469, "e": 0.06451612903225806, "ʔ": 0.06665242469557787, "p": 0.011535996581926939, "o": 0.04835149184647155, "j": 0.02912483087659332, "r": 0.015238909065014598, "u": 0.016591896318450473, "n": 0.043580431531723994, "w": 0.013672292245246742, "˥˩": 0.008189133376059247, "k": 0.020009969379762158, "t": 0.03681549526454461}