{"˨": 0.4532994923857868, "ʔ": 0.17868020304568527, "˦": 0.27106598984771574, "n": 0.04517766497461929, "˥˩": 0.04213197969543147, "m": 0.009644670050761422}