{"i": 0.054063994115483634, "˦": 0.14306730415593968, "m": 0.06068407502758367, "a": 0.16072085325487312, "˨": 0.19786686281721222, "ʔ": 0.05921294593600589, "o": 0.046708348657594705, "u": 0.023905847738139023, "w": 0.01875689591761677, "e": 0.06583302684810592, "˥˩": 0.010297903641044501, "n": 0.04303052592865024, "p": 0.01140125045972784, "k": 0.01802133137182788, "t": 0.033835969106289075, "r": 0.017653549098933432, "j": 0.03493931592497242}