{"i": 0.08934010152284264, "u": 0.03553299492385787, "w": 0.06548223350253807, "a": 0.15786802030456853, "k": 0.09796954314720813, "t": 0.10558375634517767, "j": 0.11624365482233502, "m": 0.10862944162436548, "p": 0.016243654822335026, "e": 0.05380710659898477, "o": 0.08629441624365482, "n": 0.05685279187817259, "r": 0.01015228426395939}