{"˨": 0.5316045380875203, "˦": 0.28363047001620745, "ʔ": 0.1280388978930308, "˥˩": 0.03241491085899514, "n": 0.02106969205834684, "m": 0.0032414910858995136}