{"w": 0.018292682926829267, "e": 0.0975609756097561, "˨": 0.16463414634146342, "k": 0.054878048780487805, "t": 0.036585365853658534, "˦": 0.15853658536585366, "ʔ": 0.0975609756097561, "i": 0.036585365853658534, "j": 0.036585365853658534, "m": 0.06097560975609756, "a": 0.10975609756097561, "n": 0.036585365853658534, "u": 0.036585365853658534, "o": 0.042682926829268296, "p": 0.006097560975609756, "r": 0.006097560975609756}