{"h": 0.019933554817275746, "b": 0.04784053156146179, "p": 0.03920265780730897, "u": 0.0345514950166113, "d": 0.06843853820598006, "t": 0.06843853820598006, "ɛ": 0.03986710963455149, "a": 0.08372093023255814, "q": 0.038538205980066444, "j": 0.026578073089700997, "ɔ": 0.07973421926910298, "i": 0.05714285714285714, "m": 0.03322259136212625, "k": 0.03920265780730897, "ɡ": 0.03920265780730897, "ʃ": 0.011960132890365448, "o": 0.03322259136212625, "n": 0.023920265780730896, "w": 0.009302325581395349, "f": 0.011295681063122924, "tʃ": 0.025913621262458473, "dʒ": 0.025913621262458473, "s": 0.046511627906976744, "z": 0.046511627906976744, "χ": 0.01727574750830565, "ɾ": 0.02524916943521595, "ɣ": 0.004651162790697674, "l": 0.0019933554817275745, "sː": 0.000664451827242525}