{"m": 0.036544850498338874, "d": 0.053156146179401995, "t": 0.053156146179401995, "a": 0.17475083056478405, "ɾ": 0.06511627906976744, "i": 0.1946843853820598, "n": 0.03521594684385382, "b": 0.038538205980066444, "p": 0.020598006644518274, "l": 0.03388704318936877, "ʃ": 0.0212624584717608, "ɡ": 0.014617940199335547, "k": 0.015946843853820596, "ŋ": 0.012624584717607974, "h": 0.012624584717607974, "χ": 0.00132890365448505, "s": 0.037209302325581395, "z": 0.0345514950166113, "j": 0.013289036544850499, "q": 0.019269102990033222, "tʃ": 0.009302325581395349, "dʒ": 0.009302325581395349, "u": 0.0106312292358804, "f": 0.008637873754152824, "ɔ": 0.061794019933554815, "w": 0.004651162790697674, "ɣ": 0.0026578073089701, "ɛ": 0.004651162790697674}