{"h": 0.010867628719045074, "a": 0.1464457509353287, "m": 0.0258328879387137, "d": 0.04988419739889542, "t": 0.05059682879030821, "b": 0.029930518439337254, "i": 0.11419918047389988, "l": 0.02939604489577766, "p": 0.02155709959023695, "ɾ": 0.048815250311776234, "u": 0.038303937288437555, "tʃ": 0.017993942633172992, "n": 0.03010867628719045, "dʒ": 0.017637626937466594, "ɛ": 0.026901835025832887, "o": 0.023694993764475324, "ʃ": 0.01460894352396223, "ɡ": 0.021200783894530555, "k": 0.022804204525209336, "ŋ": 0.0067699982184215215, "lː": 0.0019597363263851772, "ɔ": 0.08800997683947978, "χ": 0.006413682522715126, "q": 0.019953678959558168, "s": 0.04471761981115268, "z": 0.0429360413326207, "j": 0.021200783894530555, "kː": 0.0005344735435595938, "w": 0.00694815606627472, "f": 0.0074826296098343134, "mː": 0.0010689470871191875, "tː": 0.0017815784785319793, "dː": 0.0017815784785319793, "wː": 0.00017815784785319794, "ɣ": 0.0033849991092107607, "bː": 0.0005344735435595938, "nː": 0.0017815784785319793, "qː": 0.0003563156957063959, "sː": 0.0008907892392659896, "zː": 0.00017815784785319794, "tʃː": 0.00017815784785319794, "pː": 0.00017815784785319794}