{"h": 0.0074330281451339434, "a": 0.17314795976037076, "m": 0.023207867073584267, "d": 0.06365547643268905, "t": 0.0660698541878603, "n": 0.04684977958630044, "u": 0.020942692438114616, "i": 0.15226856561546287, "j": 0.022145360009042613, "ʃ": 0.017872725217587884, "s": 0.03133265513733469, "z": 0.030649937832033458, "k": 0.031002599751328134, "ɡ": 0.032354470441957724, "ɔ": 0.05053464451226405, "b": 0.027399118345201763, "l": 0.05595569119475528, "p": 0.014924833276817, "ɾ": 0.05059794280547078, "ŋ": 0.004363060924607211, "tʃ": 0.00835537470328925, "dʒ": 0.007939414490787838, "f": 0.0032417768735164463, "kː": 0.00014920311970159376, "q": 0.014436532157793603, "w": 0.004005877698654911, "ɛ": 0.016982027806035943, "o": 0.015440262235786142, "ɣ": 0.001103198824460269, "lː": 0.0008228778116875777, "χ": 0.0033683734599299197, "mː": 0.00017180965298971404, "bː": 9.042613315248107e-05, "tː": 0.0002125014129083305, "dː": 0.00024867186616932296, "nː": 0.0002893636260879394, "qː": 9.946874646772917e-05, "wː": 0.0001356391997287216, "sː": 9.946874646772917e-05, "fː": 4.521306657624053e-06, "jː": 1.356391997287216e-05, "ɾː": 1.356391997287216e-05, "dʒː": 9.042613315248107e-06, "zː": 4.9734373233864586e-05, "tʃː": 4.521306657624053e-06, "pː": 4.521306657624053e-06}