{"m": 0.034486071085494716, "a": 0.21536983669548512, "n": 0.0760806916426513, "u": 0.0025936599423631124, "d": 0.04015369836695485, "t": 0.04015369836695485, "i": 0.20240153698366956, "ɾ": 0.06762728146013448, "b": 0.04726224783861672, "p": 0.04726224783861672, "ʃ": 0.022478386167146973, "tʃ": 0.005187319884726225, "dʒ": 0.005187319884726225, "ɡ": 0.024495677233429394, "k": 0.024495677233429394, "j": 0.02622478386167147, "s": 0.018443804034582133, "z": 0.018443804034582133, "ŋ": 0.012584053794428434, "q": 0.017867435158501442, "w": 0.0024975984630163303, "l": 0.018539865513928916, "f": 0.004226705091258405, "h": 0.0056676272814601344, "χ": 0.0009606147934678194, "ɣ": 0.0010566762728146013, "ɔ": 0.016426512968299712, "ɛ": 0.001633045148895293, "o": 0.00019212295869356388}