{"h": 0.009827654731365393, "a": 0.154243595765437, "m": 0.02597824908769014, "d": 0.05842396213462442, "t": 0.05842396213462442, "n": 0.03645626332333707, "u": 0.027712541099107563, "i": 0.1379123459912563, "ʃ": 0.01416338475990895, "ɔ": 0.06266936445423998, "s": 0.03580590381905553, "z": 0.03580590381905553, "b": 0.028832604689814648, "l": 0.0429237272825812, "p": 0.028832604689814648, "ɾ": 0.048704700653972616, "ɡ": 0.03134371499801279, "k": 0.03134371499801279, "tʃ": 0.010586407486360515, "dʒ": 0.010586407486360515, "j": 0.024478809119485495, "ŋ": 0.00429959894497236, "kː": 0.00041550746106875746, "q": 0.016855150485963075, "w": 0.005780973371391408, "ɛ": 0.021895436644144957, "o": 0.019745637171658777, "f": 0.004444123279257145, "lː": 0.001445243342847852, "χ": 0.004118943527116378, "ɣ": 0.0019510785128446003, "mː": 0.00034324529392636485, "tː": 0.0008310149221375149, "dː": 0.0008310149221375149, "nː": 0.0005780973371391408, "qː": 0.0003251797521407667, "wː": 0.0001445243342847852, "sː": 0.0002529175849983741, "zː": 0.0002529175849983741, "bː": 0.0001445243342847852, "pː": 0.0001445243342847852, "jː": 5.419662535679445e-05, "dʒː": 3.61310835711963e-05, "tʃː": 1.806554178559815e-05, "ɾː": 3.61310835711963e-05}