{"h": 0.028157531669384173, "b": 0.07067603160667252, "p": 0.05421422300263389, "u": 0.020412642669007903, "d": 0.07920481625486016, "t": 0.07920481625486016, "ɛ": 0.038536310046406626, "a": 0.0508277938040888, "q": 0.05179982440737489, "j": 0.04364730967013671, "ɔ": 0.054684560391320705, "k": 0.050232033111752165, "ɡ": 0.050232033111752165, "m": 0.03985325473472971, "i": 0.039790543082904806, "ʃ": 0.011695723065345541, "o": 0.03878715665370626, "tʃ": 0.020381286843095446, "dʒ": 0.020161796061708266, "n": 0.01997366110623354, "w": 0.009155901166436725, "ɾ": 0.01113131819892136, "f": 0.011037250721183996, "l": 0.0014110121660604541, "s": 0.04377273297378653, "z": 0.04302019315188762, "χ": 0.015395710523015176, "ɣ": 0.0025711777248212716, "sː": 3.135582591245454e-05}