{"m": 0.03355073372632635, "a": 0.21933400225761945, "n": 0.10479117019942305, "u": 0.000940674777373636, "d": 0.03286090555625235, "t": 0.03292361720807726, "i": 0.2282077009908441, "ʃ": 0.039320205694217986, "b": 0.0591057318449768, "s": 0.012040637150382541, "z": 0.011915213846732723, "ɾ": 0.06393452903549479, "ŋ": 0.021384673272293993, "p": 0.015740624608052176, "ɡ": 0.021071115013169446, "k": 0.021133826664994356, "tʃ": 0.005706760316066725, "dʒ": 0.005706760316066725, "l": 0.011946569672645178, "j": 0.025837200551862536, "ɔ": 0.013294870186880723, "h": 0.0023203311175216353, "f": 0.0024771102470839083, "q": 0.01113131819892136, "w": 0.0012855888624106358, "χ": 0.0006898281700739998, "ɣ": 0.0007211839959864543, "ɛ": 0.0005644048664241817, "o": 6.271165182490907e-05}