{"h": 0.016522811344019728, "a": 0.15647348951911222, "m": 0.03797780517879162, "b": 0.03596383066173448, "i": 0.1362104397862721, "l": 0.05376078914919852, "n": 0.051870119194410196, "ɾ": 0.05528154541718044, "u": 0.03279901356350185, "tʃ": 0.008631319358816275, "d": 0.04184134812988081, "ɛ": 0.018783394985614467, "o": 0.0177147554459515, "ɡ": 0.01952322235922729, "ː": 0.009494451294697904, "ɔ": 0.06280312371557747, "q": 0.027373612823674474, "s": 0.030826140567200986, "j": 0.031072749691738594, "k": 0.025811755034936292, "ŋ": 0.008425811755034936, "ʃ": 0.022564734895191122, "p": 0.003945745992601726, "χ": 0.007192766132346897, "w": 0.009330045211672832, "t": 0.04212905877517468, "z": 0.018249075215782985, "f": 0.006699547883271681, "dʒ": 0.007562679819153309, "ɣ": 0.0031648170982326346}