{"h": 0.04679625629949604, "b": 0.09743220542356612, "u": 0.02495800335973122, "d": 0.03599712023038157, "ɛ": 0.02591792656587473, "a": 0.06407487401007919, "q": 0.07679385649148068, "j": 0.05231581473482121, "ɔ": 0.05567554595632349, "k": 0.06479481641468683, "m": 0.0628749700023998, "i": 0.04703623710103192, "ʃ": 0.023758099352051837, "o": 0.03335733141348692, "tʃ": 0.011519078473722102, "n": 0.02759779217662587, "w": 0.011039116870650349, "t": 0.07199424046076314, "ɾ": 0.01583873290136789, "f": 0.014398848092152628, "dʒ": 0.023038156947444204, "l": 0.00335973122150228, "s": 0.05255579553635709, "z": 0.011039116870650349, "ɡ": 0.010559155267578594, "χ": 0.022798176145908327, "p": 0.008639308855291577, "ɣ": 0.003839692824574034}