{"m": 0.033597312215022795, "n": 0.09959203263738901, "ɾ": 0.08039356851451884, "b": 0.05687544996400288, "i": 0.2267818574514039, "h": 0.008879289656827454, "a": 0.19462443004559635, "ŋ": 0.02759779217662587, "s": 0.011999040076793857, "ʃ": 0.02855771538276938, "k": 0.02591792656587473, "q": 0.0199184065274778, "tʃ": 0.0028797696184305254, "l": 0.025437964962802977, "j": 0.033837293016558675, "p": 0.00167986561075114, "u": 0.003599712023038157, "ɔ": 0.020398368130549557, "t": 0.04487640988720902, "d": 0.015358771298296136, "z": 0.02087832973362131, "ɛ": 0.0014398848092152627, "w": 0.004799616030717543, "ɣ": 0.0014398848092152627, "χ": 0.0011999040076793857, "f": 0.005759539236861051, "dʒ": 0.0011999040076793857, "ː": 0.00023998080153587713, "o": 0.00023998080153587713}