{"o": 0.24947501049979, "e": 0.123897522049559, "i": 0.2733095338093238, "a": 0.3233935321293574, "u": 0.029294414111717765, "n": 0.00041999160016799666, "h": 0.00010499790004199917, "s": 0.00010499790004199917}