{"a": 0.21097595222962887, "h": 0.012489468938912455, "p": 0.04380921412418523, "o": 0.08222356888422484, "tʃ": 0.03306383670573629, "e": 0.09925063186366526, "i": 0.14718358780318372, "k": 0.06218129683550852, "t": 0.04098615073089259, "m": 0.041429563829315515, "w": 0.03989239842144937, "s": 0.02667868808844613, "ɾ": 0.06688147567879155, "n": 0.04023234846357361, "u": 0.02945741017189648, "ʔ": 0.01111488833380138, "j": 0.012149518896788211}