{"a": 0.07202855942881142, "n": 0.09649307013859723, "w": 0.0741285174296514, "ɾ": 0.02971440571188576, "p": 0.09092818143637127, "t": 0.12169256614867703, "k": 0.09649307013859723, "j": 0.037274254514909705, "e": 0.08042839143217136, "i": 0.07748845023099538, "s": 0.057118857622847546, "o": 0.03275934481310374, "m": 0.060688786224275516, "tʃ": 0.03989920201595968, "u": 0.03265434691306174, "h": 0.00020999580008399833}