{"a": 0.07407407407407407, "n": 0.10146280734516029, "w": 0.06318082788671024, "ɾ": 0.0196078431372549, "p": 0.09212573918456271, "t": 0.13569872393401805, "k": 0.08776844070961717, "j": 0.03672580143168378, "e": 0.08558979147214442, "i": 0.09523809523809523, "s": 0.04263927793339558, "o": 0.03236850295673825, "m": 0.06567071272953626, "tʃ": 0.04295051353874883, "u": 0.023965141612200435, "h": 0.0009337068160597573}