{"a": 0.19349845201238391, "h": 0.020123839009287926, "p": 0.03637770897832817, "o": 0.08823529411764706, "m": 0.029411764705882353, "e": 0.10681114551083591, "n": 0.05108359133126935, "ʔ": 0.01238390092879257, "w": 0.04256965944272446, "t": 0.04179566563467492, "k": 0.05495356037151703, "i": 0.13080495356037153, "j": 0.01238390092879257, "u": 0.04256965944272446, "s": 0.04489164086687306, "tʃ": 0.030959752321981424, "ɾ": 0.06114551083591331}