{"o": 0.22719802793755137, "e": 0.12489728841413311, "i": 0.25472473294987674, "a": 0.3635990139687757, "u": 0.02752670501232539, "n": 0.0012325390304026294, "h": 0.0004108463434675431, "s": 0.0004108463434675431}