{"o": 0.21817615935262993, "a": 0.41798941798941797, "i": 0.21350762527233116, "e": 0.13725490196078433, "u": 0.011515717398070339, "n": 0.0009337068160597573, "s": 0.0003112356053532524, "h": 0.0003112356053532524}