{"a": 0.07462686567164178, "n": 0.09850746268656717, "w": 0.09850746268656717, "t": 0.10746268656716418, "k": 0.08358208955223881, "j": 0.01791044776119403, "e": 0.06567164179104477, "p": 0.08358208955223881, "i": 0.04776119402985075, "s": 0.05373134328358209, "m": 0.0626865671641791, "o": 0.050746268656716415, "tʃ": 0.04776119402985075, "u": 0.050746268656716415, "ɾ": 0.056716417910447764}