{"a": 0.20029909788219402, "h": 0.0225288243523566, "p": 0.04418930001447248, "o": 0.0850981716435911, "m": 0.04346567610593854, "n": 0.044382266390081526, "ʔ": 0.01891070480968691, "w": 0.03362439094987699, "ɾ": 0.05152202228761638, "i": 0.13777799218486178, "s": 0.02860726518404168, "u": 0.03627767861450142, "k": 0.05542959139369965, "t": 0.04708379564860823, "e": 0.10164503835206715, "j": 0.016498625114573784, "tʃ": 0.03265955907183173}