{"o": 0.18208955223880596, "e": 0.13432835820895522, "a": 0.3761194029850746, "i": 0.2746268656716418, "u": 0.023880597014925373, "n": 0.005970149253731343, "h": 0.0029850746268656717}