{"˧": 0.1946564885496183, "˨˩": 0.020568278201865988, "j": 0.09690415606446141, "ŋ": 0.11450381679389313, "m": 0.056615776081424936, "n̪": 0.13952502120441052, "˧˥": 0.023960983884648006, "k": 0.06891433418150976, "t̪": 0.09033078880407125, "˨˩ˀ": 0.01717557251908397, "p": 0.04071246819338423, "˧˥ˀ": 0.016115351993214587, "˧˩˧": 0.024173027989821884, "l": 0.006997455470737914, "w": 0.00826972010178117, "s": 0.03710771840542833, "z": 0.03816793893129771, "ɣ": 0.001272264631043257, "v": 0.0014843087362171332, "f": 0.00042408821034775233, "ɓ": 0.0010602205258693808, "ɗ": 0.00021204410517387616, "h": 0.0008481764206955047}