{"˧": 0.10802469135802469, "˨˩": 0.034722222222222224, "j": 0.1246141975308642, "ŋ": 0.1408179012345679, "m": 0.07291666666666667, "n̪": 0.12962962962962962, "˧˥": 0.03819444444444445, "k": 0.0798611111111111, "t̪": 0.07947530864197531, "˨˩ˀ": 0.027391975308641976, "p": 0.048996913580246916, "˧˥ˀ": 0.029320987654320986, "˧˩˧": 0.04050925925925926, "w": 0.010416666666666666, "s": 0.011959876543209876, "z": 0.013117283950617283, "ɣ": 0.0019290123456790122, "l": 0.0023148148148148147, "v": 0.0023148148148148147, "f": 0.0007716049382716049, "ɓ": 0.0015432098765432098, "ɗ": 0.00038580246913580245, "h": 0.0007716049382716049}