{"k": 0.06712962962962964, "v": 0.05324074074074074, "f": 0.05131172839506173, "l": 0.05478395061728395, "x": 0.03973765432098766, "ɣ": 0.04282407407407408, "m": 0.047839506172839504, "tɕ": 0.059027777777777776, "ɗ": 0.05632716049382716, "ɲ": 0.031635802469135804, "t̪": 0.056712962962962965, "n̪": 0.03433641975308642, "z": 0.08989197530864197, "s": 0.09066358024691358, "t̪ʰ": 0.04359567901234568, "ɓ": 0.057484567901234566, "h": 0.04398148148148148, "o": 0.004243827160493827, "ŋ": 0.03125, "aː": 0.007716049382716049, "ɛ": 0.0030864197530864196, "a": 0.0007716049382716049, "ie": 0.0011574074074074073, "ɤ": 0.004243827160493827, "i": 0.006558641975308642, "ɯ": 0.0011574074074074073, "ɤ:": 0.0011574074074074073, "uo": 0.0007716049382716049, "ɯɤ": 0.0019290123456790122, "u": 0.0073302469135802465, "w": 0.0011574074074074073, "ɔ": 0.004243827160493827, "p": 0.0019290123456790122, "e": 0.00038580246913580245, "ʔ": 0.00038580246913580245}