{"k": 0.030862846386201463, "uo": 0.00424637744604474, "˧˩˧": 0.014271330385676137, "˧": 0.20268791314625925, "v": 0.010944271768156547, "aː": 0.05537801514687213, "˨˩": 0.020443899662916428, "f": 0.009893621678413518, "ɔ": 0.03944315545243619, "j": 0.021363218491441578, "ŋ": 0.031300617256927725, "m": 0.024734054196033795, "n̪": 0.0377796261436764, "l": 0.015628420084927548, "˧˥": 0.03852383662391105, "x": 0.00757343606356433, "o": 0.013045571947642604, "ɣ": 0.008886748675743116, "˨˩ˀ": 0.027754673204045004, "t̪": 0.03423368209079368, "ɯɤ": 0.006216346364312919, "˧˥ˀ": 0.008711640327452612, "tɕ": 0.01238891564155321, "ɗ": 0.009236965372324126, "ɲ": 0.005034365013352011, "ɯ": 0.0055159129711509, "p": 0.01125071137766493, "ɤ:": 0.007836098586000088, "e": 0.0073545506282012, "z": 0.04640371229698376, "s": 0.04539683929431336, "u": 0.04250755154752003, "w": 0.005866129667731909, "i": 0.042638882808737906, "ɛ": 0.02928687125158692, "ie": 0.013833559514949875, "t̪ʰ": 0.008930525762815743, "a": 0.007223219366983321, "ɤ": 0.013570896992514118, "ɓ": 0.010418946723285033, "h": 0.011163157203519678, "ʔ": 0.00021888543536313092}