{"k": 0.06700593723494487, "v": 0.046225614927905, "f": 0.04474130619168787, "l": 0.053223070398642915, "x": 0.03668363019508058, "ɣ": 0.03816793893129771, "m": 0.05173876166242578, "ŋ": 0.03435114503816794, "tɕ": 0.0551314673452078, "ɗ": 0.04240882103477523, "ɲ": 0.024173027989821884, "t̪": 0.06212892281594572, "n̪": 0.031170483460559797, "z": 0.09690415606446141, "s": 0.09796437659033079, "t̪ʰ": 0.04219677692960136, "ɓ": 0.043044953350296865, "h": 0.05131467345207803, "o": 0.002544529262086514, "aː": 0.019083969465648856, "ɛ": 0.003604749787955895, "a": 0.00042408821034775233, "ie": 0.001272264631043257, "ɤ": 0.002332485156912638, "i": 0.012510602205258695, "ɯ": 0.0006361323155216285, "ɤ:": 0.0006361323155216285, "uo": 0.00042408821034775233, "ɯɤ": 0.0010602205258693808, "u": 0.012298558100084818, "ʔ": 0.0010602205258693808, "w": 0.0006361323155216285, "ɔ": 0.011450381679389313, "p": 0.006997455470737914, "e": 0.004452926208651399}