{"k": 0.040603368116540965, "uo": 0.002789544374418845, "˧˩˧": 0.02448600061989875, "˧": 0.09091848331439198, "v": 0.01560078520508317, "aː": 0.0523814443640872, "˨˩": 0.034094431242896996, "f": 0.014051038330406034, "j": 0.03347453249302614, "ŋ": 0.04607914040706684, "m": 0.032648000826531666, "n̪": 0.04463270999070152, "l": 0.016014051038330406, "ɔ": 0.03006508936873644, "˧˥": 0.06343630540345077, "x": 0.010641595206116334, "o": 0.02789544374418845, "ɣ": 0.01229465853910528, "˨˩ˀ": 0.04401281124083067, "t̪": 0.037400557908874886, "tɕ": 0.016014051038330406, "ɗ": 0.01549746874677136, "ɯɤ": 0.00444260770740779, "ɲ": 0.008575266039880153, "ɯ": 0.011468126872610807, "˧˥ˀ": 0.015807418121706787, "p": 0.014257671247029651, "ɤ:": 0.014774253538588697, "e": 0.01126149395598719, "z": 0.030788304576919102, "s": 0.030168405827048248, "w": 0.005372455832214072, "t̪ʰ": 0.011674759789234426, "i": 0.02438268416158694, "u": 0.02551916520301684, "a": 0.016530633329889452, "ɤ": 0.02252298791197438, "ɓ": 0.016014051038330406, "h": 0.01219134208079347, "ɛ": 0.01673726624651307, "ie": 0.0023762785411716087, "ʔ": 0.00010331645831180907}