{"˧": 0.18242677824267783, "˨˩": 0.02698744769874477, "˧˥": 0.03158995815899582, "ŋ": 0.15690376569037656, "t̪": 0.06652719665271967, "j": 0.11443514644351464, "k": 0.07531380753138076, "˧˥ˀ": 0.0200836820083682, "˧˩˧": 0.03138075313807531, "m": 0.06046025104602511, "n̪": 0.150418410041841, "˨˩ˀ": 0.02489539748953975, "w": 0.009205020920502092, "p": 0.03221757322175732, "z": 0.004393305439330544, "ɓ": 0.0010460251046025104, "ɣ": 0.0010460251046025104, "l": 0.0035564853556485356, "s": 0.004811715481171548, "v": 0.0012552301255230125, "ɗ": 0.00020920502092050208, "h": 0.0008368200836820083}