{"k": 0.04089479203075848, "uo": 0.005442652419234034, "˧˩˧": 0.020322564537873872, "˧": 0.15608927947271184, "v": 0.010735507065461627, "aː": 0.060218704748589404, "˨˩": 0.03185699305936985, "l": 0.016677485394717133, "ɔ": 0.03115793678533979, "˧˥": 0.05217955759724372, "x": 0.006541169421281271, "o": 0.018475058670794426, "ŋ": 0.046437309631996805, "m": 0.02791231837020023, "˨˩ˀ": 0.03764917361561891, "t̪": 0.035352274429520145, "ɯɤ": 0.00963699006341439, "j": 0.027812453188195935, "tɕ": 0.020272631946871723, "ɗ": 0.014430518799620512, "ɲ": 0.007140360513307036, "ɯ": 0.00913766415339292, "˧˥ˀ": 0.011234832975483097, "ɤ:": 0.008638338243371449, "e": 0.008588405652369301, "n̪": 0.045438657811953866, "z": 0.024516902182054226, "ie": 0.01772606980576222, "t̪ʰ": 0.014031058071603335, "i": 0.02686373395915514, "u": 0.03570180256653518, "f": 0.0062415738752683875, "s": 0.017126878713736457, "a": 0.009387327108403655, "ɤ": 0.0198232386278524, "ɓ": 0.014780046936635542, "h": 0.014929844709641983, "ɛ": 0.015728766165676335, "w": 0.008338742697358566, "ɣ": 0.0055425176012383285, "p": 0.008688270834373596, "ʔ": 0.00029959554601288263}