{"k": 0.0899581589958159, "v": 0.04142259414225941, "l": 0.05899581589958159, "x": 0.027405857740585775, "m": 0.05313807531380753, "ŋ": 0.03556485355648536, "tɕ": 0.08430962343096235, "ɗ": 0.05899581589958159, "ɲ": 0.029707112970711297, "t̪": 0.07573221757322175, "n̪": 0.03347280334728033, "z": 0.08598326359832636, "t̪ʰ": 0.05815899581589958, "f": 0.025523012552301255, "s": 0.05899581589958159, "ɓ": 0.05774058577405858, "h": 0.0598326359832636, "o": 0.0029288702928870294, "aː": 0.010251046025104602, "ɣ": 0.0200836820083682, "ɛ": 0.0033472803347280333, "a": 0.0006276150627615063, "ie": 0.002301255230125523, "ɤ": 0.0037656903765690376, "i": 0.005648535564853557, "ɯ": 0.0010460251046025104, "ɤ:": 0.0006276150627615063, "uo": 0.0006276150627615063, "ɯɤ": 0.0014644351464435147, "u": 0.004811715481171548, "ʔ": 0.0012552301255230125, "w": 0.0010460251046025104, "ɔ": 0.0031380753138075313, "p": 0.0014644351464435147, "e": 0.0006276150627615063}