{"ɑ": 0.09494505494505495, "j": 0.0222977022977023, "k": 0.14101898101898103, "ɡ": 0.14101898101898103, "f": 0.04391608391608392, "v": 0.0421978021978022, "b": 0.02197802197802198, "t": 0.10345654345654345, "d": 0.10345654345654345, "h": 0.07036963036963037, "o": 0.006673326673326673, "m": 0.04123876123876124, "n": 0.03088911088911089, "e": 0.008551448551448551, "i": 0.017062937062937062, "l": 0.039160839160839164, "w": 0.0445954045954046, "u": 0.027172827172827173}