{"e": 0.08271728271728272, "ɑ": 0.4254945054945055, "o": 0.10501498501498502, "i": 0.28779220779220777, "u": 0.09834165834165834, "h": 0.00015984015984015984, "m": 0.00011988011988011988, "d": 0.00011988011988011988, "t": 0.00011988011988011988, "l": 7.992007992007992e-05, "b": 3.996003996003996e-05}