{"ɑ": 0.2275679758308157, "ɡ": 0.05105740181268882, "i": 0.12250755287009063, "n": 0.06510574018126888, "e": 0.06525679758308157, "j": 0.03942598187311178, "u": 0.060876132930513596, "b": 0.020468277945619336, "d": 0.03361027190332326, "k": 0.030589123867069485, "f": 0.013217522658610271, "ʔ": 0.019259818731117824, "l": 0.03935045317220544, "v": 0.01948640483383686, "t": 0.04682779456193353, "m": 0.04010574018126888, "o": 0.052341389728096675, "h": 0.029229607250755286, "w": 0.023716012084592144}