{"e": 0.09355246523388117, "i": 0.2833965444584914, "u": 0.10450906026127266, "ɑ": 0.42351453855878635, "o": 0.09165613147914033, "h": 0.0008428150021070375, "m": 0.0006321112515802782, "d": 0.0006321112515802782, "t": 0.0006321112515802782, "l": 0.00042140750105351877, "b": 0.00021070375052675939}