{"ɑ": 0.252193490356183, "ɡ": 0.0542595993816754, "i": 0.13554127639863625, "n": 0.04788783979575898, "e": 0.047828592665205234, "k": 0.0542595993816754, "j": 0.028314742301912606, "o": 0.04366513521811023, "d": 0.07133893128948686, "t": 0.07133893128948686, "m": 0.026887425065845107, "w": 0.0150541572634289, "u": 0.041370655434847005, "b": 0.008687783780290096, "v": 0.021641360960449847, "f": 0.02278860085208146, "h": 0.017499447924465294, "l": 0.03180493690180596, "ʔ": 0.007637493738655521}