{"ɑ": 0.054838709677419356, "j": 0.054838709677419356, "k": 0.1064516129032258, "ɡ": 0.1064516129032258, "b": 0.04838709677419355, "h": 0.054838709677419356, "o": 0.008064516129032258, "m": 0.0532258064516129, "t": 0.1064516129032258, "d": 0.1064516129032258, "n": 0.02258064516129032, "i": 0.027419354838709678, "l": 0.07419354838709677, "f": 0.05806451612903226, "v": 0.0467741935483871, "e": 0.01935483870967742, "w": 0.04516129032258064, "u": 0.0064516129032258064}