{"ɑ": 0.4435483870967742, "e": 0.08709677419354839, "i": 0.2435483870967742, "u": 0.10483870967741936, "o": 0.09516129032258064, "h": 0.0064516129032258064, "m": 0.004838709677419355, "d": 0.004838709677419355, "t": 0.004838709677419355, "l": 0.0032258064516129032, "b": 0.0016129032258064516}