{"ɑ": 0.08807416772018542, "j": 0.02781289506953224, "ɡ": 0.13000421407501053, "k": 0.13000421407501053, "f": 0.05099030762747577, "v": 0.05099030762747577, "b": 0.026127265065318164, "d": 0.10766961651917405, "t": 0.10766961651917405, "h": 0.0617361989043405, "o": 0.008217446270543615, "m": 0.04277286135693215, "n": 0.03392330383480826, "e": 0.011588706278971767, "i": 0.015381373788453435, "l": 0.04298356510745891, "w": 0.04403708386009271, "u": 0.02001685630004214}