{"ɑ": 0.10252672497570457, "j": 0.04081632653061224, "k": 0.07240038872691934, "f": 0.033527696793002916, "ɡ": 0.16229348882410108, "b": 0.04178814382896016, "v": 0.028182701652089408, "t": 0.09912536443148688, "h": 0.10592808551992225, "o": 0.012633624878522837, "m": 0.06365403304178814, "n": 0.04178814382896016, "e": 0.01652089407191448, "i": 0.022351797862001945, "l": 0.03595724003887269, "d": 0.01749271137026239, "w": 0.06705539358600583, "u": 0.03595724003887269}