{"ɑ": 0.20765709529754472, "n": 0.023304203079483977, "j": 0.027049521431543905, "k": 0.049937578027465665, "e": 0.07240948813982521, "ɡ": 0.049937578027465665, "l": 0.042863087806908035, "i": 0.12359550561797752, "t": 0.06491885143570537, "u": 0.052850603412401165, "d": 0.06491885143570537, "m": 0.03537245110278818, "o": 0.0628381190178943, "b": 0.019558884727424054, "h": 0.022888056595921764, "ʔ": 0.008322929671244279, "v": 0.022055763628797336, "f": 0.02663337494798169, "w": 0.022888056595921764}