{"m": 0.027916251246261216, "a": 0.22931206380857427, "n": 0.01694915254237288, "u": 0.13559322033898305, "i": 0.10867397806580259, "k": 0.05782652043868395, "ɟ": 0.06181455633100698, "ŋ": 0.03489531405782652, "l": 0.015952143569292122, "ɲ": 0.013958125623130608, "w": 0.03489531405782652, "j": 0.04287138584247258, "p": 0.05583250249252243, "ɽ": 0.014955134596211365, "ɭ": 0.028913260219341975, "ɾ": 0.026919242273180457, "aː": 0.009970089730807577, "t": 0.011964107676969093, "ɳ": 0.013958125623130608, "ɻ": 0.022931206380857428, "ʎ": 0.006979062811565304, "ʈ": 0.010967098703888335, "uː": 0.006979062811565304, "iː": 0.00897308075772682}