{"m": 0.0796812749003984, "k": 0.15139442231075698, "ŋ": 0.08764940239043825, "ɲ": 0.03187250996015936, "w": 0.10756972111553785, "j": 0.12350597609561753, "ɭ": 0.043824701195219126, "ɟ": 0.14342629482071714, "p": 0.1553784860557769, "ʈ": 0.03187250996015936, "ɽ": 0.01593625498007968, "ɻ": 0.01593625498007968, "ɳ": 0.01195219123505976}