{"u": 0.3866037311755451, "a": 0.4086311530681052, "i": 0.20386603731175545, "ʎ": 0.0006743088334457181, "aː": 0.0002247696111485727}