{"m": 0.02531102531102531, "a": 0.2275132275132275, "n": 0.02002002002002002, "u": 0.1442871442871443, "l": 0.024596024596024595, "ɟ": 0.07850707850707851, "ɭ": 0.03003003003003003, "k": 0.07707707707707707, "ɳ": 0.02288002288002288, "i": 0.11011011011011011, "j": 0.04075504075504076, "t": 0.011726011726011726, "ɲ": 0.009295009295009295, "p": 0.05062205062205062, "ɾ": 0.024167024167024168, "ŋ": 0.0306020306020306, "w": 0.02473902473902474, "ɻ": 0.016874016874016875, "ɽ": 0.012012012012012012, "aː": 0.003861003861003861, "ʈ": 0.006435006435006435, "ʎ": 0.00286000286000286, "uː": 0.002717002717002717, "iː": 0.003003003003003003}