{"m": 0.08194378275369224, "k": 0.1977131967603621, "ŋ": 0.11910433539780849, "ɲ": 0.0562172463077656, "j": 0.1529299666507861, "w": 0.10385898046688899, "ɟ": 0.09861838970938543, "ɭ": 0.023820867079561697, "p": 0.11576941400666985, "ʈ": 0.02191519771319676, "ɽ": 0.011910433539780848, "ɻ": 0.00857551214864221, "ɳ": 0.007622677465459742}