{"m": 0.023590535701748228, "a": 0.2196166537948466, "n": 0.027101032085936953, "u": 0.15361932177209858, "k": 0.07982868777645159, "ɟ": 0.06262725549392684, "ŋ": 0.04240679632099979, "l": 0.03320929579442533, "ɲ": 0.016990802499473427, "i": 0.10489363195955909, "j": 0.03573685319104122, "w": 0.023379905918696903, "p": 0.04577687284982097, "ɽ": 0.011233588429403918, "ɭ": 0.03299866601137401, "t": 0.014182405392122446, "ɾ": 0.024503264761637295, "ː": 0.005335954503966861, "ʎ": 0.004072175805658921, "ɳ": 0.018395001053148917, "ɻ": 0.01551639401811416, "ʈ": 0.004984904865547988}