{"u": 0.3187250996015936, "i": 0.2549800796812749, "a": 0.42231075697211157, "aː": 0.00398406374501992}