{"m": 0.08431836091410559, "k": 0.16784869976359337, "ŋ": 0.09141055949566587, "ɲ": 0.028368794326241134, "j": 0.14026792750197006, "w": 0.09692671394799054, "ɟ": 0.14105594956658787, "ɭ": 0.03152088258471237, "p": 0.1536643026004728, "ʈ": 0.02206461780929866, "ɽ": 0.015760441292356184, "ɻ": 0.014184397163120567, "ɳ": 0.01260835303388495}