{"m": 0.09215554057091481, "k": 0.16363227691616095, "ŋ": 0.09867385929422343, "ɲ": 0.03506405933917734, "j": 0.13396268824454935, "w": 0.09934816812766914, "ɟ": 0.1449763991908294, "ɭ": 0.029669588671611596, "p": 0.1393571589121151, "ʈ": 0.022701730726005846, "ɽ": 0.01910541694762868, "ɻ": 0.007642166779051472, "ɳ": 0.013710946280062936}