{"m": 0.02316808651095533, "a": 0.2353588381377511, "n": 0.02288516550878627, "u": 0.15101694382446323, "l": 0.02700323787369149, "ɭ": 0.03571091760711703, "p": 0.0471220646946025, "k": 0.08751689667096288, "ɟ": 0.0801609506145673, "ɻ": 0.015654962120021376, "i": 0.09389833705322058, "ɾ": 0.02681462387224545, "ɲ": 0.010499512747162931, "ɳ": 0.019018578479142435, "j": 0.032976014586149446, "t": 0.01213416742636195, "ŋ": 0.037188393951777685, "w": 0.021376253497217945, "ɽ": 0.009870799409009463, "aː": 0.0017918330137373865, "ʎ": 0.002326239351167835, "ʈ": 0.004306686366351262, "uː": 0.0009745056741378768, "iː": 0.0012259910093992644}