{"j": 0.027782150165276246, "aː": 0.04848103258303164, "lː": 0.0048008814733196915, "a": 0.07492523217377617, "l": 0.02668030851566189, "ɛː": 0.029513615614670235, "n": 0.034078388163072564, "ɛ": 0.06721234062647569, "ᵑɡ": 0.0067684558476310405, "i": 0.046041240358885564, "ɾ": 0.03022194238942232, "ɡ": 0.027309932315441522, "k": 0.026365496615772078, "ɔ": 0.0388005666614198, "w": 0.019518337793168583, "x": 0.014796159294821344, "u": 0.056193924130332126, "s": 0.027939556115221156, "ɔː": 0.025893278765937354, "t": 0.04690697308358256, "d": 0.04242090351015269, "m": 0.025342357941130173, "f": 0.014087832520069258, "kː": 0.014009129545096805, "ɡː": 0.014009129545096805, "dʒ": 0.021800724067369746, "tʃ": 0.02046277349283803, "p": 0.020777585392727844, "ɲ": 0.0109397135211711, "e": 0.017235951518967417, "b": 0.023925704391626005, "ⁿd": 0.006296237997796317, "iː": 0.00417125767354006, "nː": 0.0045647725484023296, "ə": 0.021407209192507475, "pː": 0.007634188572328034, "bː": 0.007870297497245396, "uː": 0.0048008814733196915, "ᵐb": 0.005824020147961593, "o": 0.004643475523374784, "tʃː": 0.002439792224146073, "dː": 0.008263812372107666, "tː": 0.006296237997796317, "wː": 0.0007083267747520856, "mː": 0.001967574374311349, "jː": 0.0007083267747520856, "q": 0.002203683299228711, "dʒː": 0.00015740594994490792, "ᶮdʒ": 0.0026759011490634344, "ɲː": 0.0011018416496143555, "ŋː": 0.00015740594994490792, "sː": 0.0003935148748622698, "ɾː": 0.00015740594994490792, "ŋ": 0.00023610892491736187, "qː": 7.870297497245396e-05}