{"j": 0.043502666292450184, "l": 0.03760875666573112, "ᵑɡ": 0.007297221442604546, "n": 0.042099354476564696, "w": 0.0412573673870334, "s": 0.05669379736177379, "m": 0.041538029750210495, "d": 0.1091776592758911, "t": 0.1097389840022453, "x": 0.02469828795958462, "a": 0.03143418467583497, "ɲ": 0.01796239124333427, "ⁿd": 0.007297221442604546, "ɡ": 0.04602862756104406, "k": 0.04434465338198148, "b": 0.05669379736177379, "ɾ": 0.022452989054167836, "i": 0.003929273084479371, "p": 0.054167836093179905, "dʒ": 0.060903732809430254, "tʃ": 0.06006174571989896, "ᵐb": 0.011787819253438114, "aː": 0.013471793432500701, "f": 0.032837496491720464, "ᶮdʒ": 0.007858546168958742, "ə": 0.0030872859949480774, "u": 0.0025259612685938817, "ɛ": 0.005613247263541959, "ɔ": 0.002245298905416784, "q": 0.000561324726354196, "ɛː": 0.000280662363177098, "ŋ": 0.0008419870895312938}