{"a": 0.06286836935166994, "aː": 0.00813920853213584, "n": 0.028346898680886894, "ɛ": 0.09935447656469268, "ɾ": 0.03536345776031434, "ɡ": 0.024978950322761716, "k": 0.0275049115913556, "ɔ": 0.01936570305921976, "x": 0.012910468706146505, "ɛː": 0.05697445972495088, "i": 0.08812798203760876, "u": 0.12012349143979792, "s": 0.02329497614369913, "ɔː": 0.03424080830760595, "t": 0.029188885770418185, "d": 0.01936570305921976, "j": 0.03592478248666854, "f": 0.009542520348021331, "kː": 0.01796239124333427, "ɡː": 0.01796239124333427, "m": 0.02329497614369913, "l": 0.02329497614369913, "p": 0.0137524557956778, "b": 0.017120404153802976, "ɲ": 0.010103845074375527, "w": 0.015997754701094585, "ⁿd": 0.004490597810833568, "e": 0.005332584900364861, "nː": 0.007297221442604546, "pː": 0.013471793432500701, "bː": 0.0137524557956778, "ə": 0.0028066236317709796, "lː": 0.005613247263541959, "dʒ": 0.007577883805781645, "tʃ": 0.007297221442604546, "tʃː": 0.005051922537187763, "dː": 0.013191131069323604, "tː": 0.011507156890261015, "wː": 0.0008419870895312938, "mː": 0.003648610721302273, "q": 0.005051922537187763, "dʒː": 0.000280662363177098, "ᵑɡ": 0.005893909626719057, "o": 0.001122649452708392, "ɲː": 0.0019646365422396855, "ᵐb": 0.0047712601740106655, "ŋː": 0.000561324726354196, "sː": 0.001122649452708392, "ɾː": 0.000561324726354196, "ᶮdʒ": 0.0014033118158854898, "qː": 0.000280662363177098}