{"j": 0.038153846153846156, "l": 0.035076923076923075, "ᵑɡ": 0.005907692307692307, "n": 0.03347692307692308, "w": 0.03483076923076923, "s": 0.06153846153846154, "m": 0.041846153846153845, "t": 0.11347692307692307, "d": 0.11347692307692307, "x": 0.02843076923076923, "a": 0.035076923076923075, "ɲ": 0.012307692307692308, "ⁿd": 0.009723076923076923, "ɡ": 0.04935384615384615, "k": 0.04935384615384615, "b": 0.060184615384615385, "p": 0.060184615384615385, "ɾ": 0.01673846153846154, "i": 0.0052923076923076925, "aː": 0.011323076923076924, "dʒ": 0.05993846153846154, "tʃ": 0.05993846153846154, "ᵐb": 0.01403076923076923, "f": 0.028553846153846155, "ᶮdʒ": 0.010707692307692307, "ə": 0.0018461538461538461, "ɛ": 0.003938461538461538, "ɔ": 0.001723076923076923, "u": 0.002830769230769231, "q": 0.00024615384615384614, "ɛː": 0.00012307692307692307, "ŋ": 0.0003692307692307692}