{"j": 0.03883905013192612, "l": 0.0320844327176781, "ᵑɡ": 0.005699208443271768, "n": 0.032612137203166226, "w": 0.032928759894459106, "s": 0.06364116094986808, "m": 0.04474934036939314, "d": 0.11451187335092348, "t": 0.11472295514511874, "x": 0.02955145118733509, "a": 0.040949868073878626, "ɲ": 0.010765171503957784, "ⁿd": 0.012242744063324538, "ɡ": 0.04717678100263852, "k": 0.04633245382585752, "b": 0.057941952506596305, "ɾ": 0.021002638522427442, "i": 0.007176781002638522, "p": 0.056464379947229554, "aː": 0.011503957783641161, "dʒ": 0.060052770448548815, "tʃ": 0.05941952506596306, "ᵐb": 0.013192612137203167, "f": 0.026279683377308707, "ᶮdʒ": 0.00949868073878628, "ə": 0.0013720316622691292, "ɛ": 0.004327176781002639, "ɔ": 0.0022163588390501318, "u": 0.0021108179419525065, "q": 0.00021108179419525067, "ɛː": 0.00010554089709762533, "ŋ": 0.000316622691292876}