{"a": 0.0687071240105541, "j": 0.03503957783641161, "aː": 0.0055936675461741425, "m": 0.053509234828496045, "n": 0.06195250659630607, "ɛ": 0.09150395778364116, "ɾ": 0.036306068601583114, "ɡ": 0.027968337730870714, "k": 0.02849604221635884, "ɔ": 0.013509234828496043, "x": 0.009815303430079155, "l": 0.09720316622691293, "u": 0.1024802110817942, "i": 0.09308707124010554, "w": 0.00928759894459103, "ɛː": 0.025646437994722954, "d": 0.03050131926121372, "t": 0.03651715039577837, "s": 0.02511873350923483, "ɔː": 0.02321899736147757, "b": 0.021002638522427442, "p": 0.018891820580474936, "f": 0.008232189973614776, "kː": 0.0074934036939313985, "ɡː": 0.0074934036939313985, "ɲ": 0.007810026385224275, "ⁿd": 0.0016886543535620053, "e": 0.005699208443271768, "nː": 0.0027440633245382584, "pː": 0.0051715039577836415, "bː": 0.005277044854881266, "ə": 0.0010554089709762533, "lː": 0.0021108179419525065, "q": 0.0022163588390501318, "dʒ": 0.0029551451187335093, "tʃ": 0.0027440633245382584, "tʃː": 0.001899736147757256, "dː": 0.0051715039577836415, "tː": 0.004538258575197889, "wː": 0.000316622691292876, "mː": 0.0013720316622691292, "dʒː": 0.00010554089709762533, "ᵑɡ": 0.0024274406332453827, "ŋ": 0.0013720316622691292, "sː": 0.000633245382585752, "o": 0.00042216358839050134, "ɲː": 0.0007387862796833773, "ᵐb": 0.0017941952506596306, "ŋː": 0.00021108179419525067, "ɾː": 0.00021108179419525067, "ᶮdʒ": 0.0005277044854881266, "iː": 0.00010554089709762533, "qː": 0.00010554089709762533}