{"j": 0.024932405935893995, "aː": 0.038059069988235536, "lː": 0.00270376256424016, "a": 0.14556975088233473, "m": 0.031929165548698686, "l": 0.05715052320901529, "ɛː": 0.015169965532187158, "n": 0.037377969494953665, "ɛ": 0.05514850054694433, "ᵑɡ": 0.004065963550803905, "i": 0.052960723204887414, "ɾ": 0.04309508575674393, "ɡ": 0.030030339931064375, "k": 0.029617551753317786, "ɔ": 0.02936987884666983, "w": 0.01591298425213102, "x": 0.015066768487750511, "ɔː": 0.01900889558523044, "t": 0.04833749561412561, "u": 0.04922499019628078, "d": 0.04123753895688428, "iː": 0.002868877835338796, "s": 0.029122205940021878, "b": 0.024437060122598088, "p": 0.022228643371653835, "f": 0.011165920208045242, "ɲ": 0.006769726115044065, "kː": 0.008606633506016387, "ɡː": 0.009019421683762976, "dʒ": 0.014653980310003922, "tʃ": 0.014158634496708015, "e": 0.014881013807764546, "ⁿd": 0.005634558626240944, "ə": 0.01580978720769437, "dː": 0.004705785226311119, "tː": 0.0036944541908319746, "nː": 0.0016717921198736868, "pː": 0.0035706177375079977, "bː": 0.00348806010195868, "uː": 0.0024148108398175474, "q": 0.0013002827599017564, "ᵐb": 0.004272357639677199, "o": 0.0035086995108460093, "tʃː": 0.0007017399021692019, "wː": 0.000309591133309942, "mː": 0.00115580689769045, "jː": 0.00026831231553528306, "dʒː": 0.00026831231553528306, "ᶮdʒ": 0.002063940888732947, "ŋ": 0.0004953458132959072, "sː": 0.00014447586221130626, "ɲː": 0.0005159852221832367, "ŋː": 4.127881777465894e-05, "ɾː": 4.127881777465894e-05, "qː": 4.127881777465894e-05}