{"j": 0.030243063024306304, "a": 0.13400731340073135, "ː": 0.12432781243278124, "l": 0.05059152505915251, "ɛ": 0.07128414712841472, "n": 0.04684878468487847, "ᵑɡ": 0.006453000645300065, "i": 0.04314906431490643, "ɾ": 0.03708324370832437, "ɡ": 0.02589804258980426, "w": 0.02211228221122822, "x": 0.018713701871370187, "s": 0.03161970316197032, "u": 0.051580985158098516, "t": 0.039621423962142396, "ɔ": 0.04856958485695848, "m": 0.036480963648096366, "d": 0.025682942568294256, "f": 0.013379221337922133, "k": 0.02323080232308023, "dʒ": 0.01806840180684018, "ɲ": 0.011357281135728113, "e": 0.013078081307808131, "ⁿd": 0.006840180684018068, "b": 0.026285222628522262, "ə": 0.015401161540116153, "p": 0.007958700795870079, "ᵐb": 0.005893740589374059, "o": 0.003570660357066036, "tʃ": 0.005420520542052054, "ᶮdʒ": 0.0025381802538180253, "q": 0.00202194020219402, "ŋ": 0.0006883200688320069}