{"j": 0.059336823734729496, "l": 0.0462478184991274, "ᵑɡ": 0.00981675392670157, "n": 0.0462478184991274, "w": 0.051919720767888304, "s": 0.08093368237347295, "m": 0.05824607329842932, "d": 0.09707678883071554, "x": 0.04363001745200698, "a": 0.04450261780104712, "t": 0.06762652705061083, "ɲ": 0.020942408376963352, "ⁿd": 0.0137434554973822, "ɡ": 0.04690226876090751, "k": 0.03512216404886562, "b": 0.06871727748691099, "ɾ": 0.025523560209424083, "i": 0.0058900523560209425, "dʒ": 0.06958987783595114, "ᵐb": 0.018760907504363003, "f": 0.03468586387434555, "tʃ": 0.015052356020942409, "ə": 0.001963350785340314, "ᶮdʒ": 0.011343804537521814, "p": 0.015270506108202443, "ɛ": 0.005453752181500873, "ɔ": 0.002181500872600349, "u": 0.002399650959860384, "q": 0.0004363001745200698, "ŋ": 0.0004363001745200698}