{"n": 0.1602982292637465, "m": 0.023609816713264987, "ɡ": 0.037899968934451696, "k": 0.03727865796831314, "ɾ": 0.035104069586828206, "z": 0.04380242311276794, "s": 0.04380242311276794, "ʃ": 0.010251630941286114, "ɛ": 0.12954333643988816, "l": 0.074246660453557, "t": 0.13513513513513514, "d": 0.11960236098167133, "x": 0.017086051568810188, "ɔ": 0.006834420627524076, "b": 0.018018018018018018, "p": 0.01615408511960236, "tʃ": 0.0024852438645542093, "a": 0.003417210313762038, "ts": 0.015222118670394533, "ɔɪ": 0.003417210313762038, "v": 0.02174588381484933, "f": 0.02174588381484933, "ɛɪ": 0.005591798695246971, "ɪ": 0.006834420627524076, "aɪ": 0.00403852127990059, "ʊ": 0.00403852127990059, "ʒ": 0.0021745883814849334, "h": 0.0006213109661385523}