{"f": 0.031677585206070155, "ʊ": 0.026121568952649474, "n": 0.07330624429886391, "v": 0.03408242806202836, "m": 0.023302098018077783, "ɡ": 0.039887221162617136, "k": 0.04204328717140725, "d": 0.06252591425491334, "ɛ": 0.09660834231694171, "ɾ": 0.05365287337258479, "t": 0.06899411228128369, "z": 0.03690189899660005, "s": 0.038477485695331284, "ʃ": 0.017497304917489014, "l": 0.05265776598391243, "h": 0.011360809354009453, "ɔ": 0.03723360145949084, "ɪ": 0.05224313790529895, "x": 0.015590015755866988, "b": 0.02446305663819554, "p": 0.023716726096691267, "tʃ": 0.0014926610830085414, "a": 0.05141388174807198, "ts": 0.010116925118169003, "aɪ": 0.022970395555186998, "ɔɪ": 0.01882411476905216, "ɛɪ": 0.02238991624512812, "j": 0.004477983249025624, "ʒ": 0.0059706443320341656}