{"n": 0.17500502310628893, "m": 0.02471368294153104, "ɾ": 0.08579465541490858, "ɛ": 0.14024512758689975, "ɡ": 0.03576451677717501, "k": 0.03576451677717501, "l": 0.05076686089344317, "ʊ": 0.005960752796195834, "d": 0.11519657089277342, "t": 0.11519657089277342, "z": 0.05264215390797669, "s": 0.05264215390797669, "aɪ": 0.0026120152702431183, "x": 0.013528899604848972, "f": 0.015069318866787222, "v": 0.015069318866787222, "ʃ": 0.008438818565400843, "ʒ": 0.008438818565400843, "ts": 0.008103944812805573, "ɔ": 0.006161677047752997, "a": 0.005558904293081509, "b": 0.00636260129931016, "p": 0.00636260129931016, "tʃ": 0.0009376465072667605, "ɛɪ": 0.0041524345321813675, "ɔɪ": 0.002545040519724064, "ɪ": 0.005157055789967183, "j": 0.0010715960083048691, "h": 0.0007367222557095975}