{"f": 0.06616961789375582, "v": 0.06616961789375582, "d": 0.06368437402920162, "t": 0.06337371854613234, "h": 0.035104069586828206, "z": 0.04131717924821373, "s": 0.04504504504504504, "m": 0.04535570052811432, "n": 0.023299161230195712, "a": 0.035414725069897485, "ɡ": 0.07921714818266543, "k": 0.08014911463187326, "ʃ": 0.04349176762969866, "ɔ": 0.012736874805840324, "j": 0.015532774153463809, "ts": 0.012736874805840324, "ʊ": 0.00403852127990059, "ɔɪ": 0.009630319975147562, "l": 0.03727865796831314, "b": 0.05312208760484623, "p": 0.052500776638707676, "ɪ": 0.013979496738117428, "ɛ": 0.01863932898415657, "ɛɪ": 0.009940975458216837, "x": 0.014290152221186705, "ɾ": 0.03572538055296676, "ʒ": 0.018328673501087293, "aɪ": 0.0031065548306927616, "tʃ": 0.0006213109661385523}