{"f": 0.06674510028982181, "v": 0.06674510028982181, "d": 0.04401847972682143, "t": 0.044047174954805014, "h": 0.01979970730867457, "z": 0.03225343625355104, "s": 0.035008178139975324, "m": 0.038824643461792305, "n": 0.016930184510315933, "ɡ": 0.10479497259605727, "k": 0.10488105828000803, "a": 0.03948463370541479, "ʃ": 0.031909093517748, "ɔ": 0.023817039226376655, "j": 0.018164079313610148, "ts": 0.01945536457287153, "ʊ": 0.008264225659272864, "ɔɪ": 0.02117707825188671, "l": 0.03529513041981119, "ʒ": 0.014318918763809578, "b": 0.06321558724784068, "p": 0.06281385405607047, "ɪ": 0.01845103159344601, "ɛ": 0.023444001262590032, "ɛɪ": 0.005136445809061953, "x": 0.009871158426353697, "ɾ": 0.02312835375477058, "aɪ": 0.007632930643633963, "tʃ": 0.0003730379637866223}