{"f": 0.02658035725868175, "ʊ": 0.0199385110329887, "n": 0.07556397317316797, "v": 0.02658035725868175, "ɛ": 0.1458092804234177, "m": 0.02384319016176528, "d": 0.060451178538534385, "ɾ": 0.07295652963534707, "t": 0.060451178538534385, "ɡ": 0.04720640315487696, "k": 0.04720640315487696, "l": 0.04439140192250315, "a": 0.04913928418540091, "aɪ": 0.011662147962691504, "ts": 0.008548782544397887, "ɛɪ": 0.013919337890954377, "z": 0.03202874674069558, "s": 0.03202874674069558, "b": 0.022416231011714038, "p": 0.022416231011714038, "ɔ": 0.03328706526392258, "ɪ": 0.05279748855189591, "x": 0.013179913604109642, "ɔɪ": 0.010300050592188047, "ʃ": 0.017499708121992034, "ʒ": 0.017499708121992034, "h": 0.006265647904315903, "tʃ": 0.001219401455498333, "j": 0.004812744042445549}