{"n": 0.19653361645958278, "m": 0.019885792992625325, "d": 0.09443599529398261, "t": 0.11486699761829608, "ɾ": 0.09572728055324399, "l": 0.04883927802806393, "ɛ": 0.14996126144222216, "x": 0.0253952767654739, "s": 0.06074779764125226, "z": 0.06014519785359695, "ʃ": 0.009440730006599903, "ɡ": 0.03328646446096014, "k": 0.0331716835490258, "ts": 0.007259892679847341, "ʊ": 0.0028121323423914604, "aɪ": 0.0010617234353926942, "ɪ": 0.003558208269964705, "f": 0.010674624809894114, "v": 0.010674624809894114, "ʒ": 0.002066056414818216, "ɔ": 0.005279921948979885, "a": 0.004361674653505122, "b": 0.003213865534161669, "p": 0.0027260466584407015, "tʃ": 0.00040173319177020864, "ɛɪ": 0.0014060661711957302, "ɔɪ": 0.0008321616115240035, "j": 0.0007460759275732446, "h": 0.0004878188757209676}