{"f": 0.02208874083029999, "ʊ": 0.01717108055616294, "n": 0.09303252858631202, "v": 0.02325491658842142, "ɛ": 0.1844830025595843, "m": 0.02024086674298258, "d": 0.05503749340810578, "t": 0.06055539120480533, "ɾ": 0.08925960701591916, "l": 0.04398454817120489, "x": 0.013706852568802226, "s": 0.03077503526395445, "z": 0.027760985418515613, "ʃ": 0.012326306266908477, "k": 0.050158419831847746, "ɡ": 0.0473930398171848, "ts": 0.007275736255632586, "j": 0.004617541512855801, "ɪ": 0.055414785565145064, "a": 0.04711435811028078, "aɪ": 0.00709137758798839, "ɔ": 0.02703212556968972, "ɛɪ": 0.0079788716392058, "b": 0.018007125676874992, "p": 0.01785277888535892, "ɔɪ": 0.007734489219305354, "h": 0.004553230349724105, "ʒ": 0.0034985272743642843, "tʃ": 0.0006002375225624998}