{"f": 0.056995512691715225, "v": 0.056995512691715225, "d": 0.049159466880985866, "t": 0.049159466880985866, "h": 0.02203469292076887, "z": 0.034358047016274866, "s": 0.034358047016274866, "m": 0.041323421070256515, "n": 0.01567209162145871, "ɡ": 0.09979237827339094, "k": 0.09979237827339094, "a": 0.032281829750184184, "ʃ": 0.05257517915745764, "ʒ": 0.05257517915745764, "ɔ": 0.01660973812872547, "j": 0.01600696537405398, "ts": 0.014801419864711004, "ʊ": 0.0040854597816623135, "ɔɪ": 0.01272520259862032, "l": 0.0294688902283839, "b": 0.06355903824258255, "p": 0.06355903824258255, "ɪ": 0.014399571361596678, "ɛ": 0.0216998191681736, "ɛɪ": 0.005960752796195834, "x": 0.011988480342910723, "ɾ": 0.0240439354363405, "aɪ": 0.00341571227647177, "tʃ": 0.0006027727546714888}