{"f": 0.06731452950936241, "d": 0.04598246029864897, "h": 0.039582839535434934, "z": 0.029864896894998817, "m": 0.06660346053567195, "v": 0.04550841431618867, "n": 0.02773168997392747, "ɡ": 0.09172789760606778, "a": 0.04693055226356957, "k": 0.06423323062337047, "ʃ": 0.06589239156198151, "ɔ": 0.019909931263332542, "j": 0.029627873903768667, "ts": 0.02370229912301493, "ʊ": 0.009243896657975823, "ɔɪ": 0.015406494429959706, "l": 0.03910879355297464, "s": 0.022991230149324485, "b": 0.0692107134392036, "ɪ": 0.015880540412420006, "ɛ": 0.022517184166864185, "t": 0.040767954491585684, "ɛɪ": 0.007821758710594928, "x": 0.020146954254562692, "p": 0.036501540649443, "ɾ": 0.028916804930078217, "aɪ": 0.004503436833372837, "ʒ": 0.0011851149561507466, "tʃ": 0.0011851149561507466}