{"f": 0.025305176868929875, "ʊ": 0.023166711218034392, "n": 0.08683061569990198, "d": 0.028869286287089013, "ɛ": 0.14033680834001605, "ɾ": 0.07992515370221866, "h": 0.012028869286287089, "ɔ": 0.03791321393566782, "t": 0.06317383943687072, "z": 0.01425643767263655, "ɪ": 0.056624788381003294, "x": 0.02156286197986278, "m": 0.036933083845674064, "v": 0.022542992069856545, "s": 0.03207698476343224, "ʃ": 0.027978258932549228, "b": 0.026329858326650628, "a": 0.05430811725919986, "aɪ": 0.014746502717633432, "ɡ": 0.03697763521340105, "ɔɪ": 0.013454513053550743, "k": 0.034839169562505566, "ɛɪ": 0.016305800588078054, "l": 0.05381805221420297, "j": 0.009444889958121714, "ts": 0.014211886304909561, "p": 0.013365410318096765, "tʃ": 0.0022275683863494608, "ʒ": 0.00044551367726989216}