{"w": 0.014497321147179325, "a": 0.10053577056413489, "ʔ": 0.034667507091081, "k": 0.055468011345729595, "n": 0.050425464859754174, "d̪": 0.04034037188780334, "ɨ": 0.07248660573589663, "t̪": 0.04475260006303183, "i": 0.0718562874251497, "o": 0.06870469587141506, "s": 0.036243302867948315, "h": 0.032146233848093286, "ŋ": 0.012921525370312008, "m": 0.04254648597541759, "u": 0.057043807122596914, "p": 0.022061140876142454, "b": 0.020800504254648598, "ɡ": 0.03561298455720139, "j": 0.046013236684525685, "r": 0.01134572959344469, "e": 0.06019539867633155, "ts": 0.023952095808383235, "tʃ": 0.012921525370312008, "ɲ": 0.00787897888433659, "ʃ": 0.005042546485975417, "dz": 0.01229120705956508, "l": 0.006933501418216199, "f": 0.0003151591553734636}