{"k": 0.07394366197183098, "ʔ": 0.03755868544600939, "ɨ": 0.11502347417840375, "s": 0.04225352112676056, "n": 0.05985915492957746, "ŋ": 0.03169014084507042, "u": 0.04929577464788732, "o": 0.07746478873239436, "i": 0.10328638497652583, "ɡ": 0.028169014084507043, "r": 0.008215962441314555, "t̪": 0.028169014084507043, "d̪": 0.02112676056338028, "e": 0.09272300469483569, "a": 0.12323943661971831, "h": 0.02699530516431925, "m": 0.025821596244131457, "ts": 0.01995305164319249, "j": 0.02464788732394366, "l": 0.004694835680751174, "tʃ": 0.0011737089201877935, "p": 0.002347417840375587, "b": 0.002347417840375587}