{"w": 0.009589523340139407, "a": 0.12605787509681055, "ʔ": 0.05617123142997958, "k": 0.04855312257973667, "ɨ": 0.0725762162923326, "s": 0.034837710342885304, "i": 0.057086531014574386, "t̪": 0.04438498908681265, "j": 0.06036752798704499, "o": 0.05222840245018658, "u": 0.04780680137999014, "p": 0.03265507287192847, "m": 0.05776244455396747, "ŋ": 0.016010701964373725, "h": 0.05807223825952264, "e": 0.047595578398929805, "n": 0.041596845736816164, "d̪": 0.0362881081461663, "b": 0.027050623107794127, "ɡ": 0.026078997394916568, "ts": 0.012293177497711751, "tʃ": 0.005548123635851581, "l": 0.004520171794691262, "r": 0.008463000774484263, "ʃ": 0.0032105893121171583, "f": 0.0008308103921706682, "dz": 0.006167711046961909, "ɲ": 0.006195874111103288}