{"ɨ": 0.16676136363636362, "i": 0.07348484848484849, "s": 0.06571969696969697, "k": 0.033522727272727273, "a": 0.13143939393939394, "j": 0.048106060606060604, "o": 0.055492424242424246, "m": 0.06259469696969697, "u": 0.0824810606060606, "ʔ": 0.013352272727272727, "e": 0.12234848484848485, "h": 0.048674242424242425, "ŋ": 0.020359848484848484, "n": 0.023768939393939394, "t̪": 0.019696969696969695, "d̪": 0.01240530303030303, "ɡ": 0.009564393939393939, "l": 0.002746212121212121, "r": 0.0017992424242424243, "ts": 0.0033143939393939395, "p": 0.0011363636363636363, "b": 0.0011363636363636363, "tʃ": 9.46969696969697e-05}