{"w": 0.04706439393939394, "n": 0.06941287878787879, "d̪": 0.0571969696969697, "t̪": 0.0571969696969697, "h": 0.05378787878787879, "m": 0.07840909090909091, "p": 0.04678030303030303, "b": 0.04678030303030303, "k": 0.10037878787878787, "ɡ": 0.1002840909090909, "j": 0.026609848484848486, "o": 0.022821969696969698, "e": 0.011174242424242425, "a": 0.030113636363636363, "i": 0.03191287878787879, "ɨ": 0.012215909090909092, "ʔ": 0.007196969696969697, "ɲ": 0.02821969696969697, "tʃ": 0.02130681818181818, "s": 0.029071969696969697, "ʃ": 0.010700757575757575, "f": 0.003409090909090909, "u": 0.010416666666666666, "ts": 0.030018939393939393, "dz": 0.029829545454545456, "ŋ": 0.02878787878787879, "l": 0.007481060606060606, "r": 0.0014204545454545455}