{"ɨ": 0.14538000630715864, "s": 0.08104698833175654, "n": 0.030274361400189215, "a": 0.1280353200883002, "u": 0.07000946073793755, "o": 0.062125512456638284, "k": 0.04005045726900031, "e": 0.10753705455692211, "h": 0.058971933144118575, "i": 0.06811731315042574, "l": 0.003784295175023652, "m": 0.062125512456638284, "ŋ": 0.04068117313150426, "ts": 0.005991800693787449, "t̪": 0.020813623462630087, "r": 0.004415011037527594, "ʔ": 0.012929675181330811, "j": 0.05487228003784295, "tʃ": 0.000315357931251971, "p": 0.001892147587511826, "d̪": 0.000315357931251971, "b": 0.000315357931251971}