{"w": 0.04342723004694836, "n": 0.06572769953051644, "d̪": 0.06690140845070422, "t̪": 0.06690140845070422, "h": 0.057511737089201875, "m": 0.06807511737089202, "p": 0.051643192488262914, "b": 0.051643192488262914, "k": 0.06103286384976526, "ɡ": 0.06103286384976526, "j": 0.03286384976525822, "o": 0.03990610328638498, "e": 0.017605633802816902, "ɨ": 0.011737089201877934, "ʔ": 0.002347417840375587, "i": 0.03403755868544601, "tʃ": 0.03990610328638498, "s": 0.03755868544600939, "ɲ": 0.023474178403755867, "ʃ": 0.009389671361502348, "u": 0.017605633802816902, "a": 0.03286384976525822, "ŋ": 0.007042253521126761, "ts": 0.04107981220657277, "dz": 0.03873239436619718, "l": 0.014084507042253521, "r": 0.004694835680751174, "f": 0.0011737089201877935}