final_voiced_obstruents,final_voiceless_obstruent,final_obstruents
0.08597385331265234,0.13405716818081098,0.22003102149346332
