final_voiced_obstruents,final_voiceless_obstruent,final_obstruents
0.027677496991576414,0.19494584837545126,0.2226233453670277
