final_voiced_obstruents,final_voiceless_obstruent,final_obstruents
0.004160887656033287,0.1639389736477115,0.1680998613037448
