final_voiced_obstruents,final_voiceless_obstruent,final_obstruents
0.0012113870381586917,0.07450030284675954,0.07571168988491823
