final_voiced_obstruents,final_voiceless_obstruent,final_obstruents
0.015186028853454821,0.18349784864591243,0.19868387749936725
