final_voiced_obstruents,final_voiceless_obstruent,final_obstruents
0.0010985992859104642,0.010711343037627026,0.01180994232353749
