final_voiced_obstruents,final_voiceless_obstruent,final_obstruents
0.05212550607287449,0.14777327935222673,0.19989878542510123
