final_voiced_obstruents,final_voiceless_obstruent,final_obstruents
0.07885592087677092,0.34242181234963914,0.42127773322641004
