final_voiced_obstruents,final_voiceless_obstruent,final_obstruents
0.004524886877828055,0.48778280542986424,0.49230769230769234
