final_voiced_obstruents,final_voiceless_obstruent,final_obstruents
0.006371271358239212,0.03069794381697075,0.03706921517520996
