final_voiced_obstruents,final_voiceless_obstruent,final_obstruents
0.020498265531378113,0.0772626931567329,0.09776095868811101
