final_voiced_obstruents,final_voiceless_obstruent,final_obstruents
0.0005219206680584551,0.0026096033402922755,0.003131524008350731
