final_voiced_obstruents,final_voiceless_obstruent,final_obstruents
0.042958129418162044,0.14763458401305057,0.19059271343121262
