final_voiced_obstruents,final_voiceless_obstruent,final_obstruents
0.0008949880668257757,0.02237470167064439,0.023269689737470168
