final_voiced_obstruents,final_voiceless_obstruent,final_obstruents
0.07382879568310032,0.17390237920039245,0.24773117488349278
