final_voiced_obstruents,final_voiceless_obstruent,final_obstruents
0.06233183856502242,0.3818385650224215,0.444170403587444
