final_voiced_obstruents,final_voiceless_obstruent,final_obstruents
0.00024648755237860487,0.0017254128666502342,0.001971900419028839
