final_voiced_obstruents,final_voiceless_obstruent,final_obstruents
0.015755550250656482,0.22153258534256387,0.23728813559322035
