final_voiced_obstruents,final_voiceless_obstruent,final_obstruents
0.12279111916628908,0.1266425011327594,0.24943362029904848
