final_voiced_obstruents,final_voiceless_obstruent,final_obstruents
0.000231000231000231,0.005082005082005082,0.005313005313005313
