final_voiced_obstruents,final_voiceless_obstruent,final_obstruents
0.03307948595906711,0.1846739647786768,0.21775345073774394
