final_voiced_obstruents,final_voiceless_obstruent,final_obstruents
0.02761387774368657,0.19683738494217606,0.22445126268586263
