final_voiced_obstruents,final_voiceless_obstruent,final_obstruents
0.028372591006423982,0.2360813704496788,0.2644539614561028
