final_voiced_obstruents,final_voiceless_obstruent,final_obstruents
0.05079227262860864,0.11287171695246365,0.16366398958107228
