final_voiced_obstruents,final_voiceless_obstruent,final_obstruents
0.0006230529595015577,0.2221183800623053,0.22274143302180685
