{"[_w n a ʔ ]_w": 0.0008853474988933155, "[_w n a ʔ o ]_w": 0.0004426737494466577, "[_w t ɘ ʔ e ]_w": 0.0004426737494466577, "[_w t ɘ ʔ ]_w": 0.0004426737494466577, "[_w a ʔ m ɘ ]_w": 0.0026560424966799476, "[_w e n ɘ ]_w": 0.0004426737494466577, "[_w e n ɘ ʔ ]_w": 0.0017706949977866313, "[_w w i ʔ ]_w": 0.0008853474988933155, "[_w w i ʔ o ]_w": 0.0004426737494466577, "[_w x w ɘ ʔ ]_w": 0.0026560424966799476, "[_w a j ɘ ʔ ]_w": 0.0026560424966799476, "[_w e ŋ a ʔ ]_w": 0.0022133687472332907, "[_w a i ʔ ]_w": 0.0004426737494466577, "[_w ɾ ɘ x a ]_w": 0.0008853474988933155, "[_w a ŋ ɘ ʔ ]_w": 0.005754758742806553, "[_w a ɾ ɘ ʔ ]_w": 0.0035413899955732625, "[_w a ɾ ɘ ]_w": 0.0004426737494466577, "[_w n e ɾ ɘ ]_w": 0.0013280212483399736, "[_w n e ɾ o ]_w": 0.0008853474988933155, "[_w n e ɾ i ]_w": 0.0004426737494466577, "[_w a p ɘ ]_w": 0.0008853474988933155, "[_w a p ɘ ʔ ]_w": 0.0004426737494466577, "[_w a i w ɘ ]_w": 0.0004426737494466577, "[_w x ɘ x e ]_w": 0.0017706949977866313, "[_w ɾ ɘ p ɘ ]_w": 0.0030987162461266044, "[_w ɾ ɘ p a ]_w": 0.0004426737494466577, "[_w s ɘ n ɘ ]_w": 0.0013280212483399736, "[_w w e ʔ ]_w": 0.0008853474988933155, "[_w w e ʔ a ]_w": 0.0004426737494466577, "[_w ɘ ʔ a ʔ ]_w": 0.0013280212483399736, "[_w e ŋ ɘ ʔ ]_w": 0.004869411243913236, "[_w p i ʔ ]_w": 0.0008853474988933155, "[_w a m ɘ ]_w": 0.0004426737494466577, "[_w a j a ʔ ]_w": 0.0013280212483399736, "[_w u ɾ ɘ ʔ ]_w": 0.004869411243913236, "[_w u ɾ ɘ ]_w": 0.0004426737494466577, "[_w a x ɘ ʔ ]_w": 0.003984063745019922, "[_w o m ɘ ]_w": 0.0008853474988933155, "[_w ⁿdz o x ɘ ]_w": 0.002213368747233289, "[_w n e n e ]_w": 0.0013280212483399736, "[_w x ɘ ʔ o ]_w": 0.0026560424966799476, "[_w w ɘ ʔ a ]_w": 0.0026560424966799476, "[_w w ɘ ʔ o ]_w": 0.0013280212483399736, "[_w n u ɾ ɘ ]_w": 0.0035413899955732625, "[_w n u ɾ o ]_w": 0.0008853474988933155, "[_w n u ɾ a ]_w": 0.0013280212483399736, "[_w n u ɾ i ]_w": 0.0008853474988933155, "[_w w a ʔ ]_w": 0.0008853474988933155, "[_w a n a ]_w": 0.0008853474988933155, "[_w a n ɘ ʔ ]_w": 0.0008853474988933155, "[_w a n ɘ ]_w": 0.0004426737494466577, "[_w k i ɾ o ]_w": 0.0008853474988933155, "[_w ᵑɡ ɘ j o ]_w": 0.0004426737494466577, "[_w ᵑɡ ɘ ʔ ]_w": 0.0008853474988933155, "[_w j o ɘ ʔ ]_w": 0.0008853474988933155, "[_w a w a ]_w": 0.0008853474988933155, "[_w a w a ʔ ]_w": 0.0017706949977866313, "[_w e ʔ ɘ ʔ ]_w": 0.004869411243913236, "[_w ŋ w ɘ ʔ ]_w": 0.0030987162461266044, "[_w ɾ ɘ ʔ a ]_w": 0.0030987162461266044, "[_w e ɾ o ]_w": 0.0004426737494466577, "[_w ᵑɡ w ɘ ʔ ]_w": 0.0013280212483399736, "[_w a ʔ w a ]_w": 0.0008853474988933155, "[_w n ɘ ɾ ɘ ]_w": 0.004426737494466578, "[_w n ɘ ɾ a ]_w": 0.0017706949977866313, "[_w n ɘ ɾ o ]_w": 0.0030987162461266044, "[_w n ɘ ɾ i ]_w": 0.0004426737494466577, "[_w ɾ a ɾ ɘ ]_w": 0.0035413899955732625, "[_w x w e ʔ ]_w": 0.0026560424966799476, "[_w w a u ʔ ]_w": 0.0017706949977866313, "[_w n ɘ ᵑɡ a ]_w": 0.0004426737494466577, "[_w a w i ʔ ]_w": 0.0008853474988933155, "[_w p o ɾ o ]_w": 0.0022133687472332907, "[_w n e p a ]_w": 0.0030987162461266044, "[_w a j o ]_w": 0.0008853474988933155, "[_w a p i a ]_w": 0.002213368747233289, "[_w s o j ɘ ]_w": 0.0008853474988933155, "[_w a ᵑɡ a ]_w": 0.0008853474988933155, "[_w n o n e ]_w": 0.0013280212483399736, "[_w n o n ɘ ]_w": 0.0013280212483399736, "[_w m ɘ n ɘ ]_w": 0.0022133687472332907, "[_w n ɘ j o ]_w": 0.0022133687472332907, "[_w n ɘ j ɘ ]_w": 0.0004426737494466577, "[_w n ɘ m ɘ ]_w": 0.0017706949977866313, "[_w i ʔ n ɘ ]_w": 0.0017706949977866313, "[_w n ɘ p ɘ ]_w": 0.0030987162461266044, "[_w n ɘ p a ]_w": 0.0004426737494466577, "[_w m e ʔ ]_w": 0.0004426737494466577, "[_w m e p a ]_w": 0.0013280212483399736, "[_w e ɾ ɘ ]_w": 0.0004426737494466577, "[_w e ɾ ɘ ʔ ]_w": 0.0004426737494466577, "[_w o j a ʔ ]_w": 0.0017706949977866313, "[_w o ʔ ɘ ʔ ]_w": 0.002213368747233289, "[_w a ᵑɡ w ɘ ]_w": 0.002213368747233289, "[_w i w a ʔ ]_w": 0.0013280212483399736, "[_w e a ʔ a ]_w": 0.0004426737494466577, "[_w ⁿdz o n o ]_w": 0.0017706949977866313, "[_w ⁿdz o n ɘ ]_w": 0.0004426737494466577, "[_w a ŋ w ɘ ]_w": 0.0004426737494466577, "[_w w o m ɘ ]_w": 0.0008853474988933155, "[_w ɾ o ʔ a ]_w": 0.0004426737494466577, "[_w j a p ɘ ]_w": 0.0013280212483399736, "[_w o x ɘ ʔ ]_w": 0.0013280212483399736, "[_w a ʔ p o ]_w": 0.004426737494466578, "[_w a ʔ p e ]_w": 0.0004426737494466577, "[_w ɾ i ʔ ]_w": 0.0004426737494466577, "[_w m ɘ ʔ a ]_w": 0.0004426737494466577, "[_w w e n ɘ ]_w": 0.0013280212483399736, "[_w p ɘ ɾ ɘ ]_w": 0.0017706949977866313, "[_w p a j ɘ ]_w": 0.0008853474988933155, "[_w x a n o ]_w": 0.0017706949977866313, "[_w w u ʔ ]_w": 0.0004426737494466577, "[_w m i ʔ ]_w": 0.0004426737494466577, "[_w e m ɘ ]_w": 0.0004426737494466577, "[_w e m ɘ ʔ ]_w": 0.0013280212483399736, "[_w e ʔ m ɘ ]_w": 0.0008853474988933155, "[_w s a ʔ ]_w": 0.0008853474988933155, "[_w ɾ ɘ n ɘ ]_w": 0.004426737494466578, "[_w ɾ ɘ n a ]_w": 0.0013280212483399736, "[_w w o n ɘ ]_w": 0.0008853474988933155, "[_w w o n e ]_w": 0.0004426737494466577, "[_w w i ɾ ɘ ]_w": 0.0008853474988933155, "[_w w i ɾ o ]_w": 0.0004426737494466577, "[_w p i a ʔ ]_w": 0.0004426737494466577, "[_w i j ɘ ʔ ]_w": 0.0013280212483399736, "[_w ᵐb ɘ ʔ ]_w": 0.0004426737494466577, "[_w ᵐb i m ɘ ]_w": 0.0008853474988933155, "[_w n e m o ]_w": 0.0017706949977866313, "[_w n e m ɘ ]_w": 0.0004426737494466577, "[_w ᵐb i a ]_w": 0.0004426737494466577, "[_w n i ɘ ʔ ]_w": 0.0004426737494466577, "[_w n i ɘ ]_w": 0.0004426737494466577, "[_w n i n ɘ ]_w": 0.002213368747233289, "[_w ᵐb ɘ n ɘ ]_w": 0.0008853474988933155, "[_w ʔ ᵑɡ o ]_w": 0.0004426737494466577, "[_w u ɾ o ]_w": 0.0004426737494466577, "[_w ɾ ɘ ɾ ɘ ]_w": 0.0017706949977866313, "[_w ɾ ɘ ɾ o ]_w": 0.0008853474988933155, "[_w ɾ ɘ ɾ i ]_w": 0.0008853474988933155, "[_w o e n ɘ ]_w": 0.0008853474988933155, "[_w p ɘ j o ]_w": 0.0008853474988933155, "[_w s i j ɘ ]_w": 0.0004426737494466577, "[_w i ʔ m ɘ ]_w": 0.0013280212483399736, "[_w w ɘ j i ]_w": 0.0008853474988933155, "[_w ɾ ɘ ŋ o ]_w": 0.0008853474988933155, "[_w e ᵑɡ ɘ ʔ ]_w": 0.003984063745019922, "[_w ʔ ᵑɡ ɘ ʔ ]_w": 0.0004426737494466577, "[_w w e j ɘ ]_w": 0.0013280212483399736, "[_w w o x ɘ ]_w": 0.0017706949977866313, "[_w w i a ʔ ]_w": 0.0017706949977866313, "[_w a p a ʔ ]_w": 0.0008853474988933155, "[_w x e ɾ o ]_w": 0.0004426737494466577, "[_w n e w ]_w": 0.0004426737494466577, "[_w m ɘ ɾ a ]_w": 0.0004426737494466577, "[_w u j ɘ ʔ ]_w": 0.0008853474988933155, "[_w e ʔ n ɘ ]_w": 0.0008853474988933155, "[_w ᵑɡ ɘ m ɘ ]_w": 0.0004426737494466577, "[_w n i ᵑɡ a ]_w": 0.0004426737494466577, "[_w j a n ɘ ]_w": 0.0026560424966799476, "[_w w i m ɘ ]_w": 0.0017706949977866313, "[_w ᵐb a ʔ ]_w": 0.0004426737494466577, "[_w w a m ɘ ]_w": 0.0004426737494466577, "[_w p e a ʔ ]_w": 0.0004426737494466577, "[_w m e a ʔ ]_w": 0.002213368747233289, "[_w i ᵑɡ ɘ ʔ ]_w": 0.0004426737494466577, "[_w o ɾ ɘ ʔ ]_w": 0.0004426737494466577, "[_w ⁿdz ɘ ʔ e ]_w": 0.0004426737494466577, "[_w i p i ʔ ]_w": 0.0013280212483399736, "[_w e ŋ o ]_w": 0.0004426737494466577, "[_w e ŋ o ɘ ]_w": 0.0004426737494466577, "[_w o n ɘ ]_w": 0.0004426737494466577, "[_w n ɘ n ɘ ]_w": 0.0030987162461266044, "[_w a j i ]_w": 0.0008853474988933155, "[_w ᵑɡ o x ɘ ]_w": 0.0013280212483399736, "[_w w e ŋ o ]_w": 0.0004426737494466577, "[_w w e ŋ e ]_w": 0.0004426737494466577, "[_w w ɘ n ɘ ]_w": 0.0026560424966799476, "[_w w ɘ n a ]_w": 0.0022133687472332907, "[_w n a n ɘ ]_w": 0.0013280212483399736, "[_w e w e ʔ ]_w": 0.0013280212483399736, "[_w w i p a ]_w": 0.0008853474988933155, "[_w ᵑɡ i ʔ ]_w": 0.0004426737494466577, "[_w j o p a ]_w": 0.0017706949977866313, "[_w o ʔ w a ]_w": 0.0004426737494466577, "[_w e m a ʔ ]_w": 0.0008853474988933155, "[_w i ʔ w o ]_w": 0.0008853474988933155, "[_w i ʔ w a ]_w": 0.0008853474988933155, "[_w ʔ w e ʔ ]_w": 0.0004426737494466577, "[_w o j ɘ ]_w": 0.0004426737494466577, "[_w o j ɘ ʔ ]_w": 0.0004426737494466577, "[_w w e ɾ ɘ ]_w": 0.0008853474988933155, "[_w w e ɾ o ]_w": 0.0004426737494466577,