{"[_w j u s ɨ ]_w": 0.004051565377532226, "[_w w a tʃ i ]_w": 0.0003683241252302026, "[_w n u j a ]_w": 0.0062615101289134455, "[_w k ɨ ɾ a ]_w": 0.0025782688766114188, "[_w m a ɾ ɨ ]_w": 0.004788213627992632, "[_w m a ɾ i ]_w": 0.0022099447513812148, "[_w m a ɾ a ]_w": 0.0014732965009208107, "[_w i n a ]_w": 0.0007366482504604054, "[_w i n a n ]_w": 0.0011049723756906072, "[_w i n a i ]_w": 0.0022099447513812148, "[_w p u tʃ i ]_w": 0.0014732965009208107, "[_w t u n ]_w": 0.0003683241252302026, "[_w t u n a ]_w": 0.0003683241252302026, "[_w t u n u ]_w": 0.0003683241252302026, "[_w p i j a ]_w": 0.002946593001841622, "[_w i p i ]_w": 0.0003683241252302026, "[_w k i s u ]_w": 0.0022099447513812165, "[_w k i s i ]_w": 0.0003683241252302026, "[_w n i ʃ a ]_w": 0.0007366482504604054, "[_w t a w ɨ ]_w": 0.0025782688766114188, "[_w t a w a ]_w": 0.0011049723756906083, "[_w k u n ]_w": 0.0003683241252302026, "[_w k u n a ]_w": 0.0044198895027624295, "[_w tʃ i n i ]_w": 0.0040515653775322295, "[_w tʃ i n a ]_w": 0.0051565377532228375, "[_w tʃ i n ]_w": 0.0003683241252302026, "[_w n a p u ]_w": 0.00883977900552486, "[_w n a p i ]_w": 0.0018416206261510117, "[_w n a p a ]_w": 0.0003683241252302026, "[_w t ɨ k ɨ ]_w": 0.0011049723756906083, "[_w w ɨ ɾ i ]_w": 0.0014732965009208107, "[_w w ɨ ɾ ɨ ]_w": 0.0007366482504604054, "[_w w ɨ ɾ u ]_w": 0.0007366482504604054, "[_w n a n i ]_w": 0.004419889502762434, "[_w n a n ]_w": 0.0003683241252302026, "[_w n a n u ]_w": 0.0007366482504604054, "[_w n i n ]_w": 0.0003683241252302026, "[_w n i n i ]_w": 0.0040515653775322295, "[_w n i n a ]_w": 0.007734806629834252, "[_w n i n u ]_w": 0.0036832412523020238, "[_w n i n ɨ ]_w": 0.0011049723756906072, "[_w a n a ]_w": 0.0007366482504604054, "[_w a n a n ]_w": 0.0007366482504604054, "[_w t ɨ n ]_w": 0.0003683241252302026, "[_w i ɾ a ]_w": 0.0007366482504604054, "[_w i ɾ a n ]_w": 0.0003683241252302026, "[_w s i n a ]_w": 0.0003683241252302026, "[_w i t u n ]_w": 0.0011049723756906072, "[_w i j a ]_w": 0.0007366482504604054, "[_w p a ɾ a ]_w": 0.003314917127071823, "[_w p a ɾ ɨ ]_w": 0.0011049723756906072, "[_w w a ɾ ɨ ]_w": 0.0014732965009208107, "[_w w a ɾ a ]_w": 0.003314917127071823, "[_w w a ɾ u ]_w": 0.0003683241252302026, "[_w a m a ]_w": 0.0007366482504604054, "[_w n a k ɨ ]_w": 0.0029465930018416193, "[_w n a k u ]_w": 0.0011049723756906072, "[_w n a k a ]_w": 0.0007366482504604054, "[_w t ɨ ɾ a ]_w": 0.0011049723756906083, "[_w t ɨ ɾ i ]_w": 0.0007366482504604054, "[_w t ɨ ɾ ɨ ]_w": 0.0003683241252302026, "[_w k u t a ]_w": 0.0014732965009208094, "[_w k u t ɨ ]_w": 0.0003683241252302026, "[_w k ɨ m a ]_w": 0.00994475138121547, "[_w n a ɾ u ]_w": 0.0007366482504604054, "[_w n a ɾ a ]_w": 0.0018416206261510117, "[_w n a ɾ ɨ ]_w": 0.0003683241252302026, "[_w n a ɾ i ]_w": 0.0014732965009208094, "[_w t a t a ]_w": 0.003314917127071826, "[_w t a t u ]_w": 0.0007366482504604054, "[_w w a s u ]_w": 0.0014732965009208107, "[_w t a n u ]_w": 0.0011049723756906072, "[_w t a n a ]_w": 0.003314917127071823, "[_w t a n ]_w": 0.0003683241252302026, "[_w t a n i ]_w": 0.0003683241252302026, "[_w t u p i ]_w": 0.0022099447513812165, "[_w p ɨ i ]_w": 0.0007366482504604054, "[_w p a j a ]_w": 0.0003683241252302026, "[_w s a n u ]_w": 0.0011049723756906072, "[_w p a k ɨ ]_w": 0.0014732965009208107, "[_w p a k u ]_w": 0.0014732965009208107, "[_w p a k a ]_w": 0.0022099447513812165, "[_w n i tʃ a ]_w": 0.0007366482504604054, "[_w n a j a ]_w": 0.0011049723756906083, "[_w p i ɾ u ]_w": 0.0003683241252302026, "[_w p i ɾ a ]_w": 0.0036832412523020238, "[_w p i ɾ i ]_w": 0.003314917127071823, "[_w a n u ]_w": 0.0003683241252302026, "[_w s a ɾ i ]_w": 0.0036832412523020272, "[_w s a ɾ a ]_w": 0.002946593001841622, "[_w s a ɾ u ]_w": 0.0003683241252302026, "[_w s a ɾ ɨ ]_w": 0.0011049723756906072, "[_w p i a n ]_w": 0.0007366482504604054, "[_w tʃ i m i ]_w": 0.0058931860036832385, "[_w m a n u ]_w": 0.0007366482504604054, "[_w m a n ɨ ]_w": 0.0011049723756906072, "[_w m a n a ]_w": 0.0025782688766114188, "[_w k a s u ]_w": 0.0007366482504604054, "[_w k a s a ]_w": 0.0011049723756906083, "[_w n a w ɨ ]_w": 0.0014732965009208107, "[_w n a w a ]_w": 0.0011049723756906083, "[_w k u p i ]_w": 0.0014732965009208107, "[_w k u p u ]_w": 0.0003683241252302026, "[_w i s u ]_w": 0.0007366482504604054, "[_w k u ɾ i ]_w": 0.0011049723756906072, "[_w k u ɾ u ]_w": 0.0014732965009208094, "[_w k a t u ]_w": 0.0022099447513812148, "[_w k a n a ]_w": 0.0036832412523020238, "[_w w i t ɨ ]_w": 0.0014732965009208094, "[_w w i t u ]_w": 0.0044198895027624295, "[_w w i t a ]_w": 0.0036832412523020238, "[_w n i p a ]_w": 0.003314917127071826, "[_w n i p i ]_w": 0.002946593001841622, "[_w p i t a ]_w": 0.002946593001841622, "[_w p i t u ]_w": 0.0014732965009208107, "[_w i n t a ]_w": 0.003314917127071826, "[_w i n t ɨ ]_w": 0.0003683241252302026, "[_w k u ʃ i ]_w": 0.0007366482504604054, "[_w a k u a ]_w": 0.0011049723756906083, "[_w a k u ]_w": 0.0003683241252302026, "[_w a k u n ]_w": 0.0003683241252302026, "[_w n u n a ]_w": 0.003314917127071823, "[_w s a s u ]_w": 0.0003683241252302026, "[_w j u n u ]_w": 0.0007366482504604054, "[_w n a t ɨ ]_w": 0.013627992633517503, "[_w n a t a ]_w": 0.006998158379373848, "[_w p a n ]_w": 0.0007366482504604054, "[_w p a n ɨ ]_w": 0.0022099447513812165, "[_w p a n i ]_w": 0.0007366482504604054, "[_w a j a ]_w": 0.0003683241252302026, "[_w s a w ɨ ]_w": 0.0014732965009208107, "[_w p a tʃ i ]_w": 0.0011049723756906083, "[_w w a j a ]_w": 0.0014732965009208107, "[_w w a j u ]_w": 0.0022099447513812165, "[_w a w a ]_w": 0.0003683241252302026, "[_w a w a n ]_w": 0.0014732965009208107, "[_w a k ɨ ]_w": 0.0007366482504604054, "[_w a k ɨ n ]_w": 0.0003683241252302026, "[_w s a p i ]_w": 0.0011049723756906083, "[_w s a p u ]_w": 0.0007366482504604054, "[_w s u n a ]_w": 0.0003683241252302026, "[_w s u n u ]_w": 0.0014732965009208107, "[_w n a ʃ a ]_w": 0.0011049723756906083, "[_w n i k a ]_w": 0.0062615101289134455, "[_w n i k u ]_w": 0.0014732965009208107, "[_w n i k ɨ ]_w": 0.0007366482504604054, "[_w a n t a ]_w": 0.0007366482504604054, "[_w a n t ɨ ]_w": 0.0003683241252302026, "[_w a n t u ]_w": 0.0003683241252302026, "[_w p i n ]_w": 0.0003683241252302026, "[_w p i n i ]_w": 0.0025782688766114188, "[_w p i n a ]_w": 0.0003683241252302026, "[_w m a i n ]_w": 0.0003683241252302026, "[_w w a i n ]_w": 0.0007366482504604054, "[_w k ɨ t ɨ ]_w": 0.0018416206261510134, "[_w k ɨ t a ]_w": 0.0025782688766114188, "[_w i t a n ]_w": 0.0003683241252302026, "[_w m i n i ]_w": 0.0003683241252302026, "[_w t a ʃ i ]_w": 0.0036832412523020272, "[_w t a p u ]_w": 0.0011049723756906072, "[_w t a p i ]_w": 0.002946593001841622, "[_w i n s u ]_w": 0.003314917127071826, "[_w i n s ɨ ]_w": 0.0003683241252302026, "[_w w a n ]_w": 0.0003683241252302026, "[_w w a n u ]_w": 0.0003683241252302026, "[_w w a n i ]_w": 0.002946593001841622, "[_w w a n a ]_w": 0.0011049723756906083, "[_w a n s u ]_w": 0.0003683241252302026, "[_w t u m a ]_w": 0.0011049723756906083, "[_w k a p a ]_w": 0.0014732965009208094, "[_w k a p u ]_w": 0.0011049723756906072, "[_w j a a ]_w": 0.0003683241252302026, "[_w w i p i ]_w": 0.0011049723756906083, "[_w k i ɾ a ]_w": 0.0003683241252302026, "[_w k i ɾ u ]_w": 0.0003683241252302026, "[_w s i m u ]_w": 0.0007366482504604054, "[_w s a k ɨ ]_w": 0.0003683241252302026, "[_w s a k a ]_w": 0.004051565377532226, "[_w s a k u ]_w": 0.0003683241252302026, "[_w k a ɾ a ]_w": 0.0036832412523020272, "[_w k a ɾ i ]_w": 0.0025782688766114188, "[_w k a ɾ ɨ ]_w": 0.0007366482504604054, "[_w t ɨ p a ]_w": 0.0062615101289134455, "[_w k ɨ p a ]_w": 0.004051565377532226, "[_w k ɨ p i ]_w": 0.0003683241252302026, "[_w p i ʃ a ]_w": 0.0007366482504604054, "[_w t u k u ]_w": 0.0018416206261510134, "[_w p i k ɨ ]_w": 0.0011049723756906083, "[_w p i k u ]_w": 0.0003683241252302026, "[_w p i k a ]_w": 0.0003683241252302026, "[_w n i s ɨ ]_w": 0.0003683241252302026, "[_w w ɨ t ɨ ]_w": 0.0007366482504604054,