{"[_w w e ˨ ]_w": 0.0016207455429497566, "[_w k e ˨ ]_w": 0.001620745542949758, "[_w t e ˦ ʔ ]_w": 0.008103727714748784, "[_w t e ˦ ]_w": 0.0016207455429497566, "[_w t i ˨ ʔ ]_w": 0.003241491085899513, "[_w j e ˨ ]_w": 0.001620745542949758, "[_w m a ˨ ]_w": 0.0016207455429497566, "[_w m i ˨ n ]_w": 0.006482982171799027, "[_w m i ˨ ]_w": 0.003241491085899513, "[_w m i ˨ ʔ ]_w": 0.003241491085899513, "[_w k e ˦ ʔ ]_w": 0.003241491085899513, "[_w k e ˦ ]_w": 0.0016207455429497566, "[_w a ˨ a ˨ ]_w": 0.017828200972447323, "[_w a ˨ a ˦ ]_w": 0.006482982171799027, "[_w m u ˦ ]_w": 0.0016207455429497566, "[_w m o ˦ ]_w": 0.0016207455429497566, "[_w n o ˨ n ]_w": 0.003241491085899513, "[_w k o ˨ ]_w": 0.0016207455429497566, "[_w k o ˨ ʔ ]_w": 0.0016207455429497566, "[_w m a ˦ ]_w": 0.001620745542949758, "[_w m a ˦ ʔ ]_w": 0.006482982171799027, "[_w j a ˨ ]_w": 0.0016207455429497566, "[_w j a ˨ ʔ ]_w": 0.0016207455429497566, "[_w a ˦ a ˨ ]_w": 0.006482982171799027, "[_w a ˦ a ˦ ]_w": 0.0016207455429497566, "[_w e ˦ ʔ ]_w": 0.001620745542949758, "[_w t u ˦ ]_w": 0.001620745542949758, "[_w k a ˨ ʔ ]_w": 0.003241491085899513, "[_w w e ˦ ]_w": 0.0016207455429497566, "[_w n e ˦ ʔ ]_w": 0.006482982171799027, "[_w t e ˨ ʔ ]_w": 0.003241491085899513, "[_w t e ˨ n ]_w": 0.003241491085899513, "[_w w a ˨ ʔ ]_w": 0.003241491085899513, "[_w j u ˦ ]_w": 0.001620745542949758, "[_w a ˨ u ˦ ]_w": 0.011345218800648297, "[_w j e ˦ ]_w": 0.0016207455429497566, "[_w j e ˦ ʔ ]_w": 0.003241491085899513, "[_w k o ˦ ]_w": 0.001620745542949758, "[_w a ˨ i ˦ ]_w": 0.003241491085899513, "[_w k u ˨ ]_w": 0.001620745542949758, "[_w k u ˨ n ]_w": 0.001620745542949758, "[_w a ˦ i ˨ ]_w": 0.0016207455429497566, "[_w p o ˨ ʔ ]_w": 0.0016207455429497566, "[_w r o ˦ ʔ ]_w": 0.0016207455429497566, "[_w m e ˦ ]_w": 0.0016207455429497566, "[_w m e ˦ ʔ ]_w": 0.0016207455429497566}