{"[_w a h p o ]_w": 0.0018674136321195148, "[_w a m o ]_w": 0.0012449424214130095, "[_w a m o e ]_w": 0.0015561780267662618, "[_w n o ʔ o ]_w": 0.003423591658885779, "[_w w a ʔ a ]_w": 0.011204481792717092, "[_w t a m o ]_w": 0.0037348272642390296, "[_w k a w e ]_w": 0.00280112044817927, "[_w k a w i ]_w": 0.0018674136321195148, "[_w j o m a ]_w": 0.0028011204481792726, "[_w t i a o ]_w": 0.0006224712107065053, "[_w t i a ]_w": 0.0006224712107065053, "[_w t i a i ]_w": 0.0009337068160597573, "[_w e m e a ]_w": 0.0015561780267662618, "[_w e m e ]_w": 0.0006224712107065047, "[_w n a p e ]_w": 0.0006224712107065047, "[_w n a p i ]_w": 0.0003112356053532526, "[_w p u a ]_w": 0.0006224712107065047, "[_w p u a i ]_w": 0.0009337068160597573, "[_w i ʔ k a ]_w": 0.0021786492374727667, "[_w a t a ]_w": 0.0009337068160597573, "[_w a t a i ]_w": 0.0006224712107065053, "[_w a t a o ]_w": 0.0015561780267662618, "[_w a t a e ]_w": 0.0009337068160597573, "[_w t e m e ]_w": 0.0024898848428260194, "[_w a h h a ]_w": 0.006847183317771553, "[_w n e a ]_w": 0.0006224712107065047, "[_w n e a i ]_w": 0.0006224712107065047, "[_w k i s i ]_w": 0.0018674136321195148, "[_w w e tʃ i ]_w": 0.0024898848428260194, "[_w e n e a ]_w": 0.0003112356053532526, "[_w i h h i ]_w": 0.0024898848428260194, "[_w a h k a ]_w": 0.0024898848428260194, "[_w t e w e ]_w": 0.0018674136321195148, "[_w t e w a ]_w": 0.003423591658885779, "[_w t e w i ]_w": 0.0006224712107065053, "[_w s i m o ]_w": 0.0012449424214130095, "[_w a p o e ]_w": 0.005913476501711793, "[_w p i ɾ i ]_w": 0.0018674136321195148, "[_w p i ɾ e ]_w": 0.004046062869592279, "[_w p i ɾ a ]_w": 0.0012449424214130095, "[_w n o n o ]_w": 0.00995953937130408, "[_w i h t a ]_w": 0.003423591658885779, "[_w m u a ]_w": 0.0006224712107065047, "[_w m u a i ]_w": 0.0003112356053532526, "[_w p u k a ]_w": 0.003423591658885779, "[_w w e ɾ u ]_w": 0.0009337068160597573, "[_w w e ɾ e ]_w": 0.0037348272642390296, "[_w w e ɾ i ]_w": 0.004668534080298787, "[_w w e ɾ a ]_w": 0.0009337068160597573, "[_w n o tʃ i ]_w": 0.0018674136321195148, "[_w o k a ]_w": 0.0009337068160597573, "[_w o k a o ]_w": 0.0006224712107065047, "[_w tʃ e k a ]_w": 0.0018674136321195148, "[_w w e m e ]_w": 0.0006224712107065047, "[_w t a w e ]_w": 0.0028011204481792726, "[_w i ʔ w a ]_w": 0.0018674136321195148, "[_w e ʔ ɾ a ]_w": 0.006224712107065048, "[_w p a m i ]_w": 0.003423591658885776, "[_w p i tʃ i ]_w": 0.003423591658885776, "[_w k a ʔ i ]_w": 0.0021786492374727667, "[_w o s a ]_w": 0.0006224712107065047, "[_w m a ɾ i ]_w": 0.0018674136321195148, "[_w m a ɾ a ]_w": 0.0024898848428260194, "[_w o w e ]_w": 0.0003112356053532526, "[_w t e s a ]_w": 0.0012449424214130095, "[_w t e s o ]_w": 0.0009337068160597573, "[_w m o tʃ i ]_w": 0.008403361344537813, "[_w p a o ]_w": 0.00031123560535325205, "[_w a m p a ]_w": 0.0012449424214130095, "[_w w a n i ]_w": 0.0018674136321195148, "[_w t e k a ]_w": 0.0009337068160597573, "[_w t e k o ]_w": 0.0028011204481792726, "[_w o h s o ]_w": 0.0012449424214130095, "[_w o h s a ]_w": 0.0003112356053532526, "[_w n a ʔ i ]_w": 0.0012449424214130095, "[_w n a h u ]_w": 0.0006224712107065047, "[_w i k a ]_w": 0.0003112356053532526, "[_w i k a i ]_w": 0.0003112356053532526, "[_w i k a o ]_w": 0.0006224712107065053, "[_w i k a e ]_w": 0.0003112356053532526, "[_w tʃ i a ]_w": 0.0006224712107065047, "[_w tʃ i a o ]_w": 0.0009337068160597573, "[_w tʃ i a e ]_w": 0.00031123560535325205, "[_w tʃ i a i ]_w": 0.0006224712107065047, "[_w t i o ]_w": 0.00031123560535325205, "[_w t i o i ]_w": 0.0006224712107065047, "[_w j o ɾ a ]_w": 0.008092125739184565, "[_w t u j a ]_w": 0.0024898848428260194, "[_w t u j o ]_w": 0.0009337068160597573, "[_w p e ɾ o ]_w": 0.0015561780267662618, "[_w e h p e ]_w": 0.004357298474945538, "[_w k a h a ]_w": 0.0006224712107065053, "[_w a ʔ tʃ i ]_w": 0.0009337068160597573, "[_w tʃ e ɾ e ]_w": 0.0009337068160597573, "[_w tʃ e ɾ a ]_w": 0.0003112356053532526, "[_w n a k o ]_w": 0.0006224712107065053, "[_w n a k a ]_w": 0.0006224712107065053, "[_w s u w e ]_w": 0.0012449424214130095, "[_w p i e ]_w": 0.0006224712107065047, "[_w a tʃ i n ]_w": 0.0024898848428260194, "[_w t a n a ]_w": 0.004357298474945533, "[_w n o ɾ i ]_w": 0.0006224712107065047, "[_w u k a ]_w": 0.00031123560535325205, "[_w u k a o ]_w": 0.00031123560535325205, "[_w e ɾ a ]_w": 0.0006224712107065053, "[_w e ɾ a e ]_w": 0.0006224712107065053, "[_w s e n e ]_w": 0.0024898848428260194, "[_w s e n a ]_w": 0.0012449424214130095, "[_w s e n u ]_w": 0.0003112356053532526, "[_w n a t i ]_w": 0.0018674136321195148, "[_w n a t a ]_w": 0.00031123560535325205, "[_w n o k a ]_w": 0.004668534080298787, "[_w a ɾ i ]_w": 0.0006224712107065047, "[_w a ɾ i o ]_w": 0.0003112356053532526, "[_w t o m i ]_w": 0.0024898848428260194, "[_w t o m a ]_w": 0.0012449424214130095, "[_w i n t o ]_w": 0.009337068160597574, "[_w w e k a ]_w": 0.0015561780267662618, "[_w w a p i ]_w": 0.0018674136321195148, "[_w n a o ]_w": 0.0003112356053532526, "[_w m a s i ]_w": 0.003423591658885776, "[_w m i ɾ i ]_w": 0.0003112356053532526, "[_w m i ɾ a ]_w": 0.0003112356053532526, "[_w p a ɾ i ]_w": 0.0009337068160597573, "[_w p a ɾ a ]_w": 0.0003112356053532526, "[_w n a n e ]_w": 0.0006224712107065047, "[_w n a n i ]_w": 0.0003112356053532526, "[_w n a n a ]_w": 0.0015561780267662618, "[_w tʃ a n i ]_w": 0.003112356053532524, "[_w i h s i ]_w": 0.008092125739184565, "[_w i h s a ]_w": 0.0006224712107065047, "[_w t u k a ]_w": 0.004046062869592282, "[_w p a n i ]_w": 0.0018674136321195148, "[_w ɾ o m a ]_w": 0.0009337068160597573, "[_w tʃ i o i ]_w": 0.0006224712107065047, "[_w tʃ i o ]_w": 0.0003112356053532526, "[_w w i s a ]_w": 0.0003112356053532526, "[_w w e h ]_w": 0.0003112356053532526, "[_w e ʔ w i ]_w": 0.00031123560535325205, "[_w a i w a ]_w": 0.004357298474945533, "[_w t o a ]_w": 0.0003112356053532526, "[_w p o e ]_w": 0.0006224712107065047, "[_w p o e o ]_w": 0.00031123560535325205, "[_w a t i a ]_w": 0.0009337068160597573, "[_w u ɾ e a ]_w": 0.0003112356053532526, "[_w p a ʔ a ]_w": 0.0006224712107065053, "[_w k a ɾ i ]_w": 0.003423591658885776, "[_w k a ɾ a ]_w": 0.0006224712107065053, "[_w k a i ]_w": 0.0006224712107065047, "[_w k o ɾ i ]_w": 0.0003112356053532526, "[_w k o ɾ o ]_w": 0.0006224712107065047, "[_w k o ɾ e ]_w": 0.0006224712107065047, "[_w p i n i ]_w": 0.0003112356053532526, "[_w n o e ]_w": 0.0006224712107065047, "[_w n o e o ]_w": 0.0003112356053532526, "[_w n o e a ]_w": 0.0003112356053532526, "[_w n a s i ]_w": 0.0024898848428260194, "[_w n a s a ]_w": 0.0006224712107065047, "[_w n a s o ]_w": 0.00031123560535325205, "[_w s a n ]_w": 0.0003112356053532526, "[_w s e k a ]_w": 0.0024898848428260194, "[_w u ɾ a ]_w": 0.0003112356053532526, "[_w t e ɾ e ]_w": 0.006535947712418302, "[_w t e ɾ i ]_w": 0.0012449424214130095, "[_w p u s i ]_w": 0.0021786492374727684, "[_w p u s a ]_w": 0.0006224712107065053, "[_w o i s a ]_w": 0.0003112356053532526, "[_w o i s i ]_w": 0.0003112356053532526, "[_w i n j a ]_w": 0.0006224712107065047, "[_w t i ɾ o ]_w": 0.0003112356053532526, "[_w m u k a ]_w": 0.00031123560535325205, "[_w o ʔ ɾ o ]_w": 0.0006224712107065047, "[_w m a tʃ i ]_w": 0.004046062869592282, "[_w i h tʃ i ]_w": 0.0006224712107065047, "[_w j e j e ]_w": 0.0024898848428260194, "[_w p o tʃ i ]_w": 0.0003112356053532526, "[_w t u ɾ o ]_w": 0.0003112356053532526, "[_w m e ɾ e ]_w": 0.0009337068160597573, "[_w m e ɾ i ]_w": 0.0037348272642390296, "[_w ɾ a w i ]_w": 0.0012449424214130095, "[_w t u n a ]_w": 0.0015561780267662618, "[_w o s e ]_w": 0.0003112356053532526, "[_w o s e a ]_w": 0.0003112356053532526, "[_w o s e o ]_w": 0.0003112356053532526, "[_w a s i a ]_w": 0.0003112356053532526, "[_w a s i o ]_w": 0.0003112356053532526, "[_w w e n a ]_w": 0.0009337068160597573, "[_w j e k a ]_w": 0.0006224712107065047, "[_w w e w a ]_w": 0.0012449424214130095, "[_w u s a o ]_w": 0.0006224712107065047, "[_w u s a ]_w": 0.0006224712107065047,