{"ɘ": 0.29121725731895226, "ʔ": 0.32871083718541344, "a": 0.14946070878274267, "o": 0.15767847971237803, "e": 0.042116076014381096, "i": 0.030303030303030304, "w": 0.0005136106831022085}