{"n": 0.1456396635679504, "t": 0.01195219123505976, "ⁿd": 0.010624169986719787, "a": 0.09783089862771138, "ᵑɡ": 0.017706949977866312, "e": 0.05754758742806552, "w": 0.10048694112439133, "x": 0.044710048694112436, "ⁿdz": 0.019034971226206288, "s": 0.0681717574147853, "ɾ": 0.06108897742363878, "j": 0.03098716246126605, "ɘ": 0.005312084993359893, "m": 0.08056662239929172, "p": 0.038069942452412575, "u": 0.03629924745462594, "i": 0.05444887118193891, "o": 0.043824701195219126, "k": 0.008853474988933156, "ŋ": 0.013280212483399735, "ᵐb": 0.02434705621956618, "ʔ": 0.029216467463479414}