{"n": 0.07782546494992847, "a": 0.11292322365283738, "ʔ": 0.13781592751549834, "ɘ": 0.19589890319504052, "p": 0.028421554601812112, "i": 0.054935622317596564, "u": 0.016785884597043395, "j": 0.021745350500715306, "o": 0.05932284215546018, "t": 0.0039103481163567004, "ŋ": 0.019933237958989034, "e": 0.04816404387219838, "ᵑɡ": 0.01697663328564616, "ⁿd": 0.004005722460658083, "m": 0.04024797329518359, "ɾ": 0.07525035765379114, "x": 0.015641392465426802, "w": 0.04148783977110158, "k": 0.005627086313781593, "ⁿdz": 0.002670481640438722, "s": 0.014783023366714354, "ᵐb": 0.005627086313781593}