{"n": 0.12942989214175654, "t": 0.012326656394453005, "ⁿd": 0.009758602978941962, "a": 0.08680020544427323, "ᵑɡ": 0.019003595274781716, "e": 0.06420133538777606, "w": 0.10015408320493066, "x": 0.03543913713405239, "ⁿdz": 0.012840267077555213, "s": 0.053929121725731895, "ɾ": 0.07498715973292244, "j": 0.03287108371854135, "ɘ": 0.01078582434514638, "m": 0.09244992295839753, "p": 0.03800719054956343, "u": 0.04314329738058552, "i": 0.060092449922958396, "o": 0.04725218284540318, "k": 0.00667693888032871, "ŋ": 0.011299435028248588, "ᵐb": 0.023112480739599383, "ʔ": 0.03543913713405239}