{"a": 0.27276815830897233, "e": 0.03935237238587812, "b": 0.03170676860805037, "s": 0.021587587137395996, "t": 0.00854508657521925, "o": 0.022487069934787496, "i": 0.10254103890263098, "ɡ": 0.04767258826174949, "ʔ": 0.08747470204632336, "u": 0.07690577917697324, "n": 0.1796716887789521, "l": 0.04699797616370587, "h": 0.010568922869350123, "d": 0.007420733078479874, "m": 0.03800314818979087, "k": 0.004272543287609625, "f": 0.0006746120980436249, "j": 0.00022487069934787497, "w": 0.0008994827973914999, "r": 0.00022487069934787497}