{"u": 0.09379001280409731, "ə": 0.23079385403329064, "e": 0.1267605633802817, "i": 0.09282970550576185, "o": 0.21062740076824585, "a": 0.1203585147247119, "ɨ": 0.03713188220230474, "s": 0.024327784891165175, "m": 0.005121638924455826, "d": 0.009603072983354673, "t": 0.009603072983354673, "n": 0.012804097311139564, "ɾ": 0.01056338028169014, "ɡ": 0.004161331626120359, "k": 0.004161331626120359, "b": 0.003201024327784891, "p": 0.003201024327784891, "ŋ": 0.0003201024327784891, "ɸ": 0.0006402048655569782}