{"m": 0.06343656343656344, "t": 0.044455544455544456, "θ": 0.023976023976023976, "f": 0.056943056943056944, "e": 0.041458541458541456, "ʐ": 0.037462537462537464, "ŋ": 0.026473526473526472, "k": 0.11838161838161838, "ʎ": 0.03196803196803197, "i": 0.04095904095904096, "w": 0.061938061938061936, "tʃ": 0.030469530469530468, "ɲ": 0.004495504495504496, "a": 0.10989010989010989, "p": 0.1068931068931069, "l": 0.044455544455544456, "ʈʂ": 0.028971028971028972, "ɘ": 0.012987012987012988, "j": 0.016483516483516484, "n": 0.04395604395604396, "s": 0.022977022977022976, "u": 0.004495504495504496, "o": 0.005994005994005994, "l̪": 0.006493506493506494, "n̪": 0.011988011988011988, "ɣ": 0.0004995004995004995, "ʃ": 0.000999000999000999, "jː": 0.0004995004995004995}