{"m": 0.04569437531110005, "e": 0.12424091587854653, "w": 0.029168740666998507, "t": 0.02767546042807367, "a": 0.12414136386261822, "ɲ": 0.009955201592832254, "i": 0.07705326032852165, "j": 0.03812842210054754, "o": 0.03554006968641115, "u": 0.06510701841712295, "θ": 0.01214534594325535, "ŋ": 0.023892483822797413, "n": 0.06570433051269288, "l": 0.0649079143852663, "f": 0.03006470881035341, "p": 0.035639621702339475, "tʃ": 0.0172224987555998, "k": 0.054853160776505726, "ɘ": 0.04171229467396715, "ʐ": 0.02936784469885515, "ʎ": 0.015828770532603287, "s": 0.012742658038825285, "ʈʂ": 0.00935788949726232, "n̪": 0.00467894474863116, "l̪": 0.002887008461921354, "ʃ": 0.000895968143354903, "ɣ": 0.000895968143354903, "ʐː": 9.955201592832254e-05, "jː": 0.00019910403185664509, "tː": 9.955201592832254e-05, "nː": 9.955201592832254e-05}