{"x": 0.09926352865834134, "u": 0.11847582452769773, "w": 0.05347422350304195, "s": 0.08101184758245276, "t": 0.04835094460454691, "a": 0.14281139929554915, "k": 0.04002561639449247, "n": 0.020813320525136087, "j": 0.024975984630163303, "m": 0.0675632404739033, "ɲ": 0.003202049311559398, "kʰ": 0.008645533141210375, "l": 0.037784181876400896, "p": 0.04963176432917067, "tʃ": 0.0313800832532821, "q": 0.0345821325648415, "pʰ": 0.012487992315081652, "tʃʼ": 0.01633045148895293, "qʼ": 0.008005123278898496, "i": 0.04130643611911623, "kʼ": 0.0067243035542747355, "qʰ": 0.01761127121357669, "ʎ": 0.005123278898495036, "tʰ": 0.013768812039705411, "tʼ": 0.0067243035542747355, "ɾ": 0.001280819724623759, "pʼ": 0.0035222542427153377, "tʃʰ": 0.005123278898495036}