{"n": 0.061159141850784506, "w": 0.03554274735830932, "a": 0.3288504642971502, "i": 0.154338776817163, "ɾ": 0.06788344540505924, "t": 0.06308037143772013, "u": 0.07172590457893052, "s": 0.026577009285943004, "tʃ": 0.008645533141210375, "j": 0.013448607108549471, "k": 0.022094140249759846, "χ": 0.05923791226384886, "p": 0.023695164905539544, "m": 0.01825168107588857, "q": 0.007364713416586615, "iː": 0.0035222542427153377, "l": 0.001280819724623759, "ɲ": 0.021773935318603905, "aː": 0.006083893691962856, "qʰ": 0.0009606147934678194, "x": 0.001280819724623759, "ʎ": 0.002241434518091579, "uː": 0.0006404098623118795, "tʰ": 0.0003202049311559398}