{"n": 0.04977145759268664, "a": 0.37404773996952767, "i": 0.1691213814118842, "ː": 0.009141696292534281, "w": 0.041137633316404264, "t": 0.04621635347892331, "χ": 0.05865921787709497, "s": 0.020822752666328086, "m": 0.02031488065007618, "ɾ": 0.059167089893346875, "j": 0.009903504316912138, "u": 0.06526155408836973, "l": 0.001015744032503809, "k": 0.02437785678009142, "p": 0.018283392585068562, "tʃ": 0.007110208227526663, "ɲ": 0.017775520568816656, "q": 0.004824784154393093, "ʎ": 0.0015236160487557136, "x": 0.001015744032503809, "qʰ": 0.00025393600812595224, "tʰ": 0.00025393600812595224}