{"ɾ": 0.08132720223604725, "i": 0.1352447930754666, "æ": 0.1013434316112163, "n": 0.10080245243891443, "k": 0.041294743485709134, "ɡ": 0.041294743485709134, "y": 0.009106482733748084, "ɑ": 0.08637634117753133, "ɯ": 0.06915517085925525, "m": 0.027950590568929762, "u": 0.017852312685961592, "s": 0.029032548913533497, "z": 0.029032548913533497, "x": 0.003967180596880353, "ɣ": 0.003967180596880353, "b": 0.022991614822829323, "p": 0.022991614822829323, "ʃ": 0.011721215399873771, "ʒ": 0.011721215399873771, "d": 0.041294743485709134, "t": 0.041294743485709134, "f": 0.00901631953836444, "v": 0.00901631953836444, "tʃ": 0.0065819132630060406, "dʒ": 0.0065819132630060406, "l": 0.028581732936615274, "j": 0.0036065278153457757, "h": 0.0032458750338111983, "ɟ": 0.0006311423676855107, "e": 0.002073753493823821, "o": 0.0009016319538364439}