{"h": 0.029907558455682437, "o": 0.015588181982961755, "r": 0.016675729563168387, "q": 0.04685517491390248, "j": 0.06189958310676092, "ɵ": 0.015044408192858438, "m": 0.028185608120355265, "k": 0.04748957766902302, "ɡ": 0.04748957766902302, "ɣ": 0.02573862606489034, "x": 0.02573862606489034, "b": 0.0580931665760377, "p": 0.0580931665760377, "i": 0.0478520935290919, "t": 0.08346927678085916, "d": 0.08346927678085916, "ɑ": 0.07920971542504984, "u": 0.02365415986949429, "θ": 0.00036251586006887804, "ð": 0.00036251586006887804, "ʃ": 0.011147362697118, "ʒ": 0.011147362697118, "n": 0.010694217872031902, "a": 0.027007431575131413, "y": 0.02247598332427044, "w": 0.005709624796084829, "ɘ": 0.02021025919883995, "s": 0.03443900670654341, "z": 0.03443900670654341, "l": 0.007975348921515316, "ɤ": 0.004168932390792097, "f": 0.007159688236360341, "v": 0.007159688236360341, "tʃ": 0.0006344027551205366, "ts": 0.00045314482508609753}