{"h": 0.00934104124637632, "a": 0.07315171139403598, "m": 0.02058080594029193, "o": 0.019105904690864088, "k": 0.0249037923610287, "ɑ": 0.11660196314442166, "t": 0.049383762523945954, "d": 0.049383762523945954, "ɡ": 0.0249037923610287, "r": 0.05368979605675827, "s": 0.021937036974248564, "j": 0.05991150592503433, "z": 0.021937036974248564, "ɘ": 0.08779900656076763, "y": 0.014409954735789241, "l": 0.04555240985301846, "q": 0.022106565853493142, "u": 0.022496482275755673, "ʃ": 0.012138267753911879, "ɤ": 0.050383982911488975, "ʒ": 0.012138267753911879, "b": 0.02509027412819774, "p": 0.02509027412819774, "n": 0.03690643701154492, "ɣ": 0.014189567192771289, "x": 0.014189567192771289, "ŋ": 0.004678997067150389, "ɵ": 0.020512994388594098, "θ": 0.014376048959940326, "ð": 0.014376048959940326, "i": 0.008951124824113787, "tʃ": 0.0004746808618848221, "f": 0.004051740213945445, "v": 0.004051740213945445, "w": 0.0010680319392408497, "ts": 0.00013562310339566345}