{"h": 0.047653429602888084, "o": 0.017809867629362215, "r": 0.015403128760529482, "q": 0.07484957882069795, "j": 0.10685920577617329, "ɵ": 0.01588447653429603, "m": 0.038267148014440436, "k": 0.07148014440433213, "x": 0.027196149217809867, "b": 0.10541516245487365, "i": 0.049819494584837545, "t": 0.10348977135980746, "p": 0.007942238267148015, "ɡ": 0.0048134777376654635, "ɑ": 0.07677496991576414, "ɣ": 0.012515042117930204, "u": 0.03513838748495788, "ð": 0.001444043321299639, "ʃ": 0.01444043321299639, "n": 0.01516245487364621, "d": 0.018772563176895306, "a": 0.02214199759326113, "y": 0.02190132370637786, "w": 0.007942238267148015, "ɘ": 0.01829121540312876, "s": 0.04043321299638989, "l": 0.004332129963898917, "ɤ": 0.005054151624548736, "f": 0.010348977135980746, "z": 0.00457280385078219, "tʃ": 0.0019253910950661852, "ʒ": 0.001444043321299639, "ts": 0.0004813477737665463}