{"ʃ": 0.009336660791260188, "t": 0.044501841154604635, "o": 0.04732901694560304, "d": 0.044501841154604635, "ʒ": 0.009336660791260188, "ɣ": 0.018725676689761085, "x": 0.018725676689761085, "b": 0.02368196017521509, "i": 0.08504214586132877, "u": 0.05382105024345125, "p": 0.02368196017521509, "j": 0.021675014397654492, "a": 0.18685537774209873, "k": 0.021884434826617335, "ɛ": 0.04636917331285667, "s": 0.03657876825884365, "dzʲ": 0.014781591944294166, "tsʲ": 0.014781591944294166, "z": 0.03657876825884365, "sʲ": 0.006247709464058219, "zʲ": 0.006247709464058219, "m": 0.016631472400132633, "r": 0.053227692361389856, "n": 0.024432383378998623, "lʲ": 0.016230083244620514, "kʲ": 0.0034030819706462366, "mʲ": 0.0053576726409661265, "bʲ": 0.005322769236138986, "l": 0.014066072145337777, "pʲ": 0.005322769236138986, "ts": 0.0038219228285719274, "dz": 0.0038219228285719274, "v": 0.014991012373257012, "f": 0.014991012373257012, "vʲ": 0.008115041622310257, "fʲ": 0.008115041622310257, "tʃ": 0.007940524598174552, "dʒ": 0.007940524598174552, "nʲ": 0.008848013123680215, "ɣʲ": 0.001849880455838467, "xʲ": 0.001849880455838467, "nː": 0.00022687213137641577, "dzʲː": 0.0004013891555121202, "tsː": 0.0008376817158513813, "sː": 0.00010471021448142266, "nʲː": 0.0011169089544685084, "tsʲː": 0.00013961361930856354, "ʃː": 6.980680965428177e-05, "sʲː": 0.00010471021448142266, "tʃː": 3.4903404827140886e-05}