{"h": 0.09509746012994684, "ɭ": 0.13467217956290609, "j": 0.04282339043118724, "ɑ": 0.04193738924985233, "ɸ": 0.061724748966331955, "e": 0.03750738334317779, "k": 0.1045481393975192, "m": 0.0939161252215003, "n": 0.12906083874778498, "s": 0.0490253987005316, "f": 0.04607206142941524, "t": 0.04843473124630833, "p": 0.02982870643827525, "ɣ": 0.0522740696987596, "u": 0.004134672179562906, "i": 0.019492025989367986, "o": 0.009450679267572357}