{"h": 0.03164454077485776, "u": 0.048062855594689785, "t": 0.05239772419398537, "o": 0.09515036575453807, "ɣ": 0.04746681116228664, "ɑ": 0.15453806556488756, "m": 0.03294500135464644, "ʔ": 0.024600379301002437, "i": 0.12164725006773232, "k": 0.03094012462747223, "e": 0.09412083446220536, "ɭ": 0.08940666486047141, "ɸ": 0.03343267407206719, "j": 0.015388783527499323, "n": 0.06448117041452181, "s": 0.02595502573828231, "p": 0.017989704687076672, "f": 0.019832023841777294}