{"ʃ": 0.012435667265110712, "tʃ": 0.011885098743267505, "e": 0.06998204667863554, "dʒ": 0.011885098743267505, "ʒ": 0.012435667265110712, "t": 0.07171753441053262, "i": 0.0804428485936565, "d": 0.07171753441053262, "o": 0.08678635547576302, "v": 0.029611011370436865, "a": 0.13358467983243566, "f": 0.029611011370436865, "r": 0.04736086175942549, "n": 0.03494913225613405, "k": 0.030377019748653502, "ɡ": 0.030377019748653502, "ɫ": 0.02599640933572711, "j": 0.013668461998803111, "m": 0.016696588868940754, "s": 0.04258527827648115, "z": 0.04258527827648115, "ɤ": 0.01680430879712747, "x": 0.00466786355475763, "p": 0.026451226810293237, "b": 0.026451226810293237, "u": 0.014542190305206463, "ts": 0.002621184919210054, "iː": 0.0009335727109515261, "eː": 0.00026331538001196886, "nː": 0.00026331538001196886, "tː": 0.00013165769000598443, "dː": 0.00013165769000598443, "oː": 2.3937761819269897e-05, "tsː": 2.3937761819269897e-05}