{"ʃ": 0.011732167551411874, "tʃ": 0.01869117187848508, "e": 0.07445242449926395, "t": 0.07110674934201722, "o": 0.08569389302761297, "v": 0.04438595708613998, "a": 0.13708346344292277, "k": 0.03684703573181068, "i": 0.08658607306954544, "ɫ": 0.03559798367310523, "m": 0.029308114377481376, "n": 0.059106927778025606, "ɡ": 0.01601463175268769, "ɤ": 0.018334299861712092, "ʒ": 0.008520319400455011, "j": 0.024401124146852835, "s": 0.045099701119685955, "d": 0.03439354061649641, "p": 0.030200294419413836, "r": 0.05674265066690458, "z": 0.018824998884774947, "b": 0.017798991836552615, "x": 0.007271267341749565, "u": 0.017531337823972877, "f": 0.0038809831824062097, "ts": 0.007405094348039434, "ː": 0.0025427131195075166, "dʒ": 0.000446090020966231}