{"m": 0.03973812156635599, "ɵ": 0.10201323433907289, "n": 0.04059817808435575, "p": 0.034683095501377846, "b": 0.034683095501377846, "d": 0.05456970845839257, "k": 0.07579028662699876, "ɡ": 0.07579028662699876, "t": 0.05456970845839257, "a": 0.11930212556825162, "i": 0.09908202130833904, "ts": 0.013866217331016447, "e": 0.06943639969810261, "dz": 0.013866217331016447, "ŋ": 0.03919400417741737, "u": 0.03872009548382567, "l": 0.02018499991223913, "kʷ": 0.0065645130149369, "ɡʷ": 0.0065645130149369, "j": 0.005950186930651361, "o": 0.031944956382848014, "r": 0.002299334772611588, "s": 0.01706071296930125, "w": 0.0021062608604075616, "f": 0.00054411738893862, "ɣ": 0.0008776086918364839}