{"ɵ": 0.08719320026740521, "p": 0.03638620953108586, "b": 0.03638620953108586, "k": 0.05443606150319931, "ɡ": 0.05443606150319931, "i": 0.1846050997994461, "a": 0.16684175341419158, "e": 0.07410944513418012, "ŋ": 0.040779295196256324, "d": 0.048896953490593066, "t": 0.048896953490593066, "l": 0.019673383630980805, "m": 0.04727342183172572, "u": 0.013465762582370356, "n": 0.061312195587813964, "o": 0.014898290516665075, "s": 0.006303122910896762, "r": 0.002101040970298921, "f": 0.00019100372457262916, "ts": 0.0007640148982905167, "dz": 0.0007640148982905167, "w": 0.00028650558685894376}