{"i": 0.022844958879074017, "s": 0.08102345415778252, "t": 0.08528784648187633, "a": 0.09229363387145903, "l": 0.04386232104782212, "m": 0.16235150776728602, "j": 0.01279317697228145, "p": 0.08163265306122448, "u": 0.031373743527261654, "d": 0.026804751751446847, "n": 0.0974718245507158, "k": 0.03655193420651843, "r": 0.050868108437404816, "e": 0.015534572037770332, "w": 0.016143770941212304, "b": 0.05604629911666159, "ɟ": 0.0185805665549802, "h": 0.013402375875723424, "ɡ": 0.017971367651538228, "o": 0.007005787389582699, "ɵ": 0.005178190679256778, "c": 0.014620773682607372, "ʔ": 0.007919585744745659, "ŋ": 0.0003045994517209869, "ɲ": 0.0021321961620469083}