{"i": 0.014814814814814815, "s": 0.05857019810508183, "t": 0.07390180878552971, "d": 0.07390180878552971, "l": 0.03583118001722653, "m": 0.11335055986218777, "j": 0.00913006029285099, "b": 0.09095607235142118, "p": 0.09095607235142118, "u": 0.031007751937984496, "n": 0.06890611541774333, "a": 0.10043066322136089, "r": 0.040310077519379844, "e": 0.01429801894918174, "w": 0.011541774332472008, "k": 0.04220499569336779, "ɡ": 0.04220499569336779, "c": 0.02549526270456503, "ɟ": 0.02549526270456503, "h": 0.007579672695951766, "o": 0.006201550387596899, "ɵ": 0.007235142118863049, "ʔ": 0.013092161929371232, "ŋ": 0.0003445305770887166, "ɲ": 0.002239448751076658}