{"ɡ": 0.04318300539787567, "k": 0.04318300539787567, "j": 0.02054675256834407, "b": 0.06503569562946196, "p": 0.06503569562946196, "iː": 0.008009751001218875, "x": 0.08122932265366534, "t": 0.08331882291485286, "d": 0.08331882291485286, "ʉ": 0.06294619536827442, "s": 0.0502350687793836, "z": 0.0502350687793836, "ɘ": 0.051541006442625804, "ɦ": 0.027163503395437924, "n": 0.023158627894828487, "m": 0.025335190666898832, "u": 0.029862441232805154, "o": 0.03021069127633641, "a": 0.06329444541180568, "ɵː": 0.0032213129026641128, "ʒ": 0.029514191189273897, "ʃ": 0.029514191189273897, "i": 0.009402751175343897, "ʉi": 0.0006965000870625109, "aː": 0.0020024377503047187, "l": 0.0017412502176562773, "ai": 0.004875500609437576, "oi": 0.0034825004353125546, "r": 0.0016541877067734634, "uː": 0.0029601253700156714, "ʉː": 0.0032213129026641128, "ui": 0.0008706251088281386}