{"ɡ": 0.05550098231827112, "j": 0.0343811394891945, "b": 0.10805500982318271, "i": 0.014980353634577602, "x": 0.14783889980353634, "t": 0.08202357563850687, "d": 0.04764243614931238, "ʉ": 0.05550098231827112, "z": 0.04420432220039293, "ɘ": 0.0550098231827112, "ɦ": 0.047888015717092336, "s": 0.029223968565815325, "n": 0.04494106090373281, "m": 0.03880157170923379, "u": 0.032170923379174855, "o": 0.032907662082514735, "a": 0.062131630648330056, "ɵ": 0.005893909626719057, "ʃ": 0.036345776031434185, "p": 0.0027013752455795677, "r": 0.0019646365422396855, "ʉi": 0.0014734774066797642, "ʒ": 0.004911591355599214, "l": 0.0014734774066797642, "ai": 0.004666011787819254, "oi": 0.004174852652259332, "ui": 0.0012278978388998035, "k": 0.0019646365422396855}