{"k": 0.03905677458292021, "o": 0.09897831616157261, "n": 0.059964650601370864, "m": 0.03159891365262749, "a": 0.14674311333362072, "ɡ": 0.013062033883691856, "d̪": 0.03901366556020175, "e": 0.10372030866060267, "l": 0.03987584601457085, "p": 0.036384015174376, "ɾ": 0.0719058498943829, "u": 0.03690132344699746, "s": 0.0889339138681726, "t̪": 0.05125662801224296, "i": 0.08065698150622926, "h": 0.012156744406604303, "b": 0.0333232745613657, "j": 0.004181575203690132, "ŋ": 0.0025434323403888434, "ɲ": 0.0022847782040781137, "ʎ": 0.004310902271845498, "ts": 0.002629650385825753, "w": 0.0005173082726214597}