{"k": 0.028726831071447433, "o": 0.09306296315854325, "n": 0.050271954375033005, "ɡ": 0.028726831071447433, "d̪": 0.06500501663410255, "ɾ": 0.07303163119818346, "a": 0.15750470859516644, "t̪": 0.06500501663410255, "e": 0.10066712432451462, "s": 0.0729436200735773, "m": 0.02054179648307546, "p": 0.046575487141574695, "b": 0.046575487141574695, "i": 0.07612962278431994, "l": 0.03203604935663868, "j": 0.0026227315132632766, "u": 0.02789952650014962, "h": 0.0062311876221154356, "ts": 0.001601802467831934, "ɲ": 0.001249757969407333, "ŋ": 0.0010561334952738026, "ʎ": 0.0021474714403900653, "w": 0.00038724894826706093}