{"k": 0.07153089485244962, "ɡ": 0.07153089485244962, "m": 0.04498137713685417, "d̪": 0.07449145258332537, "t̪": 0.07449145258332537, "p": 0.11603476267787222, "b": 0.11603476267787222, "u": 0.011746729061216694, "l": 0.030751599656193295, "h": 0.014420781205233503, "s": 0.06914334829529176, "a": 0.11880431668417533, "e": 0.06217171234839079, "n": 0.012128736510361952, "i": 0.022251933912711297, "o": 0.036959220704803744, "ʎ": 0.0051571005634609875, "ɾ": 0.04268933244198262, "j": 0.00038200744914525833, "ts": 0.0028650558685894374, "w": 0.0014325279342947187}