{"j": 0.01276595744680851, "u": 0.09598883850715033, "s": 0.03111266131845134, "ɨ": 0.06550401116149285, "ɾ": 0.06166724799441926, "i": 0.13477502615974887, "k": 0.05762120683641437, "a": 0.21046389954656436, "w": 0.03711196372514824, "tʃ": 0.009138472270666201, "n": 0.13191489361702127, "t": 0.059225671433554235, "p": 0.056853854202999654, "m": 0.023299616323683294, "ʔ": 0.006627136379490757, "ʃ": 0.005929543076386466}