{"j": 0.04383057090239411, "w": 0.08729281767955802, "n": 0.17716390423572745, "k": 0.1292817679558011, "m": 0.0578268876611418, "i": 0.11049723756906077, "p": 0.11491712707182321, "t": 0.06077348066298342, "tʃ": 0.032780847145488026, "a": 0.07440147329650092, "s": 0.06003683241252302, "ʃ": 0.011786372007366482, "u": 0.027624309392265192, "ɨ": 0.009208103130755065, "ɾ": 0.002578268876611418}