{"ɨ": 0.15297663903541825, "i": 0.19291635267520724, "u": 0.2162773172569706, "a": 0.26563677467972874, "n": 0.1544837980406933, "ʔ": 0.017709118311981915}