{"a": 0.11700844390832328, "t": 0.11218335343787696, "i": 0.07800562927221552, "k": 0.09368717330116606, "n": 0.07599517490952955, "s": 0.04664254121431444, "w": 0.07840772014475271, "m": 0.07438681141938078, "o": 0.03216726980297547, "j": 0.06393244873341375, "ʃ": 0.02613590671491757, "ʂ": 0.021310816244471252, "tʃ": 0.025733815842380377, "p": 0.08805790108564536, "ⁿt": 0.008443908323281062, "ts": 0.021712907117008445, "ᵑk": 0.01527945315641335, "ⁿtʃ": 0.006031363088057901, "ᵐp": 0.0036188178528347406, "ʈʂ": 0.010052271813429835, "ɾ": 0.0004020908725371934, "h": 0.0008041817450743868}