{"e": 0.05901717021833734, "d": 0.06588775141214759, "m": 0.03409105078743594, "t": 0.06588775141214759, "ə": 0.02094841452922179, "n": 0.043941793333915236, "l": 0.0436549995635747, "ɑ": 0.1008641220993304, "ɡ": 0.046747384565507435, "k": 0.046747384565507435, "ʃ": 0.060825217900918986, "ʒ": 0.060825217900918986, "r": 0.03601132211928127, "æ": 0.01007518984500667, "ts": 0.001932740626207963, "p": 0.014900806763345263, "y": 0.007144905669788147, "b": 0.014900806763345263, "o": 0.0461114505530132, "ɤ": 0.08991608164893948, "i": 0.024402409067670862, "j": 0.014077833335411549, "tɕ": 0.008965422646732422, "s": 0.014589074404279461, "z": 0.014589074404279461, "u": 0.032145840866865345, "β": 0.011908176116313578, "x": 0.0009102584884721374, "ʎ": 0.001246929436263202, "ɲ": 0.0013092759080763619, "ø": 0.0036535032482511815, "ŋ": 0.0012219908475379379, "f": 0.0005361796575931768, "ɕ": 1.246929436263202e-05}