{"e": 0.019140362659503023, "d": 0.0651443922095366, "t": 0.0651443922095366, "ə": 0.010543989254533244, "p": 0.06145063801208865, "b": 0.06145063801208865, "m": 0.04150436534586971, "ɡ": 0.10181329751511081, "k": 0.10181329751511081, "o": 0.02404298186702485, "l": 0.04499664204163868, "i": 0.029012760241773003, "ɤ": 0.01773002014775017, "u": 0.03136333109469443, "ʃ": 0.052249832102081936, "ʒ": 0.052249832102081936, "j": 0.031229012760241773, "n": 0.01490933512424446, "β": 0.04036265950302216, "ts": 0.0034922766957689723, "s": 0.028341168569509738, "z": 0.028341168569509738, "x": 0.002753525856279382, "r": 0.007320349227669577, "ɑ": 0.033042310275352586, "tɕ": 0.01605104096709201, "y": 0.007924781732706514, "f": 0.0017461383478844861, "æ": 0.00241773002014775, "ø": 0.00241773002014775}