{"e": 0.07102092580849714, "d": 0.02226864112797941, "m": 0.05486963333208997, "n": 0.0676265433250028, "ə": 0.02607333358200604, "l": 0.05718228952963557, "t": 0.06232981461449513, "ʃ": 0.05904733485023686, "r": 0.045395203103435415, "æ": 0.015964787944347046, "p": 0.021970233876683204, "y": 0.00828080122346973, "ɡ": 0.015778283412286917, "o": 0.049050691931813946, "ɑ": 0.09742996754821143, "i": 0.03248908948487448, "j": 0.025924129956357938, "ts": 0.003804692454026633, "ɤ": 0.07762318624342572, "tɕ": 0.014920362564810325, "k": 0.055168040583386174, "u": 0.030139132380916856, "β": 0.021932932970271178, "ʒ": 0.015256070722518557, "s": 0.020627401245850274, "x": 0.002834868887313962, "ɲ": 0.0027229661680778844, "ø": 0.0035062852027304262, "z": 0.00828080122346973, "ŋ": 0.0029467716065500393, "ʎ": 0.0024991607296057294, "f": 0.0020888507590734453, "b": 0.00276026707448991, "ɕ": 0.00018650453206012907}