{"ai": 0.006189695976697615, "s": 0.008738394320043691, "a": 0.14782450391407245, "t": 0.05953031130529765, "i": 0.17221918805752776, "m": 0.031676679410158386, "aː": 0.004733296923357, "ɾ": 0.0892044420171127, "o": 0.08465319497542327, "n": 0.07919169852539595, "h": 0.022210085563444382, "e": 0.06663025669033315, "ʃ": 0.022210085563444382, "k": 0.0686328053886765, "j": 0.013289641361733115, "ea": 0.014017840888403422, "eː": 0.007464045148370653, "p": 0.040415073730202075, "ei": 0.005097396686692153, "ts": 0.015474239941744038, "oː": 0.0007281995266703076, "β": 0.016930638995084655, "io": 0.01237939195339523, "oi": 0.004187147278354269, "ao": 0.0012743491716730383, "iː": 0.0032768978700163844, "tʃ": 0.0018204988166757691}