{"ai": 0.017253774263120056, "m": 0.025880661394680086, "h": 0.04960460100647016, "j": 0.028037383177570093, "k": 0.05895039539899353, "a": 0.12221423436376708, "ei": 0.010064701653486701, "i": 0.2415528396836808, "o": 0.098490294751977, "t": 0.039539899352983465, "p": 0.1308411214953271, "n": 0.08411214953271028, "ts": 0.010064701653486701, "oi": 0.002875629043853343, "s": 0.01653486700215672, "ʃ": 0.013659237958303379, "e": 0.010783608914450037, "io": 0.023005032350826744, "tʃ": 0.005751258087706686, "β": 0.010783608914450037}