{"i": 0.3982642237222758, "e": 0.16393442622950818, "a": 0.19961427193828352, "o": 0.15043394406943106, "ea": 0.033751205400192864, "eː": 0.019286403085824494, "oː": 0.0009643201542912247, "io": 0.007714561234329798, "ei": 0.003857280617164899, "oi": 0.0009643201542912247, "n": 0.008678881388621022, "k": 0.0057859209257473485, "iː": 0.0028929604628736743, "ao": 0.0019286403085824494, "ai": 0.0019286403085824494}