{"i": 0.1919213059857681, "ã": 0.07974047718710757, "a": 0.22687316868982838, "e": 0.20971117622436167, "ũ": 0.04688154039347007, "o": 0.15885307660108833, "ĩ": 0.031393888656341566, "u": 0.011720385098367517, "s": 0.008999581414817916, "õ": 0.008999581414817916, "k": 0.004185851820845542, "r": 0.005232314776056928, "ẽ": 0.00648807032231059, "m": 0.002092925910422771, "l": 0.0046044370029300966, "t": 0.0008371703641691084, "d": 0.0008371703641691084, "p": 0.0002092925910422771, "b": 0.0002092925910422771, "n": 0.0002092925910422771}