{"h": 0.01624980700941794, "ũ": 0.016018218310946426, "n": 0.048286243631310795, "i": 0.10761154855643044, "ã": 0.03300138953219083, "a": 0.14790798209047398, "s": 0.024201018990273274, "p": 0.0385981164119191, "b": 0.0385981164119191, "o": 0.07325922494982245, "e": 0.07958931604137719, "k": 0.05284082136791725, "t": 0.05998147290412228, "u": 0.032731202717307395, "d": 0.05998147290412228, "l": 0.03728578045391385, "ts": 0.02694148525551953, "r": 0.030029334568473058, "j": 0.012235602902578354, "m": 0.02655550409140034, "ĩ": 0.010846070711749266, "ẽ": 0.007565230816736143, "w": 0.007603828933148062, "ɸ": 0.0065230816736143275, "õ": 0.004593175853018373, "ʔ": 0.0009649529102979774}