{"r": 0.07569451166392412, "e": 0.09737682702545736, "i": 0.09650566256896718, "k": 0.02545736133965734, "ɡ": 0.02545736133965734, "s": 0.022069499564417772, "z": 0.022069499564417772, "ɯ": 0.09737682702545736, "d̪": 0.04549414383893137, "t̪": 0.04549414383893137, "n": 0.10492691898170554, "tʃ": 0.004452618333172007, "dʒ": 0.004452618333172007, "l": 0.023231052173071337, "m": 0.02845803891201239, "b": 0.025747749491820734, "p": 0.025747749491820734, "j": 0.033685025650953444, "v": 0.010647565579324364, "f": 0.010647565579324364, "ɑ": 0.11509050430742426, "ŋ": 0.006098151195431226, "q": 0.023908624528119253, "u": 0.008905236666344013, "ʃ": 0.00987319717355532, "y": 0.0032910657245184397, "ɣ": 0.0022263091665860033, "x": 0.0022263091665860033, "o": 0.0033878617752395703}