{"b": 0.021840233448841874, "i": 0.07669159219405434, "r": 0.06428962246945102, "e": 0.0921940543498085, "d̪": 0.03478934889658946, "s": 0.035154112712018966, "n": 0.06273937625387561, "tʃ": 0.009301477293452489, "y": 0.014408170709465621, "q": 0.02539668064927959, "ɯ": 0.051659675360204264, "m": 0.03766186394309685, "ɑ": 0.14002370964800293, "j": 0.03529089914280503, "k": 0.02995622834214846, "ʃ": 0.01623198978661317, "l": 0.06055079336129856, "o": 0.021703447018055808, "ŋ": 0.007796826554805764, "ɣ": 0.010532555170527085, "t̪": 0.04641619551340507, "z": 0.01623198978661317, "ø": 0.006064198431515594, "u": 0.02539668064927959, "dʒ": 0.009711836585810688, "p": 0.010714937078241839, "ɡ": 0.009119095385737734, "v": 0.012310778770745942, "f": 0.007021703447018056, "x": 0.008799927047236915}