{"b": 0.07958199356913183, "e": 0.053858520900321546, "s": 0.06511254019292605, "i": 0.04367631296891747, "q": 0.05734190782422294, "k": 0.06564844587352626, "o": 0.04635584137191854, "ɑ": 0.11120042872454448, "tʃ": 0.021704180064308683, "m": 0.05921757770632369, "d̪": 0.04260450160771704, "u": 0.01420150053590568, "p": 0.008842443729903537, "t̪": 0.06993569131832797, "j": 0.06404072883172561, "v": 0.012861736334405145, "ʃ": 0.02679528403001072, "ɡ": 0.013933547695605574, "r": 0.020364415862808145, "x": 0.02384780278670954, "ɣ": 0.005627009646302251, "n": 0.01929260450160772, "z": 0.009110396570203644, "ø": 0.01232583065380493, "l": 0.00857449088960343, "dʒ": 0.01929260450160772, "f": 0.01527331189710611, "ɯ": 0.0008038585209003215, "y": 0.00857449088960343}