{"b": 0.05052753847643016, "p": 0.05052753847643016, "e": 0.06591811054108992, "s": 0.05769044622979382, "z": 0.05769044622979382, "i": 0.03271706514374213, "q": 0.029135611267060303, "k": 0.05023715032426677, "ɡ": 0.05023715032426677, "o": 0.029135611267060303, "ɑ": 0.0994095440906011, "tʃ": 0.03000677572355048, "dʒ": 0.03000677572355048, "m": 0.03920240054205788, "d̪": 0.06572451843964766, "t̪": 0.06572451843964766, "u": 0.010937953731487756, "j": 0.03658890717258736, "v": 0.019165618042783855, "f": 0.019165618042783855, "ʃ": 0.01664892072403446, "r": 0.01858484173845707, "ɣ": 0.017616881231245766, "x": 0.017616881231245766, "n": 0.014422611557448456, "ø": 0.013164262898073759, "l": 0.005807763043267834, "ɯ": 0.000677572355047914, "y": 0.005710966992546704}