{"ɛ": 0.109130859375, "a": 0.08219401041666667, "ʒ": 0.006591796875, "ʃ": 0.006591796875, "o": 0.040283203125, "j": 0.005045572916666667, "u": 0.07560221354166667, "t": 0.07259114583333333, "d": 0.07259114583333333, "l": 0.033365885416666664, "i": 0.13037109375, "n": 0.01416015625, "tʃ": 0.001708984375, "ou": 0.020182291666666668, "m": 0.040445963541666664, "iː": 0.07625325520833333, "s": 0.013346354166666666, "z": 0.013346354166666666, "ts": 0.006917317708333333, "v": 0.010660807291666666, "f": 0.010660807291666666, "ɲ": 0.0017903645833333333, "k": 0.016845703125, "ɡ": 0.016845703125, "ɛː": 0.025797526041666668, "aː": 0.021402994791666668, "x": 0.015299479166666666, "p": 0.007405598958333333, "b": 0.007405598958333333, "c": 0.004557291666666667, "ɟ": 0.004557291666666667, "r": 0.01318359375, "r̝": 0.0020345052083333335, "uː": 0.0166015625, "ɦ": 0.004231770833333333}