{"a": 0.011637369791666666, "p": 0.07674153645833333, "b": 0.07674153645833333, "j": 0.028401692708333332, "t": 0.061930338541666664, "d": 0.061930338541666664, "n": 0.032552083333333336, "k": 0.02490234375, "ɡ": 0.02490234375, "v": 0.060628255208333336, "f": 0.060628255208333336, "tʃ": 0.020426432291666668, "s": 0.09651692708333333, "z": 0.09651692708333333, "l": 0.021484375, "m": 0.030517578125, "c": 0.0107421875, "ɟ": 0.0107421875, "ts": 0.011149088541666666, "r": 0.023763020833333332, "ɲ": 0.007975260416666666, "o": 0.04833984375, "ʒ": 0.013916015625, "ʃ": 0.013916015625, "r̝": 0.00732421875, "ɦ": 0.017740885416666668, "i": 0.0033365885416666665, "x": 0.005859375, "uː": 0.022298177083333332, "u": 0.010660807291666666, "au": 0.0011393229166666667, "ɛ": 0.004313151041666667, "ɛu": 0.00016276041666666666, "ɛː": 0.00016276041666666666}