{"a": 0.08051558223713251, "l": 0.041758629822547896, "ɛ": 0.09570053853624085, "p": 0.02984020482034078, "r": 0.037653394544009886, "o": 0.06497748741944027, "j": 0.024807980930519998, "s": 0.039021806303522553, "m": 0.033857155469232805, "t": 0.04604043436037786, "k": 0.03509314028427651, "ou": 0.0067537741679173655, "n": 0.04021364880374327, "b": 0.017612783614372737, "ː": 0.07049527677231394, "i": 0.0954356846473029, "u": 0.03500485565463053, "d": 0.036726405932727114, "ʒ": 0.009181601483181779, "ɦ": 0.013110267502427827, "ɲ": 0.01681822194755893, "v": 0.03557870574732939, "ts": 0.014787675465701422, "ʃ": 0.00838703981636797, "c": 0.008078043612607045, "tʃ": 0.011079721020570319, "r̝": 0.010241017038933521, "z": 0.01867219917012448, "x": 0.008740178334951885, "ɟ": 0.007239339630970248, "ɡ": 0.002074688796680498, "f": 0.0036638121303081135, "au": 0.0006179924075218504, "ɛu": 0.0002207115741149466}