{"a": 0.020439448134900357, "p": 0.11701584057230455, "j": 0.041389882473173226, "t": 0.04675523760858457, "n": 0.05569749616760347, "k": 0.04624425140521206, "b": 0.03091466530403679, "m": 0.06234031681144609, "v": 0.08124680633622892, "tʃ": 0.028359734287174247, "z": 0.0487991824220746, "l": 0.021972406745017884, "s": 0.08712314767501278, "c": 0.008686765457332652, "ts": 0.01762902401635156, "d": 0.06310679611650485, "r": 0.036280020439448134, "ɲ": 0.017373530914665303, "o": 0.041389882473173226, "ʒ": 0.008686765457332652, "r̝": 0.010219724067450179, "ɦ": 0.023760858456821667, "ɟ": 0.010986203372508942, "i": 0.006387327542156361, "x": 0.008431272355646398, "u": 0.025549310168625446, "f": 0.015074092999489013, "au": 0.0025549310168625446, "ɡ": 0.002043944813490036, "ɛ": 0.005365355135411344, "ʃ": 0.00740929994890138, "ɛu": 0.0007664793050587634}