{"n": 0.05692944382759665, "r": 0.029675986676087614, "ɛː": 0.002119713334006258, "ɛ": 0.09336832542646613, "ɪ": 0.09165236701322298, "ɘ": 0.0759059251034622, "l": 0.06954678510144342, "k": 0.06096699303522762, "ɡ": 0.06096699303522762, "ʊ": 0.018673665085293226, "t": 0.043605531442414455, "d": 0.043605531442414455, "i": 0.01665489048147774, "m": 0.05380034319168265, "w": 0.018471787624911678, "ŋ": 0.018471787624911678, "ɔ": 0.05612193398607045, "j": 0.037044513980014133, "b": 0.022004643181588776, "p": 0.022004643181588776, "ɘː": 0.0011103260320985161, "o": 0.010699505400222065, "ɔː": 0.0011103260320985161, "e": 0.009690118098314323, "u": 0.002523468254769355, "f": 0.01322297365499142, "s": 0.010497627939840517, "ɟ": 0.02069243968910871, "c": 0.02069243968910871, "ɲ": 0.00434036539820329, "a": 0.011809831432320582, "aː": 0.0012112647622892904, "h": 0.0002018774603815484, "uː": 0.0006056323811446452}