{"l": 0.029037755637126378, "o": 0.09176717357105402, "s": 0.061047019751791644, "d̪": 0.06550428246809999, "e": 0.10699615451844083, "t̪": 0.06550428246809999, "i": 0.07317339625939522, "p": 0.04234399580492921, "ɾ": 0.06290421255025345, "b": 0.04234399580492921, "k": 0.03152857891976927, "ɡ": 0.03152857891976927, "n": 0.05720153819262367, "a": 0.14907795839888133, "m": 0.022941793392763504, "θ": 0.01308774689739556, "u": 0.02715871351162384, "x": 0.006074112917322147, "ʝ": 0.0016823981821359902, "f": 0.006008564936199965, "ɲ": 0.0014202062576472644, "r": 0.006598496766299598, "ʎ": 0.003299248383149799, "tʃ": 0.0015731515469323545, "w": 0.0001966439433665443}