{"l": 0.036492673992673995, "o": 0.10123626373626374, "s": 0.07554945054945054, "d̪": 0.0385989010989011, "e": 0.11057692307692307, "p": 0.027930402930402932, "ɾ": 0.06648351648351648, "a": 0.1326007326007326, "k": 0.03978937728937729, "n": 0.06126373626373626, "u": 0.03571428571428571, "m": 0.03118131868131868, "b": 0.0336996336996337, "t̪": 0.04954212454212454, "f": 0.010485347985347985, "ɲ": 0.002655677655677656, "i": 0.07967032967032966, "ʝ": 0.0031593406593406594, "θ": 0.02055860805860806, "ɡ": 0.014010989010989012, "tʃ": 0.0027014652014652014, "r": 0.010897435897435897, "ʎ": 0.00434981684981685, "x": 0.010439560439560439, "w": 0.0004120879120879121}