{"s": 0.1972624798711755, "l": 0.039452495974235106, "ɾ": 0.07353730542136339, "n": 0.07434245840042941, "a": 0.2278582930756844, "o": 0.2450348899624262, "e": 0.08829844337090714, "ʝ": 0.004830917874396135, "θ": 0.010735373054213635, "d̪": 0.01261406333870102, "i": 0.008588298443370907, "ɡ": 0.001878690284487386, "k": 0.003488996242619431, "b": 0.001610305958132045, "m": 0.001878690284487386, "t̪": 0.0029522275899087494, "u": 0.00322061191626409, "f": 0.0013419216317767043, "tʃ": 0.00026838432635534085, "p": 0.0005367686527106817, "w": 0.00026838432635534085}