{"a": 0.2366870245365906, "n": 0.11839708561020036, "b": 0.0005357334190506804, "p": 0.0005357334190506804, "l": 0.009107468123861567, "ɡ": 0.07885995928426015, "k": 0.07885995928426015, "e": 0.07832422586520947, "u": 0.09128897460623593, "s̻": 0.0300010714668381, "i": 0.07650273224043716, "t̪": 0.01939354976963463, "d̪": 0.01939354976963463, "o": 0.11100396442730097, "r": 0.028072431158255653, "t̪s̺": 0.0009643201542912247, "au": 0.0012857602057216328, "ei": 0.004928747455266259, "s̺": 0.0047144540876459876, "t̪s̻": 0.007714561234329798, "ai": 0.0021429336762027215, "oi": 0.0008571734704810886, "m": 0.0003214400514304082, "ʃ": 0.00010714668381013607}