{"e": 0.10275371225788545, "t̪": 0.062369897504014594, "a": 0.16831545766340875, "d̪": 0.062369897504014594, "n": 0.05247715152356218, "b": 0.023968596974683294, "p": 0.023968596974683294, "i": 0.07922126841260085, "l": 0.02519775579389782, "ɡ": 0.05959437758965921, "k": 0.05959437758965921, "u": 0.05549057314486231, "ɾ": 0.025594258638805732, "s̻": 0.028786106540314427, "t̪s̻": 0.009000614579409608, "o": 0.057056759382248565, "au": 0.0054717392597291884, "m": 0.008782538014710255, "ai": 0.011597708213556433, "r": 0.037747070835233244, "ei": 0.0031323724747725065, "t̪s̺": 0.0015463610951408577, "s̺": 0.02222398445708848, "ʃ": 0.0007930056898158244, "eu": 0.0016058365218770444, "x": 0.0054717392597291884, "oi": 0.0018239130865763961, "t̪ʃ": 0.0026169187763922207, "ɲ": 0.00023790170694474734, "ui": 0.00025772684919014296, "f": 0.00081283083206122, "j": 3.9650284490791224e-05, "ʎ": 3.9650284490791224e-05, "c": 3.9650284490791224e-05}