{"e": 0.11712544652237865, "t̪": 0.05080899348602647, "a": 0.1573439798276949, "b": 0.02878756041185123, "ɾ": 0.03383063668837991, "i": 0.07640260558940953, "s̻": 0.03345240596764026, "n": 0.07539399033410381, "d̪": 0.031183021643202354, "ɡ": 0.0310149191006514, "u": 0.051775583105694474, "o": 0.062113889472578274, "r": 0.038873712964908595, "ai": 0.013784408489178399, "s̺": 0.026560201723051062, "l": 0.03336835469636478, "eu": 0.002227358688800168, "k": 0.062408068922042446, "m": 0.012943895776423619, "t̪s̻": 0.0197100231140996, "ei": 0.0031939483084681658, "x": 0.008321075856272326, "au": 0.0066400504307627655, "p": 0.009749947467955452, "t̪s̺": 0.0032359739441059046, "t̪ʃ": 0.0030678714015549484, "oi": 0.002647615045177558, "f": 0.001933179239335995, "ɲ": 0.0003362050851019122, "ui": 0.0004202563563773902, "ʃ": 0.0010926665265812146, "j": 0.00012607690691321705, "ʎ": 8.405127127547805e-05, "c": 4.202563563773902e-05}