{"a": 0.26356968215158927, "t̪": 0.01687041564792176, "e": 0.06528117359413203, "n": 0.20684596577017114, "o": 0.11907090464547677, "r": 0.02444987775061125, "u": 0.07359413202933986, "i": 0.060880195599022004, "l": 0.009290953545232274, "k": 0.10635696821515893, "s̻": 0.02591687041564792, "d̪": 0.0004889975550122249, "ai": 0.00293398533007335, "ɡ": 0.002200488997555012, "s̺": 0.006356968215158924, "t̪s̻": 0.006601466992665036, "oi": 0.0009779951100244498, "ei": 0.004400977995110024, "b": 0.0007334963325183374, "t̪s̺": 0.0012224938875305623, "m": 0.0004889975550122249, "au": 0.0009779951100244498, "p": 0.00024449877750611245, "ʃ": 0.00024449877750611245}