{"a": 0.03615604186489058, "ʔ": 0.07500792895654931, "o": 0.015382175705677133, "n": 0.07040913415794481, "h": 0.03869330796067238, "eː": 0.01014906438312718, "b": 0.1137012369172217, "p": 0.1137012369172217, "oː": 0.01078338090707263, "t": 0.05978433238185855, "k": 0.0818268315889629, "ɡ": 0.0818268315889629, "i": 0.016492229622581667, "dz": 0.05946717411988582, "s": 0.07611798287345385, "u": 0.005391690453536315, "e": 0.01443070091975896, "kx": 0.013954963526799874, "m": 0.044402156676181415, "ai": 0.0034887408816999684, "oi": 0.0006343165239454488, "t̪": 0.022201078338090707, "ɽ": 0.023786869647954328, "iː": 0.004281636536631779, "ao": 0.0006343165239454488, "ui": 0.0003171582619727244, "ŋ": 0.002378686964795433, "uː": 0.002537266095781795, "aː": 0.0014272121788772598, "au": 0.0006343165239454488}