{"a": 0.16569862298505514, "ʋ": 0.03139071983293089, "e": 0.11068328656268354, "i": 0.06382562161456634, "o": 0.08399138549892318, "u": 0.05997520067871827, "ᵐb": 0.03954839130718528, "ʃ": 0.007374535012725968, "p": 0.05808262089669125, "t": 0.04137570971741826, "ĩ": 0.004307250538406317, "ɯ̃": 0.001762057038438948, "ʔ": 0.024864582653527378, "ɾ": 0.059192064217189845, "ã": 0.011681785551132284, "x": 0.03341382235854597, "s": 0.019186843307446324, "ɯ": 0.04561769888403054, "dʒ": 0.03935260719180317, "ᵑɡ": 0.001957841153821053, "ⁿd": 0.02362461658944071, "k": 0.03465378842263264, "õ": 0.00293676173073158, "ɰ": 0.019252104679240357, "ẽ": 0.005090386999934739, "ᵑɡʷ": 0.0008483978333224565, "l": 0.007439796384520003, "ũ": 0.001762057038438948, "r": 0.001109443320498597}