{"i": 0.11385099685204617, "ĩ": 0.01285414480587618, "e": 0.23373557187827912, "a": 0.2846274921301154, "u": 0.07240293809024134, "o": 0.10729275970619098, "ɯ": 0.07030430220356768, "ã": 0.03462749213011543, "ẽ": 0.019150052465897165, "ũ": 0.0062959076600209865, "ⁿd": 0.004984260230849948, "õ": 0.01416579223504722, "l": 0.007345225603357817, "s": 0.006820566631689402, "ɾ": 0.0036726128016789086, "ɯ̃": 0.006033578174186778, "ᵐb": 0.0005246589716684155, "p": 0.00026232948583420777, "t": 0.0007869884575026233, "ɰ": 0.00026232948583420777}