{"ɐ": 0.47898120672601385, "i": 0.1242993735575338, "ɑ": 0.14795581932080448, "e": 0.10806132542037586, "õ": 0.07047477744807122, "ʊ": 0.007335970985822618, "o": 0.008737223870755028, "ẽ": 0.007830530827563468, "ɑ̃": 0.0012363996043521265, "ĩ": 0.0017309594460929772, "ɪ": 0.0335476425980877, "ũ": 0.0006594131223211342, "u": 0.0051928783382789315, "t̪": 0.0013188262446422684, "d̪": 0.0013188262446422684, "n": 0.000741839762611276, "ɖ": 0.00016485328058028355, "ʈ": 0.00016485328058028355, "ɐ̃": 0.0002472799208704253}