{"ɔ": 0.0017309594460929772, "e": 0.005852291460600066, "p": 0.07698648203099241, "b": 0.07698648203099241, "l": 0.024480712166172106, "ɪ": 0.009479063633366303, "k": 0.057863501483679525, "ɡ": 0.057863501483679525, "j": 0.007665677546983185, "n": 0.025304978569073523, "dʒ": 0.044015825914935705, "tʃ": 0.044015825914935705, "ɾ": 0.029591163864160896, "s": 0.07352456313880647, "z": 0.07352456313880647, "bʱ": 0.02225519287833828, "pʰ": 0.02225519287833828, "h": 0.016320474777448073, "ɐ": 0.0361028684470821, "t̪": 0.038658094296076494, "d̪": 0.038658094296076494, "ɑ": 0.02415100560501154, "ʋ": 0.030580283547642598, "ʊ": 0.020689086712825586, "m": 0.03923508077810749, "ʃ": 0.018216287504121333, "i": 0.0015661061655126937, "o": 0.0008242664029014178, "ɛ": 0.0008242664029014178, "kʰ": 0.017886580942960764, "ɡʱ": 0.017886580942960764, "t̪ʰ": 0.004615891856247939, "d̪ʱ": 0.004615891856247939, "u": 0.0013188262446422684, "ɐ̃": 0.004698318496538081, "f": 0.0009891196834817012, "tʃʰ": 0.0030497856907352456, "ʈʰ": 0.001483679525222552, "ɖʱ": 0.001483679525222552, "ɖ": 0.008902077151335312, "ʈ": 0.008902077151335312, "ẽ": 0.0004945598417408506, "ɪ̃": 0.001483679525222552, "dʒʱ": 0.0008242664029014178, "ũ": 0.0006594131223211342, "ɑ̃": 0.0011539729640619848, "ĩ": 0.0003297065611605671}