{"ɐ": 0.5309362596310997, "e": 0.09502685033854774, "ɑ": 0.12771421900537006, "ĩ": 0.002801774457156199, "ɪ": 0.025449451319168807, "i": 0.11323838431006304, "ɐ̃": 0.00046696240952603317, "ẽ": 0.011440579033387813, "õ": 0.06840999299556386, "ɑ̃": 0.003268736866682232, "ũ": 0.0009339248190520663, "u": 0.004903105300023348, "o": 0.006537473733364464, "ʊ": 0.006070511323838431, "n": 0.0009339248190520663, "t̪": 0.0011674060238150829, "d̪": 0.00046696240952603317, "ʈ": 0.00023348120476301658}