{"ɔ": 0.0011674060238150829, "e": 0.00817184216670558, "p": 0.08825589540042027, "l": 0.02918515059537707, "ɪ": 0.013074947466728928, "k": 0.07121176745272005, "j": 0.012141022647676861, "n": 0.03712351155731963, "ɡ": 0.03011907541442914, "dʒ": 0.04249357926686902, "ɾ": 0.03432173710016344, "s": 0.11767452720056036, "bʱ": 0.021480270838197525, "h": 0.02474900770487976, "ɐ": 0.04529535372402522, "d̪": 0.03642306794303059, "t̪": 0.023581601681064674, "ɑ": 0.03058603782395517, "b": 0.05650245155265001, "ʋ": 0.04716320336212935, "ʊ": 0.02591641372869484, "pʰ": 0.00957272939528368, "m": 0.06070511323838431, "ʃ": 0.026149894933457856, "i": 0.002101330842867149, "o": 0.0011674060238150829, "tʃ": 0.027784263366798973, "ɛ": 0.0009339248190520663, "ɡʱ": 0.007938360961942564, "d̪ʱ": 0.006537473733364464, "u": 0.001634368433341116, "ɐ̃": 0.004903105300023348, "f": 0.0018678496381041327, "tʃʰ": 0.005136586504786365, "ʈʰ": 0.0014008872285780996, "kʰ": 0.017277609152463225, "ʈ": 0.006303992528601448, "ẽ": 0.00046696240952603317, "ɑ̃": 0.0030352556619192153, "ɪ̃": 0.0025682932523931824, "ɖ": 0.006770954938127481, "ɖʱ": 0.0009339248190520663, "dʒʱ": 0.0014008872285780996, "t̪ʰ": 0.001634368433341116, "ũ": 0.0018678496381041327, "z": 0.002801774457156199, "ĩ": 0.00046696240952603317}