{"t": 0.04110576923076923, "w": 0.12139423076923077, "h": 0.040865384615384616, "a": 0.016346153846153847, "k": 0.062259615384615385, "j": 0.02716346153846154, "s": 0.10480769230769231, "p": 0.10024038461538462, "mʲ": 0.007692307692307693, "nʲ": 0.014423076923076924, "l": 0.026201923076923078, "dʒ": 0.018990384615384614, "d": 0.05961538461538462, "b": 0.03653846153846154, "ʀ": 0.03653846153846154, "wʲ": 0.01201923076923077, "z": 0.05360576923076923, "n": 0.061778846153846156, "bʲ": 0.0016826923076923078, "tʃ": 0.023557692307692307, "ʃ": 0.01610576923076923, "m": 0.05264423076923077, "ts": 0.010817307692307692, "ʒ": 0.009134615384615385, "x": 0.010096153846153847, "e": 0.0026442307692307694, "ɡ": 0.0026442307692307694, "i": 0.004807692307692308, "pʲ": 0.0026442307692307694, "u": 0.001201923076923077, "f": 0.01201923076923077, "ʀʲ": 0.005288461538461539, "o": 0.0019230769230769232, "v": 0.001201923076923077}