{"t": 0.04653866539007335, "e": 0.06828634444083503, "ʒ": 0.020123442014737813, "ʃ": 0.020123442014737813, "d": 0.04653866539007335, "w": 0.05083007061156799, "o": 0.06664501017285301, "m": 0.019559233360118996, "ɪ": 0.02417548598881841, "ɨ": 0.02480808357126981, "x": 0.009266699721315119, "k": 0.02846689121031305, "i": 0.04894937509617193, "ɡ": 0.02846689121031305, "a": 0.10179691907880115, "u": 0.036553881926516096, "ʀ": 0.03790456325120963, "h": 0.009506060968729163, "l": 0.01954213612816085, "nʲ": 0.0104122142625109, "tʃ": 0.026705876318624016, "dʒ": 0.026705876318624016, "b": 0.02863786352989451, "p": 0.02863786352989451, "j": 0.019183094257039787, "s": 0.04537605361691942, "z": 0.04537605361691942, "mʲ": 0.002000376139103079, "ʀʲ": 0.003522029783378071, "ts": 0.005180461283318231, "n": 0.027680418540238335, "wʲ": 0.004428183077159808, "ʊ": 0.011096103540836738, "bʲ": 0.0018123065875634734, "pʲ": 0.0018123065875634734, "v": 0.0016755287318983058, "f": 0.0016755287318983058}