{"ʒ": 0.011298076923076923, "t": 0.013701923076923077, "tʃ": 0.03918269230769231, "o": 0.06346153846153846, "j": 0.031009615384615385, "e": 0.18076923076923077, "k": 0.023798076923076922, "i": 0.06754807692307692, "m": 0.04110576923076923, "z": 0.006490384615384616, "a": 0.1841346153846154, "n": 0.014903846153846155, "ɨ": 0.08389423076923076, "w": 0.04110576923076923, "x": 0.03822115384615385, "d": 0.012740384615384615, "s": 0.010096153846153847, "u": 0.07692307692307693, "nʲ": 0.0028846153846153848, "ts": 0.009375, "dʒ": 0.0026442307692307694, "l": 0.009134615384615385, "p": 0.002403846153846154, "h": 0.0026442307692307694, "ɪ": 0.0038461538461538464, "ɡ": 0.0014423076923076924, "ʃ": 0.005048076923076923, "ʀ": 0.016346153846153847, "ʊ": 0.001201923076923077, "b": 0.0016826923076923078, "f": 0.0009615384615384616}