{"h": 0.039748781092471694, "n": 0.023634410379307497, "m": 0.052061813073299726, "tʃ": 0.0073547640690852, "v": 0.07090323113792249, "f": 0.07090323113792249, "ɑ": 0.058094372365920174, "ɡ": 0.062060986695314437, "k": 0.062060986695314437, "ʃ": 0.016692835302867533, "ʒ": 0.016692835302867533, "o": 0.015949095116106107, "l": 0.03437732418808363, "ɛ": 0.05644161639533923, "p": 0.030989174448392696, "b": 0.030989174448392696, "z": 0.038343938517477895, "s": 0.038343938517477895, "i": 0.029501694074869845, "u": 0.013139409966118502, "t": 0.06131724650855301, "d": 0.06131724650855301, "ts": 0.004545078919097595, "j": 0.018345591273448477, "øː": 0.0016527559705809436, "eː": 0.023964961573423683, "aː": 0.00793322865878853, "uː": 0.003636063135278076, "oː": 0.0019833071646971324, "ø": 0.006197834889678539, "r": 0.015783819519048014, "ɟ": 0.004049252127923312, "c": 0.004049252127923312, "iː": 0.004958267911742831, "ɲ": 0.006363110486736634, "y": 0.005619370299975209}