{"h": 0.010413876766499141, "o": 0.048351267468057284, "ɟ": 0.005860759693097853, "c": 0.005860759693097853, "ɑ": 0.07203062719581554, "n": 0.04455437745182991, "ɛ": 0.1183967986387913, "m": 0.02344303877239141, "tʃ": 0.0023474548233106993, "ɡ": 0.04679154916263608, "k": 0.04679154916263608, "z": 0.022560773872355173, "t": 0.06760354796527658, "d": 0.06760354796527658, "s": 0.022560773872355173, "ʃ": 0.0175192601578624, "ʒ": 0.0175192601578624, "i": 0.04368786728215147, "r": 0.03699210688009075, "eː": 0.03184031005309344, "v": 0.022214169804483798, "f": 0.022214169804483798, "l": 0.039638901580199455, "aː": 0.029098986970837994, "lː": 0.002536511587604178, "ɲː": 0.0004096229893025381, "u": 0.014053219479148614, "p": 0.014368314086304413, "b": 0.014368314086304413, "oː": 0.007168402312794416, "tː": 0.006538213098482819, "dː": 0.006538213098482819, "j": 0.01276133158980984, "øː": 0.00855481858427993, "y": 0.00650670363776724, "nː": 0.0011658500464764546, "kː": 0.0005356608321648575, "ɡː": 0.0005356608321648575, "bː": 0.002331700092952909, "pː": 0.002331700092952909, "rː": 0.00044113245001811793, "ts": 0.002331700092952909, "ɲ": 0.004631890725190238, "jː": 9.452838214673956e-05, "ø": 0.013738124871992816, "uː": 0.0024734926661730185, "iː": 0.004994249523419407, "yː": 0.0017802845304302616, "zː": 0.0009925480125407653, "sː": 0.0009925480125407653, "mː": 0.00026783041608242875, "tsː": 0.00015754730357789927, "hː": 6.301892143115971e-05, "vː": 3.1509460715579855e-05, "fː": 3.1509460715579855e-05, "ʃː": 0.00037811352858695824}