{"ɟ": 0.0042145277249814065, "c": 0.0042145277249814065, "n": 0.06214362449384348, "ɑ": 0.06685397900999918, "m": 0.03115445004545079, "ɡ": 0.09148004297165524, "k": 0.09148004297165524, "t": 0.10461945293777374, "d": 0.10461945293777374, "ʃ": 0.03652590694983886, "ʒ": 0.03652590694983886, "i": 0.06834145938352203, "l": 0.03437732418808363, "ɛ": 0.07123378233203867, "p": 0.00528881910585902, "b": 0.00528881910585902, "oː": 0.01413106354846707, "r": 0.025948268738120818, "z": 0.012065118585240888, "s": 0.012065118585240888, "tː": 0.022808032394017023, "dː": 0.022808032394017023, "lː": 0.0008263779852904718, "øː": 0.01760185108668705, "v": 0.0029749607470456988, "f": 0.0029749607470456988, "bː": 0.00677629947938187, "pː": 0.00677629947938187, "eː": 0.004627716717626643, "j": 0.006363110486736634, "ts": 0.0016527559705809436, "ɲ": 0.006115197091149492, "tʃ": 0.0014048425749938023, "uː": 0.0042145277249814065, "u": 0.0008263779852904718, "o": 0.0010742913808776135, "aː": 0.0011569291794066607, "yː": 0.0037187009338071233, "zː": 8.263779852904718e-05, "sː": 8.263779852904718e-05, "h": 0.0010742913808776135, "nː": 0.0003305511941161887, "ʃː": 0.0004131889926452359, "kː": 0.00024791339558714154, "ɡː": 0.00024791339558714154, "tsː": 0.00024791339558714154}