{"ɾ": 0.05863613738178198, "t": 0.022200099552015927, "d": 0.022200099552015927, "ə": 0.07775012444001991, "i": 0.14644101543056248, "k": 0.0233947237431558, "ɡ": 0.0233947237431558, "v": 0.028372324539571926, "f": 0.028372324539571926, "n": 0.11229467396714783, "s": 0.026281732205077152, "z": 0.026281732205077152, "ʁ": 0.01602787456445993, "χ": 0.01602787456445993, "kʰ": 0.02926829268292683, "ɔ": 0.0029865604778496766, "ɑ": 0.04449975111996018, "tsʰ": 0.0498755599800896, "m": 0.07715281234444997, "j": 0.0020905923344947735, "l": 0.052563464410154304, "dz": 0.023195619711299152, "ts": 0.023195619711299152, "dʒ": 0.004878048780487805, "tʃ": 0.004878048780487805, "b": 0.005176704828272772, "p": 0.005176704828272772, "u": 0.021304131408661026, "ɛ": 0.007068193130910901, "tʃʰ": 0.004181184668989547, "ʃ": 0.0018914883026381285, "ʒ": 0.0018914883026381285, "r": 0.0027874564459930314, "tʰ": 0.004280736684917869, "h": 0.0029865604778496766, "pʰ": 0.0009955201592832255}