{"h": 0.01445719462479239, "ɑ": 0.16018043182847652, "m": 0.033840404650460516, "ɾ": 0.06841688056771855, "t": 0.03552015702853692, "d": 0.03552015702853692, "ə": 0.016174694247319946, "i": 0.061150536010871205, "j": 0.010286124112939755, "k": 0.03878529367356183, "ɡ": 0.03878529367356183, "b": 0.016476672202929185, "p": 0.016476672202929185, "v": 0.021780160048316472, "f": 0.021780160048316472, "ɛ": 0.06751094670089083, "n": 0.0673788313453118, "s": 0.031349086516684284, "z": 0.031349086516684284, "ʁ": 0.015721727313906086, "χ": 0.015721727313906086, "kʰ": 0.013721123357994866, "ɔ": 0.037577381851124865, "tsʰ": 0.015948210780613016, "u": 0.03212290502793296, "l": 0.02094972067039106, "dz": 0.010663596557451306, "ts": 0.010663596557451306, "dʒ": 0.004567416578589763, "tʃ": 0.004567416578589763, "tʃʰ": 0.0042843122452060995, "ʃ": 0.006171674467763853, "ʒ": 0.006171674467763853, "r": 0.005378982334289597, "tʰ": 0.004869394534199004, "pʰ": 0.003680356333987619}