{"ŋ": 0.06135128138752265, "n": 0.14548278539994822, "i": 0.12089049961170074, "h": 0.05332643023556821, "a": 0.1894900336526016, "k": 0.05513849339891276, "m": 0.028475278281128655, "u": 0.04167745275692467, "t": 0.06419880921563552, "r": 0.06135128138752265, "s": 0.06083354905513849, "l": 0.04789024074553456, "p": 0.014755371472948486, "d": 0.008801449650530676, "e": 0.01397877297437225, "b": 0.006212787988609888, "w": 0.0005177323323841574, "f": 0.0041418586590732595, "o": 0.01371990680818017, "ɡ": 0.000776598498576236, "j": 0.004400724825265338, "tʃ": 0.0012943308309603934, "ɲ": 0.0005177323323841574, "z": 0.0002588661661920787, "x": 0.0005177323323841574}