{"u": 0.1015625, "a": 0.17317708333333334, "t": 0.20442708333333334, "i": 0.22265625, "p": 0.022135416666666668, "n": 0.04296875, "iː": 0.0078125, "s": 0.01953125, "q": 0.07552083333333333, "k": 0.08854166666666667, "aː": 0.013020833333333334, "uː": 0.006510416666666667, "l": 0.010416666666666666, "m": 0.005208333333333333, "ʁ": 0.0026041666666666665, "v": 0.0013020833333333333, "j": 0.0013020833333333333, "ɣ": 0.0013020833333333333}