{"a": 0.1744586953523652, "m": 0.047855468211281206, "l": 0.051854916563232656, "u": 0.1259136670804027, "t": 0.0944697283133361, "n": 0.0848158874637981, "q": 0.03434009102192801, "i": 0.1616328782236933, "ː": 0.03737415528892567, "k": 0.045373051992828574, "s": 0.032271410839884156, "v": 0.018204385601985933, "ŋ": 0.024548338160253758, "ɣ": 0.012412081092263137, "ʁ": 0.02027306578402979, "p": 0.0215142738932561, "j": 0.01268790511653565}