{"u": 0.07755474452554745, "a": 0.1633211678832117, "ː": 0.028284671532846715, "i": 0.19251824817518248, "t": 0.2755474452554745, "q": 0.07664233576642336, "n": 0.030109489051094892, "k": 0.1031021897810219, "p": 0.01916058394160584, "s": 0.01551094890510949, "l": 0.008211678832116789, "ŋ": 0.0009124087591240876, "v": 0.0009124087591240876, "m": 0.004562043795620438, "ʁ": 0.0018248175182481751, "j": 0.0009124087591240876, "ɣ": 0.0009124087591240876}