{"ɾ": 0.05142088447956953, "ɔ": 0.03867496216579788, "m": 0.04015469984866319, "ɛ": 0.07842609719186144, "l": 0.044627543299142425, "i": 0.13657306204809147, "b": 0.019505633092315452, "s": 0.06426769799899108, "z": 0.06426769799899108, "ʃ": 0.013653943164620817, "ʒ": 0.013653943164620817, "ɑ": 0.13986884143265513, "n": 0.030502774508155372, "u": 0.019774676307381875, "qʼ": 0.004102909029762906, "pʰ": 0.007701362031276274, "tsʼ": 0.007802253236926181, "ts": 0.013990247183453841, "dz": 0.013990247183453841, "d": 0.027274255927358333, "tʰ": 0.02185976122414663, "v": 0.03171346897595426, "x": 0.025189171010593578, "ɣ": 0.025189171010593578, "ɡ": 0.013721203968387422, "pʼ": 0.005414494703211703, "kʰ": 0.009349251723558097, "tʼ": 0.01368757356650412, "tʃʼ": 0.0008407600470825626, "kʼ": 0.010795359004540104, "dʒ": 0.005515385908861611, "tʃ": 0.005515385908861611, "h": 0.0009752816546157727}