{"m": 0.007992622194897018, "ɔ": 0.03904088533661236, "s": 0.25115278204734093, "i": 0.2803565939133108, "ts": 0.014448201660006148, "ɡ": 0.002151859821703043, "ɑ": 0.20166000614817092, "tʰ": 0.03135567168767292, "ɛ": 0.05748539809406702, "d": 0.03104826314171534, "ɾ": 0.016600061481709193, "n": 0.026437134952351674, "b": 0.003381494005533354, "v": 0.00522594528127882, "kʰ": 0.0003074085459575776, "u": 0.002151859821703043, "l": 0.02151859821703043, "ʃ": 0.0009222256378727329, "tʼ": 0.0012296341838303104, "kʼ": 0.0018444512757454657, "x": 0.0009222256378727329, "pʰ": 0.0009222256378727329, "dʒ": 0.0003074085459575776, "z": 0.001537042729787888}