{"ɾ": 0.0384260682446972, "i": 0.05133722717491546, "tsʼ": 0.030433446049800184, "m": 0.13710421149707963, "ʃ": 0.03904088533661236, "ɑ": 0.07869658776513987, "s": 0.0946818321549339, "d": 0.04703350753150937, "x": 0.02551490931447894, "pʼ": 0.027666769136181987, "u": 0.027359360590224407, "tʰ": 0.03135567168767292, "ɛ": 0.032892714417460805, "qʼ": 0.007992622194897018, "z": 0.01567783584383646, "kʰ": 0.02090378112511528, "ɔ": 0.015985244389794036, "ɡ": 0.05318167845066093, "v": 0.018444512757454658, "kʼ": 0.03996311097448509, "n": 0.0233630494927759, "ts": 0.017522287119581925, "dʒ": 0.008607439286812173, "dz": 0.010144482016600061, "h": 0.004918536735321242, "tʃ": 0.014140793114048571, "b": 0.024285275130648633, "pʰ": 0.026129726406394098, "tʼ": 0.017214878573624345, "ɣ": 0.006148170919151552, "l": 0.010759299108515216, "ʒ": 0.002151859821703043, "tʃʼ": 0.0009222256378727329}