{"s": 0.06626137337304663, "t": 0.05487779999183973, "a": 0.1455791749969399, "n": 0.00971071851156718, "o": 0.04137255701987025, "l": 0.03823085397201028, "ĩ": 0.012934024235994941, "ɡ": 0.016891754049532824, "u": 0.08066424578726182, "d": 0.04586070423109878, "k": 0.04386143865518789, "e": 0.05177689828226366, "b": 0.028520135460443102, "i": 0.08588681708760047, "m": 0.03774123791260353, "p": 0.034762740217879146, "ɾ": 0.07454404504467746, "f": 0.015422905871312578, "ɲ": 0.0060385980660165655, "v": 0.010200334570973928, "ẽ": 0.01228120282345261, "ã": 0.013464441633685586, "dʒ": 0.006446611448855523, "ɛ": 0.006895426169978376, "tʃ": 0.004365743196376841, "z": 0.010485943938961198, "ũ": 0.0057121873597454, "õ": 0.015259700518176995, "ʃ": 0.006936227508262271, "ɐ": 0.0023256762821820555, "ɛ̃": 0.00171365620792362, "ʒ": 0.006120200742584357, "ɔ": 0.004773756579215798, "ɔ̃": 0.0006936227508262271, "ʎ": 0.0007752254273940186, "ʀ": 0.0005304173976906442, "ɐ̃": 8.160267656779142e-05}