{"s": 0.05078214334720761, "t": 0.06451539130037048, "a": 0.1510885971733065, "d": 0.06451539130037048, "z": 0.05078214334720761, "b": 0.03469331747701596, "p": 0.03469331747701596, "o": 0.03831816310661849, "ɾ": 0.06450395645611307, "u": 0.07221104148561497, "m": 0.020754242327219504, "n": 0.006826602021680465, "l": 0.026814709783652746, "ĩ": 0.009719617618808032, "ɡ": 0.03337831038741252, "k": 0.03337831038741252, "e": 0.04985592096235649, "i": 0.08703059964323286, "ɔ": 0.0031217124822759913, "ɐ": 0.002195490097424873, "ã": 0.010119837167817775, "ɛ": 0.005705987284453186, "õ": 0.015059689887023739, "ẽ": 0.011514888167223162, "ɔ̃": 0.0005260028358413758, "dʒ": 0.005751726661482871, "tʃ": 0.005751726661482871, "ʃ": 0.006083337144948086, "ʒ": 0.006083337144948086, "f": 0.012566893838905914, "v": 0.012566893838905914, "ɲ": 0.003167451859305676, "ũ": 0.004105109088414216, "ɛ̃": 0.001292137401088597, "ʎ": 0.00028587110643553035, "ʀ": 0.00020582719663358185, "ɐ̃": 3.430453277226364e-05}