{"a": 0.3023608403725363, "s": 0.0792722547108512, "u": 0.245830625947585, "l": 0.05609703270521984, "i": 0.11306042884990253, "e": 0.04678362573099415, "ɾ": 0.02837340264240849, "ẽ": 0.003248862897985705, "õ": 0.030539311241065625, "ɐ": 0.009529997834091402, "m": 0.02360840372536279, "ũ": 0.003898635477582846, "ã": 0.0034654537578514186, "o": 0.031189083820662766, "v": 0.0008663634394628547, "d": 0.001949317738791423, "ĩ": 0.003248862897985705, "ɛ": 0.006714316655837124, "t": 0.001299545159194282, "k": 0.0010829542993285683, "ɔ": 0.0008663634394628547, "ʃ": 0.0030322720381199915, "p": 0.00043318171973142733, "z": 0.0010829542993285683, "b": 0.000649772579597141, "n": 0.00021659085986571366, "ɛ̃": 0.000649772579597141, "ɡ": 0.00043318171973142733, "f": 0.00021659085986571366}