{"s": 0.07585495998059666, "z": 0.07585495998059666, "n": 0.029772010671840893, "l": 0.02510308028134853, "t": 0.06675964103807906, "d": 0.06675964103807906, "ɡ": 0.08003880669415474, "k": 0.08003880669415474, "b": 0.07797720106718409, "p": 0.07797720106718409, "m": 0.039291777831675964, "f": 0.04220227989328159, "v": 0.04220227989328159, "ɲ": 0.0009095318942517585, "a": 0.057846228474411836, "o": 0.017948096046568034, "ĩ": 0.014673781227261703, "ɛ": 0.0015765219500363814, "dʒ": 0.012612175600291051, "tʃ": 0.012612175600291051, "ɾ": 0.04014067426631094, "ũ": 0.001819063788503517, "i": 0.013946155711860296, "ʃ": 0.009762308998302207, "ʒ": 0.009762308998302207, "u": 0.005821004123211254, "ɔ": 0.0012733446519524619, "e": 0.007336890613630851, "ã": 0.006427358719379093, "ẽ": 0.004001940334707737, "õ": 0.0014552510308028135, "ɐ̃": 0.00012127091923356779, "ɔ̃": 0.00012127091923356779}