{"u": 0.1574928774928775, "eː": 0.045356125356125356, "e": 0.19133903133903135, "a": 0.31954415954415955, "uː": 0.03076923076923077, "i": 0.1354985754985755, "d̪": 0.0049002849002849, "t̪": 0.0049002849002849, "aː": 0.0245014245014245, "oː": 0.008774928774928775, "n": 0.004558404558404558, "m": 0.0007977207977207978, "l": 0.01037037037037037, "ʃ": 0.0050142450142450145, "r": 0.011168091168091168, "iː": 0.002735042735042735, "o": 0.004672364672364673, "ʋ": 0.0003418803418803419, "ɡ": 0.0049002849002849, "k": 0.0049002849002849, "ɖ": 0.007977207977207978, "ʈ": 0.007977207977207978, "dʒ": 0.0010256410256410256, "tʃ": 0.0010256410256410256, "ɳ": 0.0002279202279202279, "b": 0.0009116809116809116, "p": 0.0009116809116809116, "s": 0.0049002849002849, "t̪ʰ": 0.0002279202279202279, "d̪ʱ": 0.0002279202279202279, "j": 0.0007977207977207978, "ʂ": 0.0009116809116809116, "h": 0.00011396011396011396, "pʰ": 0.00011396011396011396, "bʱ": 0.00011396011396011396}