{"o": 0.012068779063480048, "n": 0.0430842435384449, "d̪": 0.044576619444144046, "u": 0.049616091705417975, "t̪": 0.044576619444144046, "eː": 0.018946685411484806, "e": 0.06118741213366497, "r": 0.0421974694495512, "ɖ": 0.017800367686817347, "ʈ": 0.017800367686817347, "a": 0.19162971774629609, "uː": 0.010900832702498107, "i": 0.07831729209473343, "lː": 0.0049745863523304856, "nː": 0.004022926354493349, "l": 0.01572401860062723, "t̪ː": 0.006358819076457229, "d̪ː": 0.006358819076457229, "aː": 0.045939223531956314, "ɡ": 0.03988320536390181, "k": 0.03988320536390181, "ɭ": 0.009884286795717531, "h": 0.013820698604952959, "oː": 0.011095490429328432, "bː": 0.0020547204498756353, "pː": 0.0020547204498756353, "iː": 0.0071807072564074835, "m": 0.01808153995890559, "mː": 0.0012544609062398616, "s": 0.015983562236400996, "ʋ": 0.01503190223856386, "j": 0.013820698604952959, "dʒ": 0.006942792256948199, "tʃ": 0.006942792256948199, "ʃ": 0.0034605818103168595, "ʂ": 0.004152698172380231, "ɡː": 0.003374067265058938, "kː": 0.003374067265058938, "b": 0.017843624959446306, "p": 0.017843624959446306, "t̪ʰ": 0.0022926354493349194, "d̪ʱ": 0.0022926354493349194, "ɳ": 0.006120904076997945, "tʃʰ": 6.488590894344112e-05, "sː": 0.00028117227208824484, "tʃː": 0.0007786309073212934, "ɖː": 0.0036336109008327025, "ʈː": 0.0036336109008327025, "kʰ": 0.0012328322699253812, "ɡʱ": 0.0012328322699253812, "ɳː": 0.000930031361522656, "pʰ": 0.003092894992970693, "bʱ": 0.003092894992970693, "ɭː": 0.0005190872715475289, "dʒː": 0.00019465772683032335, "jː": 2.1628636314480372e-05, "ʈʰ": 0.00025954363577376446, "ɖʱ": 0.00025954363577376446, "ʋː": 2.1628636314480372e-05}