{"u": 0.17555040556199306, "a": 0.3574739281575898, "e": 0.16772885283893396, "i": 0.123117033603708, "ː": 0.10892236384704519, "ɡ": 0.0020278099652375433, "r": 0.008400926998841252, "n": 0.007531865585168019, "s": 0.006662804171494786, "ʈ": 0.006952491309385863, "t̪": 0.003186558516801854, "ʂ": 0.0008690614136732329, "ʋ": 0.0008690614136732329, "l": 0.007242178447276941, "d̪": 0.0014484356894553883, "o": 0.003186558516801854, "m": 0.0014484356894553883, "pʰ": 0.0005793742757821553, "k": 0.004924681344148319, "ʃ": 0.004924681344148319, "tʃ": 0.0005793742757821553, "b": 0.00028968713789107763, "h": 0.0005793742757821553, "dʒ": 0.0011587485515643105, "ɖ": 0.0014484356894553883, "j": 0.0011587485515643105, "p": 0.0008690614136732329, "t̪ʰ": 0.0005793742757821553, "ɳ": 0.00028968713789107763}