{"n": 0.17106773823191734, "o": 0.11050516647531573, "a": 0.1044776119402985, "l": 0.1145235361653272, "e": 0.08897818599311137, "i": 0.15442020665901263, "ŋ": 0.05137772675086108, "k": 0.043340987370838115, "tʃ": 0.0008610792192881745, "m": 0.02324913892078071, "ɨ": 0.014064293915040185, "ʌ": 0.060849598163030996, "ɛ": 0.02324913892078071, "u": 0.01951779563719862, "p": 0.00947187141216992, "s": 0.006314580941446613, "ø": 0.002296211251435132, "tʃʰ": 0.000574052812858783, "t": 0.0002870264064293915, "tʰ": 0.0002870264064293915, "pʰ": 0.0002870264064293915}