{"m": 0.03683152002713901, "o": 0.12391867988078219, "n": 0.04313164845283385, "ŋ": 0.05626499309408999, "a": 0.140662482735225, "w": 0.02127504906830793, "aː": 0.02609707044028205, "e": 0.05529574256706002, "i": 0.08025394363808186, "d": 0.03290605539266762, "t": 0.03290605539266762, "k": 0.05483534856672078, "ɡ": 0.05483534856672078, "dz": 0.020790423804792943, "ts": 0.020790423804792943, "b": 0.019627323172356975, "p": 0.019627323172356975, "r": 0.03038600402238969, "s": 0.021977755700404663, "j": 0.008069010637524535, "iː": 0.006930141268264314, "eː": 0.0031500642128474156, "uː": 0.007511691584482299, "u": 0.03603188834233929, "oː": 0.009256342533136253, "l": 0.01836729748721801, "kp": 0.007632847900361046, "ɡb": 0.007632847900361046, "h": 0.0019869635804114468, "f": 0.0010177130533814728}