{"m": 0.06761978361669242, "k": 0.11154044307058217, "ɡ": 0.11154044307058217, "a": 0.06195260175167439, "dz": 0.04714064914992272, "ts": 0.04714064914992272, "e": 0.0312982998454405, "iː": 0.014940752189592994, "j": 0.009788768675940238, "b": 0.03799587841318908, "p": 0.03799587841318908, "kp": 0.037480680061823805, "ɡb": 0.037480680061823805, "o": 0.02485832045337455, "l": 0.015455950540958269, "s": 0.04714064914992272, "n": 0.03992787223080886, "i": 0.01738794435857805, "h": 0.009788768675940238, "d": 0.05126223596084493, "t": 0.05126223596084493, "uː": 0.013266357547655847, "u": 0.0190623390005152, "w": 0.02215352910870685, "r": 0.017001545595054096, "oː": 0.008629572385368366, "f": 0.002833590932509016, "aː": 0.005023183925811438, "eː": 0.0007727975270479134, "ŋ": 0.00025759917568263783}