{"m": 0.046159764072316964, "o": 0.12728127537718512, "n": 0.05475060905244262, "kp": 0.008804547591571569, "a": 0.15946488866093944, "ː": 0.05239988032653759, "k": 0.035389152455443, "e": 0.06052057956148224, "ŋ": 0.0715476343120913, "d": 0.008932769158439116, "dz": 0.02701201008676326, "b": 0.023507287259050307, "i": 0.07483865452835833, "u": 0.042526819677736465, "j": 0.011411719451211694, "t": 0.030174808736162757, "w": 0.025131427106039234, "l": 0.023720989870496218, "r": 0.03329486686327307, "ɡ": 0.04051801513014489, "s": 0.02880711202290892, "h": 0.002607171859640125, "p": 0.006026413642774715, "ɡb": 0.0016668803692781126, "f": 0.0016668803692781126, "ts": 0.001837842458434842}