{"m": 0.09197278911564626, "p": 0.07020408163265306, "a": 0.08244897959183674, "t": 0.09551020408163265, "e": 0.07591836734693877, "r": 0.03183673469387755, "ɣ": 0.14340136054421768, "ŋ": 0.026122448979591838, "i": 0.014149659863945578, "ɡ": 0.030204081632653063, "b": 0.08598639455782313, "d": 0.020136054421768707, "n": 0.09931972789115646, "z": 0.0236734693877551, "s": 0.042993197278911564, "k": 0.028843537414965988, "o": 0.017142857142857144, "l": 0.00816326530612245, "u": 0.01197278911564626}