{"t": 0.08272108843537415, "n": 0.14231292517006802, "m": 0.03510204081632653, "u": 0.02666666666666667, "i": 0.07809523809523809, "b": 0.0008163265306122449, "ɣ": 0.07646258503401361, "z": 0.12380952380952381, "d": 0.008979591836734694, "p": 0.054693877551020405, "β": 0.028843537414965988, "o": 0.046802721088435376, "e": 0.02040816326530612, "ŋ": 0.05360544217687075, "ɡ": 0.022312925170068026, "k": 0.07972789115646259, "l": 0.020136054421768707, "r": 0.05605442176870748, "a": 0.018775510204081632, "s": 0.0236734693877551}