{"t": 0.06126566149925674, "d": 0.06126566149925674, "ɣ": 0.04724994691017201, "o": 0.042259503079210024, "ɡ": 0.05871734975578679, "k": 0.05871734975578679, "u": 0.04512635379061372, "m": 0.028031429178169462, "s": 0.08653641962200043, "z": 0.08653641962200043, "i": 0.08186451475897218, "e": 0.03418984922488851, "ŋ": 0.03684434062433638, "p": 0.04576343172648121, "b": 0.04576343172648121, "n": 0.07283924400084944, "β": 0.017307283924400084, "a": 0.03450838819282225, "r": 0.04555107241452538, "l": 0.009662348693990231}