{"dʒ": 0.01935245800817286, "ɑ": 0.14970820976096436, "n": 0.05030819062717817, "tʃ": 0.01935245800817286, "ɯ": 0.05904139731306974, "b": 0.029944375350216622, "p": 0.029944375350216622, "d": 0.06303215842774945, "uː": 0.00794052125900313, "t": 0.06303215842774945, "m": 0.017425412401426834, "e": 0.050458527518484605, "i": 0.035165165575585286, "ɡ": 0.05949240798698902, "k": 0.05949240798698902, "j": 0.0183684347196217, "r": 0.042340335387937515, "o": 0.025734942393636648, "øː": 0.0011890281403326545, "y": 0.023848897757246922, "ø": 0.02378056280665309, "l": 0.03770722573767579, "ʃ": 0.012669299840096215, "z": 0.030040044281047985, "s": 0.030040044281047985, "u": 0.02809933168418319, "ŋ": 0.0017630417253208326, "ɑː": 0.002842733944703358, "oː": 0.0035534174308791975, "yː": 0.002364389290546543, "v": 0.0008883543577197994, "χ": 0.0007243504762946057, "eː": 0.00027333980237532286, "iː": 8.200194071259687e-05}