{"ʔ": 0.03824961215428235, "ɡ": 0.015246348900658001, "a": 0.17969293318354465, "ã": 0.0067939870539774246, "j": 0.04359920825977639, "u": 0.061466859252126464, "e": 0.11769111432086878, "ɾ": 0.0693307655272027, "m": 0.05365644893810517, "ũ": 0.014390413523778955, "n": 0.03514684641309581, "p": 0.05247953779489649, "f": 0.005296100144439095, "t": 0.03696570908896378, "i": 0.053442465093885415, "o": 0.06328572192799443, "k": 0.029690258385491896, "ẽ": 0.008933825496175038, "w": 0.04226180923340288, "s": 0.01818862675867972, "ɨ": 0.042315305194457815, "kʷ": 0.006205531482373081, "ĩ": 0.002835285935911839, "ɨ̃": 0.001390894987428449, "õ": 0.0014443909484833895}