{"n": 0.08955954323001632, "p": 0.11305057096247961, "b": 0.11305057096247961, "e": 0.02071778140293638, "k": 0.0699836867862969, "m": 0.03703099510603589, "a": 0.1303425774877651, "tʃ": 0.0567699836867863, "j": 0.02528548123980424, "i": 0.06721044045676998, "ɨ": 0.02463295269168026, "d": 0.06166394779771615, "t": 0.06166394779771615, "u": 0.06525285481239804, "ʃ": 0.006035889070146819, "o": 0.012398042414355628, "ts": 0.019412724306688417, "s": 0.02593800978792822}