{"n": 0.19714374417882646, "s": 0.014591741695125737, "i": 0.13443030114871157, "a": 0.09903756597330021, "k": 0.15274759391493326, "d": 0.111145606954362, "o": 0.1328779882024216, "u": 0.023595156783607574, "ʃ": 0.059298354548276935, "e": 0.06488668115492083, "ɨ": 0.009934802856255821, "t": 0.0003104625892579944}