{"a": 0.4226110363391655, "i": 0.33170194543007464, "u": 0.17398751988254008, "n": 0.045393368408173256, "e": 0.016273094335005504, "d̪": 0.001223540927444023, "t̪": 0.001223540927444023, "l": 0.0006117704637220115, "tʳ": 0.001223540927444023, "ⁿd̪": 0.0001223540927444023, "r": 0.0006117704637220115, "k": 0.0002447081854888046, "ɡ": 0.0002447081854888046, "z": 0.00159060320567723, "s": 0.00159060320567723, "b": 0.0004894163709776092, "p": 0.0004894163709776092, "h": 0.0002447081854888046, "ᵑɡ": 0.0001223540927444023}