{"d̪": 0.05591582038419185, "t̪": 0.05591582038419185, "a": 0.09984093967943228, "i": 0.028019087238468125, "h": 0.09470206778416738, "r": 0.030710877278844976, "u": 0.010400097883274196, "dz": 0.016884864798727518, "ts": 0.016884864798727518, "k": 0.021044903952037196, "ɡ": 0.021044903952037196, "e": 0.014193074758350667, "m": 0.09849504465924386, "z": 0.05151107304539337, "s": 0.05151107304539337, "n": 0.09873975284473266, "ᵐp": 0.02080019576654839, "v": 0.07023124923528692, "f": 0.07023124923528692, "ᵐb": 0.0004894163709776092, "l": 0.029976752722378562, "b": 0.01872017618989355, "p": 0.01872017618989355, "tʳ": 0.0037929768750764713, "ⁿt̪": 0.0001223540927444023, "ᵑɡ": 0.0002447081854888046, "ⁿd̪": 0.0006117704637220115, "dʳ": 0.0002447081854888046}