{"d̪": 0.011517529426654854, "i": 0.14171201957558116, "a": 0.26410159051596843, "m": 0.03775893346833734, "n": 0.1043749736320297, "r": 0.03354005822047842, "z": 0.01122220815930473, "t̪": 0.031008733071763068, "e": 0.038180820993123234, "u": 0.08619162131375775, "h": 0.037632367210901574, "tʳ": 0.016833312238957093, "l": 0.027549255368518752, "dz": 0.003923553980508796, "v": 0.01805678606083618, "k": 0.03096654431928448, "f": 0.019913091169894107, "s": 0.022106906298780746, "ᵐp": 0.008944015525460912, "ⁿdʳ": 0.008606505505632198, "dʳ": 0.0005062650297430705, "ⁿt̪": 0.004514196515209045, "ᵐb": 0.0051048390499092945, "ts": 0.006750200396574273, "ᵑɡ": 0.0040923089904231534, "b": 0.0066658228916170945, "ⁿts": 0.0018563051090579252, "ⁿdz": 0.0035860439606800825, "ɡ": 0.0022781926338438173, "p": 0.00426106400033751, "ᵑk": 0.0018141163565793359, "ⁿd̪": 0.004176686495380332, "ⁿtʳ": 0.00025313251487153526}