{"d̪": 0.013343799058084773, "a": 0.12218733647305076, "i": 0.03165881737310309, "t̪": 0.07221350078492936, "h": 0.11015175300889586, "r": 0.029042386185243328, "u": 0.015698587127158554, "dz": 0.012297226582940869, "k": 0.01936159079016222, "e": 0.017791732077446363, "m": 0.15253793825222398, "z": 0.017006802721088437, "n": 0.12349555206698064, "ᵐp": 0.029304029304029304, "f": 0.0706436420722135, "s": 0.04526425954997384, "ᵐb": 0.0007849293563579278, "ts": 0.00968079539508111, "l": 0.0358451072736787, "b": 0.013605442176870748, "v": 0.03872318158032444, "tʳ": 0.0052328623757195184, "p": 0.005494505494505495, "ɡ": 0.006802721088435374, "ⁿt̪": 0.0005232862375719519, "ᵑɡ": 0.00026164311878597594, "ⁿd̪": 0.0007849293563579278, "dʳ": 0.00026164311878597594}