{"k": 0.02921876079298197, "a": 0.12042089751559945, "ɔ": 0.10221961271902558, "ɡ": 0.02921876079298197, "v": 0.026570882549331123, "f": 0.026570882549331123, "i": 0.08698855656098178, "ʃ": 0.009325136423292118, "t̪": 0.07648914369920103, "d̪": 0.07648914369920103, "ʒ": 0.009325136423292118, "m": 0.014240979945200433, "n̪": 0.04058161221247496, "ɛ": 0.0772489696299878, "s̪": 0.043229490456125806, "z̪": 0.043229490456125806, "j": 0.007989684787363864, "l": 0.013780479381087242, "c": 0.0010476387833575095, "ɟ": 0.0010476387833575095, "ɫ̪": 0.018776910501715365, "b": 0.027365246022426376, "p": 0.027365246022426376, "u": 0.016704657963206006, "r": 0.053061177499942436, "tʃ": 0.006044069903985632, "dʒ": 0.006044069903985632, "ts̪": 0.0035688793718772305, "dz̪": 0.0035688793718772305, "ɲ": 0.0009325136423292119, "x": 0.0010361262692546798, "t̪ː": 0.0001381501692339573, "d̪ː": 0.0001381501692339573, "s̪ː": 2.3025028205659553e-05}