{"o": 0.012716763005780347, "ɲ": 0.0030828516377649326, "e": 0.0302504816955684, "t̪": 0.04393063583815029, "d̪": 0.04393063583815029, "p": 0.0930635838150289, "b": 0.0930635838150289, "m": 0.05529865125240848, "n̪": 0.04527938342967245, "i": 0.04508670520231214, "k": 0.08689788053949904, "ɡ": 0.08689788053949904, "ʋ": 0.06454720616570328, "tʃ": 0.023314065510597302, "eː": 0.005009633911368015, "a": 0.07822736030828516, "ʃ": 0.01001926782273603, "ɾ": 0.014258188824662813, "oː": 0.006551059730250481, "s": 0.03564547206165703, "aː": 0.019845857418111755, "u": 0.015028901734104046, "ɟ": 0.008092485549132947, "j": 0.006165703275529865, "bʱ": 0.01348747591522158, "pʰ": 0.01348747591522158, "l": 0.011560693641618497, "ʈ": 0.008670520231213872, "ɖ": 0.008670520231213872, "h": 0.0032755298651252407, "r": 0.005973025048169557, "t̪ʰ": 0.0011560693641618498, "d̪ʱ": 0.0011560693641618498, "iː": 0.0007707129094412332, "uː": 0.0003853564547206166, "ʂ": 0.0003853564547206166, "ai": 0.0007707129094412332, "n̪ː": 0.0001926782273603083, "kʰ": 0.0015414258188824663, "ɡʱ": 0.0015414258188824663, "t̪ː": 0.0003853564547206166, "mː": 0.0003853564547206166}