{"o": 0.023387887862047603, "ɾ": 0.03335226392689349, "u": 0.05674015178894109, "ɲ": 0.0038721668645774177, "a": 0.1784810780112551, "ː": 0.14719396974546956, "n̪": 0.04785998244617688, "e": 0.04125148433063142, "t̪": 0.03675977076772162, "r": 0.01223604729206464, "p": 0.023852547885796892, "i": 0.07826939955599153, "l": 0.028344261448706696, "m": 0.05075120037172802, "ʋ": 0.026692136919820333, "ʈ": 0.032061541638701015, "k": 0.04171614435438071, "ɭ": 0.012442562858175434, "ɳ": 0.013578398471784811, "tʃ": 0.013939800712478703, "ʂ": 0.005369404718880685, "j": 0.023852547885796892, "ŋ": 0.004388455779854406, "d̪": 0.004904744695131395, "h": 0.002942846817078837, "ʃ": 0.0038205379730497186, "s": 0.01641798750580825, "t̪ʰ": 0.0012390933966647736, "ɻ": 0.0046982291290206, "d̪ʱ": 0.0023233001187464505, "b": 0.0054726625019360835, "ɡ": 0.004285197996799009, "ɟ": 0.004233569105271309, "bʱ": 0.0024265579018018482, "kʰ": 0.0010842067220816769, "pʰ": 0.002220042335691053, "tʃʰ": 0.0002581444576384945, "ai": 0.0032526201662450307, "ɖ": 0.0028395890340234394, "ʈʰ": 0.0004646600237492901, "ɡʱ": 0.0003097733491661934, "au": 0.0004130311322215912}