{"m": 0.07760406856281786, "d": 0.11847805613109813, "t": 0.11847805613109813, "i": 0.01205500094179695, "w": 0.022791486155584857, "n": 0.0954982105857977, "a": 0.07459031832736862, "p": 0.042757581465436054, "b": 0.042757581465436054, "k": 0.1071764927481635, "ɡ": 0.1071764927481635, "s": 0.044452815972876245, "ɔ": 0.012243360331512526, "h": 0.030325861744207948, "d̪": 0.010359766434356753, "ɓ": 0.015633829346392916, "l": 0.02090789225842908, "ᵐp": 0.0009417969485778867, "r": 0.0067809380297607835, "ᵐb": 0.0026370314560180824, "u": 0.006592578640045206, "ɛ": 0.0032021096251648143, "f": 0.01902429836127331, "ᵑk": 0.00565078169146732, "ⁿt": 0.00018835938971557733, "ⁿd": 0.0015068751177246186, "ᵑɡ": 0.00018835938971557733}