{"m": 0.05460895832350026, "i": 0.06470949166941993, "ɛ": 0.06796620569216973, "d": 0.030348798791711897, "u": 0.07079813092934346, "a": 0.20762731863878794, "n": 0.07197809977816585, "k": 0.03841978571765706, "w": 0.018218719025817717, "ɔ": 0.1438618020484259, "p": 0.016519563883513475, "t": 0.033558314060508805, "ᵐb": 0.006702223061311181, "s": 0.028791239911266343, "ɓ": 0.008212583187803843, "h": 0.02742247604663237, "r": 0.006230235521782225, "ᵑk": 0.010006135838013876, "ᵐp": 0.00552225421248879, "ⁿt": 0.0054750554585358945, "ⁿd": 0.01463161372539765, "d̪": 0.005947042998064851, "ɡ": 0.006513428045499599, "l": 0.03185915891820456, "b": 0.007882191910133573, "ⁿs": 0.0020295464199745128, "f": 0.010950110917071789, "ŋ": 0.002359937697644782, "ᵑɡ": 0.0008495775711521216}