{"m": 0.04478982451367161, "i": 0.060093864780302, "ɛ": 0.06019589171541287, "ⁿd": 0.011358998775676778, "ɔ": 0.11365800571350837, "n": 0.04186505237382669, "a": 0.22816623588627397, "d": 0.05448238334920419, "u": 0.07876479390559107, "t": 0.05448238334920419, "k": 0.03911032512583322, "ɡ": 0.03911032512583322, "w": 0.013331519521153584, "p": 0.019759216433138348, "b": 0.019759216433138348, "r": 0.005883553258060128, "s": 0.021833764113726024, "ᵑk": 0.007379948306352877, "l": 0.028193443068970207, "h": 0.02649299415045572, "ᵐb": 0.004625221058359407, "ɓ": 0.006563732825465923, "ᵐp": 0.003502924772139845, "ⁿt": 0.0032308529451775267, "d̪": 0.0046932390150999865, "ŋ": 0.0011563052645898518, "ᵑɡ": 0.00044211671881376686, "ⁿs": 0.0015304040266630391, "f": 0.00554346347435723}