{"n": 0.057465618860510805, "ː": 0.07588408644400786, "ʃ": 0.026522593320235755, "ʔ": 0.01006876227897839, "l": 0.04543222003929273, "f": 0.009577603143418467, "a": 0.23452848722986247, "u": 0.10019646365422397, "t̪": 0.07318271119842829, "d̪": 0.03315324165029469, "ow": 0.005157170923379175, "k": 0.012770137524557957, "r": 0.051326129666011786, "m": 0.036345776031434185, "s": 0.023575638506876228, "ej": 0.0004911591355599214, "i": 0.12352652259332024, "b": 0.02406679764243615, "e": 0.004174852652259332, "dʒ": 0.0054027504911591355, "ħ": 0.013506876227897839, "ew": 0.006139489194499017, "aw": 0.005157170923379175, "j": 0.0029469548133595285, "z": 0.006139489194499017, "ɡ": 0.0044204322200392925, "p": 0.0027013752455795677, "o": 0.0031925343811394892, "ts": 0.0019646365422396855, "tʃ": 0.0002455795677799607, "v": 0.0007367387033398821}