{"a": 0.06649193778132301, "t": 0.053615178622300724, "d": 0.053615178622300724, "n": 0.019941883653353084, "k": 0.021936072018688395, "ɡ": 0.021936072018688395, "e": 0.08426870263802633, "i": 0.055267506125007124, "tʲ": 0.07646287960799955, "dʲ": 0.07646287960799955, "l": 0.004330237593299527, "s": 0.048658196114181526, "z": 0.048658196114181526, "o": 0.08330009686057774, "sʲ": 0.07925474331946898, "zʲ": 0.07925474331946898, "nʲ": 0.054640761210187454, "v": 0.013788388126032705, "f": 0.013788388126032705, "m": 0.0119081533815737, "r": 0.004216283972423224, "lʲ": 0.010255825878867302, "j": 0.009458150532733177, "rʲ": 0.00205116517577346, "tʃ": 0.00034186086262891, "ʒ": 0.002108141986211612, "ʃ": 0.002108141986211612, "u": 0.001196513019201185, "p": 0.00034186086262891, "b": 0.00034186086262891}