{"j": 0.05179372197309417, "s": 0.0726457399103139, "m": 0.08430493273542601, "u": 0.0257847533632287, "v": 0.08968609865470852, "p": 0.1015695067264574, "t": 0.04349775784753363, "k": 0.14439461883408072, "a": 0.0515695067264574, "l": 0.026905829596412557, "sʲ": 0.03385650224215247, "tʃ": 0.033183856502242155, "e": 0.039013452914798206, "zʲ": 0.0026905829596412557, "tʲ": 0.0484304932735426, "lʲ": 0.028699551569506727, "x": 0.0004484304932735426, "b": 0.010538116591928251, "nʲ": 0.019955156950672646, "o": 0.033183856502242155, "ʃ": 0.013228699551569507, "r": 0.011434977578475336, "n": 0.01188340807174888, "z": 0.003587443946188341, "d": 0.0033632286995515697, "dʲ": 0.001569506726457399, "f": 0.001569506726457399, "tsʲ": 0.0026905829596412557, "rʲ": 0.00515695067264574, "ɡ": 0.003139013452914798, "ʒ": 0.0002242152466367713}