{"j": 0.034186086262891005, "s": 0.04945587146031565, "z": 0.04945587146031565, "m": 0.046891914990598825, "u": 0.024272121246652612, "v": 0.04797447438892371, "f": 0.04797447438892371, "p": 0.06939775511366873, "b": 0.06939775511366873, "t": 0.02791863711469432, "d": 0.02791863711469432, "k": 0.08159079254743319, "ɡ": 0.08159079254743319, "a": 0.056008204660703095, "l": 0.021309327103868726, "sʲ": 0.018574440202837446, "zʲ": 0.018574440202837446, "tʃ": 0.021594211156059483, "e": 0.04335935274343342, "tʲ": 0.028716312460828442, "dʲ": 0.028716312460828442, "lʲ": 0.019543045980286024, "nʲ": 0.013275596832089339, "o": 0.025981425559797162, "ʒ": 0.011794199760697396, "ʃ": 0.011794199760697396, "r": 0.007634892598712324, "n": 0.005127912939433651, "tsʲ": 0.0006267449148196684, "rʲ": 0.009344196911856874}