{"t": 0.06989156218231109, "d": 0.06989156218231109, "ŋ": 0.09149440867502541, "n": 0.10784479837343273, "e": 0.1211453744493392, "k": 0.06819722128092172, "ɡ": 0.06819722128092172, "i": 0.09301931548627584, "p": 0.060233819044391734, "b": 0.060233819044391734, "m": 0.0671806167400881, "a": 0.06235174517112843, "u": 0.013978312436462217, "z": 0.017960013554727212, "s": 0.017960013554727212, "l": 0.003049813622500847, "o": 0.0057607590647238225, "ɔ": 0.0016096238563198916}