{"p": 0.0848882509739594, "b": 0.0848882509739594, "e": 0.007381587041213861, "l": 0.022144761123641582, "tsʰ": 0.006253844576583965, "dzʱ": 0.006253844576583965, "j": 0.015685872462579454, "t̪ʰ": 0.00943202788599549, "d̪ʱ": 0.00943202788599549, "t̪": 0.04367438999384868, "d̪": 0.04367438999384868, "bʱ": 0.02942382612261636, "pʰ": 0.02942382612261636, "ɦ": 0.024092679926184128, "k": 0.06469140865286037, "ɡ": 0.06469140865286037, "a": 0.02993643633381177, "r": 0.03321714168546237, "n̪": 0.026553208939922083, "s": 0.08078736928439614, "ʌ": 0.04675005126102112, "u": 0.020811974574533525, "dz": 0.04254664752921878, "ts": 0.04254664752921878, "w": 0.027680951404551978, "m": 0.03537010457248308, "kʰ": 0.019786754152142712, "ɡʱ": 0.019786754152142712, "ʈʰ": 0.004818535985236826, "ɖʱ": 0.004818535985236826, "d̪ʱː": 0.00030756612671724423, "t̪ʰː": 0.00030756612671724423, "ʈ": 0.0055361902809103955, "ɖ": 0.0055361902809103955, "i": 0.0037933155628460118, "au": 0.0013327865491080582, "ã": 0.0009226983801517326, "o": 0.0007176542956735698, "ai": 0.0001025220422390814}