{"p": 0.022642667997083317, "ʌ": 0.20624016579038262, "n̪": 0.043961315577388034, "i": 0.06836934413017615, "b": 0.022642667997083317, "e": 0.03145028207391488, "k": 0.04430671220785202, "o": 0.034347776029473844, "ɡ": 0.04430671220785202, "a": 0.10365736654257973, "r": 0.048470660475112254, "j": 0.015159074337030357, "t̪": 0.030951375829911348, "d̪": 0.030951375829911348, "ai": 0.009057067198833327, "u": 0.025386652339102735, "tsʰ": 0.0037801742334113674, "dzʱ": 0.0037801742334113674, "n̪ː": 0.0011513221015466094, "m": 0.023045630732624632, "dz": 0.013374525079633113, "ts": 0.013374525079633113, "l": 0.026173389108492918, "t̪ʰ": 0.005622289595885942, "d̪ʱ": 0.005622289595885942, "ʈ": 0.007541159765130291, "ɖ": 0.007541159765130291, "au": 0.0032812679894078365, "s": 0.03663123153087462, "bʱ": 0.007406838853283187, "pʰ": 0.007406838853283187, "ɦ": 0.011282956595156771, "w": 0.012184825574701616, "ã": 0.0019188701692443488, "kʰ": 0.006313082856813908, "ɡʱ": 0.006313082856813908, "lː": 0.001017001189699505, "ŋ": 0.0006140384541581916, "ũ": 0.0012280769083163833, "ʈʰ": 0.0030318148674060713, "ɖʱ": 0.0030318148674060713, "mː": 0.00021107571861687837, "tsː": 0.00013432091184710442, "d̪ʱː": 0.0009210576812372875, "t̪ʰː": 0.0009210576812372875, "ãũ": 1.918870169244349e-05, "t̪ː": 0.0007675480676977396, "d̪ː": 0.0007675480676977396, "ʌ̃": 0.00011513221015466093, "kː": 0.00028783052538665236, "ĩ": 0.0001535096135395479, "tsʰː": 7.675480676977396e-05, "sː": 5.756610507733047e-05, "ãĩ": 3.837740338488698e-05, "ʈː": 0.00023026442030932187, "ɖː": 0.00023026442030932187, "ẽ": 7.675480676977396e-05, "bː": 0.00021107571861687837, "pː": 0.00021107571861687837}