{"p": 0.08391089108910892, "e": 0.010396039603960397, "l": 0.02698019801980198, "tsʰ": 0.008168316831683169, "j": 0.022524752475247524, "t̪ʰ": 0.00891089108910891, "t̪": 0.03341584158415842, "bʱ": 0.038366336633663366, "ɦ": 0.03514851485148515, "ɡ": 0.04207920792079208, "a": 0.03341584158415842, "r": 0.03712871287128713, "d̪": 0.03935643564356436, "n̪": 0.03564356435643564, "d̪ʱ": 0.006930693069306931, "k": 0.060148514851485146, "s": 0.12821782178217822, "ʌ": 0.04579207920792079, "u": 0.025, "dz": 0.038366336633663366, "w": 0.04207920792079208, "m": 0.05742574257425743, "ɡʱ": 0.008168316831683169, "ʈʰ": 0.005445544554455445, "b": 0.05618811881188119, "pʰ": 0.009900990099009901, "ts": 0.023762376237623763, "kʰ": 0.01608910891089109, "ɖ": 0.0034653465346534654, "i": 0.0049504950495049506, "ʈ": 0.004702970297029703, "au": 0.0009900990099009901, "ã": 0.0009900990099009901, "dzʱ": 0.0027227722772277226, "o": 0.0012376237623762376, "ɖʱ": 0.0017326732673267327, "ai": 0.00024752475247524753}