{"β̃": 0.07532467532467532, "t": 0.14675324675324675, "h": 0.05090909090909091, "kʲ": 0.06753246753246753, "ʔ": 0.0761038961038961, "k": 0.022857142857142857, "ɾ̃": 0.08051948051948052, "i": 0.03168831168831169, "u": 0.026753246753246755, "β": 0.14259740259740258, "ɛː": 0.013506493506493506, "ⁿt": 0.046753246753246755, "ᵐp": 0.01896103896103896, "ɔː": 0.007532467532467533, "ᵑkʲ": 0.01090909090909091, "ɘj": 0.0033766233766233766, "aː": 0.007532467532467533, "n": 0.014545454545454545, "p": 0.02, "nʲ": 0.04415584415584416, "ɾ": 0.039480519480519484, "m": 0.0187012987012987, "ɘ": 0.007012987012987013, "s": 0.025454545454545455, "ɘw": 0.001038961038961039}