{"β̃": 0.06962864721485411, "t": 0.15881962864721486, "h": 0.04840848806366048, "kʲ": 0.07062334217506631, "ʔ": 0.07194960212201591, "k": 0.026856763925729443, "ɾ̃": 0.07924403183023873, "i": 0.034151193633952255, "u": 0.027851458885941646, "β": 0.11637931034482758, "ɛː": 0.009946949602122016, "ⁿt": 0.05669761273209549, "ᵐp": 0.019230769230769232, "ɔː": 0.005305039787798408, "ᵑkʲ": 0.009283819628647215, "ɘj": 0.0029840848806366046, "aː": 0.008620689655172414, "n": 0.019230769230769232, "p": 0.022546419098143235, "nʲ": 0.04177718832891247, "ɾ": 0.04476127320954907, "m": 0.01856763925729443, "ɘ": 0.007957559681697613, "s": 0.028183023872679045, "ɘw": 0.0009946949602122016}