{"ɘ": 0.4874005305039788, "i": 0.13925729442970822, "aː": 0.0606763925729443, "ɔː": 0.13030503978779842, "ɛː": 0.12002652519893899, "ɘw": 0.003647214854111406, "u": 0.04376657824933687, "ɘj": 0.014920424403183023}