{"t̪": 0.06023996000666556, "d̪": 0.06023996000666556, "s": 0.05207465422429595, "n̪": 0.05307448758540243, "m": 0.060989835027495415, "i": 0.11798033661056491, "r̪": 0.005165805699050158, "a": 0.16788868521913014, "b": 0.08823529411764706, "p": 0.08823529411764706, "w": 0.00449925012497917, "l̪": 0.04332611231461423, "k": 0.070488251958007, "ɡ": 0.070488251958007, "ɔ": 0.02299616730544909, "j": 0.0017497083819363439, "ŋ": 0.001583069488418597, "ɛ": 0.014580903182802866, "u": 0.012164639226795533, "h": 0.0037493751041493086, "tʃ": 0.00024995834027662057}