{"n̪": 0.1243126145642393, "m": 0.01966338943509415, "l̪": 0.04399266788868522, "a": 0.15880686552241294, "k": 0.06682219630061656, "ɡ": 0.06682219630061656, "t̪": 0.061239793367772036, "d̪": 0.061239793367772036, "j": 0.061656390601566406, "ɔ": 0.10398266955507415, "s": 0.04507582069655058, "r̪": 0.026995500749875022, "h": 0.0005832361273121146, "i": 0.058656890518246955, "w": 0.012914514247625396, "ŋ": 0.0295784035994001, "b": 0.02057990334944176, "p": 0.02057990334944176, "ɛ": 0.015497417097150475, "u": 0.0009165139143476087, "tʃ": 8.331944675887353e-05}