{"w": 0.03597390493942218, "a": 0.15731593662628146, "n": 0.10717614165890028, "e": 0.06542404473438956, "k": 0.05703634669151911, "o": 0.060205032618825725, "j": 0.0255358807082945, "ɾ": 0.04902143522833178, "ɯ": 0.0635601118359739, "i": 0.10680335507921715, "p": 0.03690587138863001, "h̃": 0.0581547064305685, "tʃ": 0.015097856477166821, "t": 0.04697110904007456, "l": 0.02516309412861137, "ç": 0.013793103448275862, "tç": 0.01733457595526561, "s": 0.017893755824790306, "ʃ": 0.0027958993476234857, "aː": 0.00260950605778192, "m": 0.028890959925442685, "ts": 0.00391425908667288, "eː": 0.0011183597390493941, "iː": 0.00130475302889096}