{"d̪": 0.06531764058090715, "t̪": 0.06531764058090715, "k": 0.05905430518273797, "ɡ": 0.05905430518273797, "m": 0.031591988436919266, "p": 0.06421639479661367, "b": 0.06421639479661367, "e": 0.032349094913621035, "f": 0.05299745336912382, "v": 0.05299745336912382, "s̪": 0.07006676302567279, "z̪": 0.07006676302567279, "l̪": 0.025741620207860142, "a": 0.09759790763300984, "i": 0.031041365544772524, "n̪": 0.01865235047147085, "tʃ": 0.01651868676440223, "dʒ": 0.01651868676440223, "u": 0.015142129534035377, "r̪": 0.03613462729712988, "o": 0.024089751531419918, "oa": 0.0011700736458118246, "ɨ": 0.007708720490054374, "h": 0.003097253768325418, "ʃ": 0.008534654828274486, "ʒ": 0.008534654828274486, "t̪s": 0.0008947621997384541, "ɜ": 0.0013765572303668526}