{"d̪": 0.02702702702702703, "i": 0.10973677260322212, "n̪": 0.05691522141033541, "k": 0.041949115239017516, "a": 0.10973677260322212, "r̪": 0.08209349414561141, "e": 0.09648736684567304, "m": 0.03503829562461484, "p": 0.03349766704815565, "t̪": 0.07685535698565014, "u": 0.06263755612289815, "s̪": 0.04753939607359803, "f": 0.012369046571000969, "o": 0.042301258913636765, "l̪": 0.0496522581213135, "oa": 0.004797957566687209, "tʃ": 0.01395369310678757, "v": 0.015538339642574171, "b": 0.01096047187252399, "ɜ": 0.017563165771634828, "z̪": 0.007218945329694516, "ɨ": 0.006514657980456026, "ea": 0.009683951052029228, "ʃ": 0.004533849810722775, "h": 0.00189277225107844, "ʒ": 0.0033893828682102296, "t̪s": 0.006294568183818998, "dʒ": 0.004445813892067964, "ɡ": 0.009375825336737389}