{"o": 0.1329428989751098, "n": 0.03802551767412675, "i": 0.07709684166492366, "ᵑɡ": 0.011587533988705292, "a": 0.11106463083037021, "e": 0.09834762601966116, "ⁿd": 0.008031792512026773, "l": 0.03271282158544238, "r": 0.03095586697343652, "ɡ": 0.04969671616816566, "u": 0.04601547793348672, "k": 0.04969671616816566, "j": 0.055971554068186574, "s": 0.02376071951474587, "b": 0.01731855260405773, "p": 0.01731855260405773, "m": 0.022463919682074878, "ŋ": 0.01225685003137419, "d": 0.044676845848148926, "t": 0.044676845848148926, "ɔ": 0.038527504706128424, "h": 0.0010876385693369588, "w": 0.030119221920100397, "ᵐb": 0.005647354110018824}