{"o": 0.020752565564424175, "e": 0.03261117445838085, "m": 0.04538198403648803, "ŋ": 0.008665906499429875, "s": 0.0702394526795895, "h": 0.005929304446978335, "ɡ": 0.1144811858608894, "k": 0.1144811858608894, "n": 0.05176738882554162, "b": 0.04903078677309008, "p": 0.04903078677309008, "a": 0.026681870011402507, "ɔ": 0.03010262257696693, "d": 0.0966932725199544, "t": 0.0966932725199544, "j": 0.08985176738882554, "u": 0.02531356898517674, "i": 0.013226909920182441, "ᵐb": 0.003876852907639681, "w": 0.031242873432155073, "ⁿd": 0.0034207525655644243, "l": 0.009806157354618017, "r": 0.007069555302166477, "ᵑɡ": 0.0036488027366020524}