{"r": 0.0184878587196468, "u": 0.019370860927152317, "a": 0.14817880794701987, "j": 0.020916114790286974, "w": 0.006236203090507726, "n": 0.0565121412803532, "i": 0.15849889624724062, "k": 0.009161147902869758, "ɡ": 0.009161147902869758, "m": 0.016169977924944814, "b": 0.004525386313465784, "lː": 0.017328918322295807, "s": 0.06655629139072848, "z": 0.06655629139072848, "ʁ": 0.04067328918322296, "χ": 0.04067328918322296, "l": 0.017770419426048564, "h": 0.00358719646799117, "f": 0.021136865342163354, "kː": 0.0024282560706401766, "ɡː": 0.0024282560706401766, "rː": 0.0024282560706401766, "d": 0.09867549668874172, "t": 0.09867549668874172, "dː": 0.004801324503311258, "tː": 0.004801324503311258, "ʃː": 0.002152317880794702, "ʒː": 0.002152317880794702, "sː": 0.005463576158940398, "zː": 0.005463576158940398, "mː": 0.0006622516556291391, "ʕ": 0.0012693156732891833, "ħ": 0.0012693156732891833, "nː": 0.0040838852097130245, "zˤ": 0.0033664459161147904, "sˤ": 0.0033664459161147904, "fː": 0.0016556291390728477, "kʷ": 0.0006070640176600441, "ɡʷ": 0.0006070640176600441, "ʃ": 0.000717439293598234, "ʒ": 0.000717439293598234, "zˤː": 0.0012141280353200883, "sˤː": 0.0012141280353200883, "q": 0.000717439293598234, "dˤ": 0.0027593818984547464, "tˤ": 0.0027593818984547464, "dˤː": 0.0006070640176600441, "tˤː": 0.0006070640176600441, "χʷ": 5.518763796909492e-05, "ʁʷ": 5.518763796909492e-05, "bː": 0.00016556291390728477, "qː": 0.00011037527593818985, "χː": 0.0002207505518763797, "ʁː": 0.0002207505518763797}