{"r": 0.025707547169811322, "u": 0.03136792452830189, "a": 0.1712264150943396, "j": 0.03231132075471698, "w": 0.010377358490566037, "n": 0.08514150943396226, "i": 0.18584905660377357, "k": 0.008962264150943396, "m": 0.0294811320754717, "b": 0.008726415094339622, "l": 0.048820754716981135, "z": 0.02759433962264151, "ʁ": 0.054245283018867926, "h": 0.005188679245283019, "f": 0.03514150943396226, "s": 0.07594339622641509, "ɡ": 0.010377358490566037, "d": 0.0455188679245283, "t": 0.08325471698113207, "ʃ": 0.003066037735849057, "ʕ": 0.0014150943396226414, "zˤ": 0.0042452830188679245, "ɡʷ": 0.0009433962264150943, "sˤ": 0.0025943396226415093, "q": 0.0014150943396226414, "dˤ": 0.004009433962264151, "tˤ": 0.0021226415094339622, "χ": 0.0016509433962264152, "ħ": 0.0014150943396226414, "ʁʷ": 0.0002358490566037736, "ʒ": 0.0016509433962264152}