{"a": 0.4021152115211521, "m": 0.025315031503150315, "ʋ": 0.0033753375337533752, "n": 0.05996849684968497, "k": 0.026327632763276328, "ɡ": 0.026327632763276328, "l": 0.012038703870387038, "eː": 0.06053105310531053, "u": 0.06986948694869487, "aː": 0.07673267326732673, "s": 0.010238523852385238, "t̪": 0.03859135913591359, "d̪": 0.03859135913591359, "i": 0.09585958595859587, "r": 0.006975697569756975, "uː": 0.006413141314131413, "iː": 0.020814581458145815, "ʈ": 0.0060756075607560755, "ɖ": 0.0060756075607560755, "f": 0.000225022502250225, "oː": 0.002137713771377138, "b": 0.0012376237623762376, "p": 0.0012376237623762376, "æ": 0.0005625562556255626, "dʒ": 0.00045004500450045, "tʃ": 0.00045004500450045, "æː": 0.0010126012601260127, "e": 0.0001125112511251125, "h": 0.0001125112511251125, "ʃ": 0.000225022502250225}