{"ː": 0.165810502283105, "a": 0.4631849315068493, "i": 0.08761415525114155, "n": 0.06906392694063927, "m": 0.029965753424657533, "u": 0.06906392694063927, "t̪": 0.036815068493150686, "s": 0.012842465753424657, "l": 0.013127853881278538, "k": 0.03567351598173516, "æ": 0.001141552511415525, "ʋ": 0.003424657534246575, "r": 0.003995433789954338, "ʈ": 0.0025684931506849314, "b": 0.001141552511415525, "e": 0.00028538812785388126, "d̪": 0.00028538812785388126, "ɡ": 0.0005707762557077625, "dʒ": 0.0005707762557077625, "ɖ": 0.001141552511415525, "p": 0.0008561643835616438, "h": 0.00028538812785388126, "ʃ": 0.00028538812785388126, "f": 0.00028538812785388126}