{"s": 0.10170397594386903, "z": 0.10170397594386903, "a": 0.018576678917474106, "p": 0.07824924824590712, "b": 0.07824924824590712, "t": 0.05953892415636485, "d": 0.05953892415636485, "tʃ": 0.011827597728032074, "dʒ": 0.011827597728032074, "k": 0.02779819579017708, "ɡ": 0.02779819579017708, "l": 0.011693952555963916, "j": 0.009154694286668895, "r": 0.028733711994654194, "v": 0.0584029401937855, "f": 0.0584029401937855, "ɛ": 0.004276645506181089, "n": 0.03341129301703976, "ʎ": 0.003875709989976612, "m": 0.03274306715669897, "i": 0.015770130304042767, "ʃ": 0.018910791847644503, "ʒ": 0.018910791847644503, "ts": 0.009154694286668895, "dz": 0.009154694286668895, "ɦ": 0.016237888406281323, "u": 0.012295355830270631, "ɟ": 0.0023387905111927833, "c": 0.0023387905111927833, "x": 0.007751419979953224, "uː": 0.016304710992315403, "ɔ": 0.05265619779485466, "ɲ": 0.00013364517206815904, "iː": 0.00026729034413631807, "aː": 0.00020046775810223855, "ɛː": 6.682258603407952e-05}