{"s": 0.0440150159985891, "ɔ": 0.09136832027411756, "m": 0.021843742914010734, "z": 0.0440150159985891, "r": 0.04901614975687184, "ɛ": 0.0647250006298657, "l": 0.03410092968179184, "iɛ": 0.010732911743216346, "ɟ": 0.009221234032904185, "c": 0.009221234032904185, "a": 0.080610213902396, "k": 0.021491018114937897, "ɡ": 0.021491018114937897, "p": 0.028835252324204478, "i": 0.05604545110982338, "b": 0.028835252324204478, "ʃ": 0.013138998765463204, "ʒ": 0.013138998765463204, "u": 0.027600715527449547, "t": 0.05978685344284598, "d": 0.05978685344284598, "n": 0.028810057695699276, "iː": 0.019601420977047694, "j": 0.009876294374039455, "aː": 0.01758585069663148, "tʃ": 0.00636164369756368, "dʒ": 0.00636164369756368, "v": 0.03310574185583633, "f": 0.03310574185583633, "ɦ": 0.008477992492000706, "ts": 0.005819959184701822, "dz": 0.005819959184701822, "ɛː": 0.004673603587715099, "x": 0.006613589982615706, "uː": 0.0077473482653498274, "ia": 0.007911113350633645, "ʎ": 0.003313093648434154, "ʊɔ": 0.0027966037640774987, "ɲ": 0.001058174397218513, "iu": 0.0011337582827341212, "ɔː": 0.0006802549696404727, "rː": 0.00012597314252601346}