{"i": 0.220731232983275, "e": 0.10015558148580318, "u": 0.147024504084014, "a": 0.3749513807856865, "aː": 0.018280824581874758, "o": 0.11649163749513808, "ʔ": 0.005834305717619603, "ŋ": 0.00038895371450797355, "eː": 0.0029171528588098016, "uː": 0.006806690003889537, "oː": 0.0027226760015558148, "l": 0.0009723842862699338, "iː": 0.0011668611435239206, "s": 0.0013613380007779074, "t": 0.00019447685725398678}