{"m": 0.03189810226480197, "a": 0.2751165436992989, "i": 0.09962192122747128, "l": 0.0700363396101751, "e": 0.05553720221708329, "u": 0.08174576955548214, "s": 0.030099475094519695, "aː": 0.006864148588628272, "v": 0.05520684212458246, "f": 0.05520684212458246, "o": 0.06988951290239695, "t": 0.06684285871600044, "n": 0.02690599420034504, "p": 0.01820651176448996, "ŋ": 0.02305179312116874, "ʔ": 0.03050324854090959, "eː": 0.0005506001541680432, "uː": 0.0017619204933377382, "oː": 0.0006240135080571156, "iː": 0.0003303600925008259}