{"m": 0.08770906262154804, "o": 0.021197977440684558, "l": 0.09607156748346947, "a": 0.1530532866588876, "t": 0.14585764294049008, "ʔ": 0.04278490859587709, "v": 0.11571373006612214, "f": 0.11571373006612214, "n": 0.019642162582652663, "i": 0.024115130299494362, "p": 0.046091015169194866, "u": 0.026837806301050177, "s": 0.07176196032672112, "ŋ": 0.021392454297938544, "e": 0.010890704006223259, "oː": 0.00019447685725398678, "aː": 0.0009723842862699338}