{"p": 0.023018148397097354, "ə": 0.05784715839723453, "ɾ": 0.06819023580570378, "b": 0.023018148397097354, "i": 0.08683246683767953, "a": 0.07744962207986392, "t": 0.07257987078012045, "o": 0.03252445163856843, "d": 0.07257987078012045, "e": 0.09034417481721285, "j": 0.02451336781025803, "v": 0.018313008408894497, "ʃ": 0.018367878846074707, "ʒ": 0.018367878846074707, "f": 0.018313008408894497, "tʃ": 0.0013031728830299456, "dʒ": 0.0013031728830299456, "m": 0.024581955856733288, "s": 0.0256656469910424, "z": 0.0256656469910424, "n": 0.047421775332994964, "ɟ": 0.009465150413585921, "c": 0.009465150413585921, "ie": 0.0005761395903921865, "ɡ": 0.02812109905485672, "k": 0.02812109905485672, "h": 0.005829983950397125, "ua": 0.009204515836979931, "ð": 0.0050343626112841055, "θ": 0.0050343626112841055, "u": 0.03307315601037051, "ts": 0.00233199358015885, "dz": 0.00233199358015885, "y": 0.004307329318646347, "ue": 0.0007956213391130194, "l": 0.01646113115406247, "ɲ": 0.002057641394257809, "r": 0.00373118972825416, "ɫ": 0.00486975129974348, "ye": 0.0009876678692437482}