{"p": 0.027201475334255418, "ə": 0.05884571859675594, "ɾ": 0.08097573242801459, "n": 0.05960015088645794, "ɡ": 0.009681881051175657, "a": 0.07623957416488537, "ʃ": 0.02531539461000042, "t": 0.0778741774592397, "e": 0.09065761347919024, "ð": 0.005532503457814661, "u": 0.034242843371474076, "k": 0.0352068401860933, "i": 0.08847814242005113, "j": 0.028542688293725638, "m": 0.040236388784106625, "d": 0.026027913994718974, "o": 0.044176201852550404, "y": 0.005406764742864328, "v": 0.01915419757743409, "s": 0.034871536946225745, "b": 0.016765161993377763, "ɟ": 0.007879626136887547, "ts": 0.003772161448509996, "l": 0.02380653003059642, "θ": 0.003855987258476885, "c": 0.008424493901672325, "h": 0.010645877865794878, "r": 0.005322938932897439, "f": 0.01362169411961943, "tʃ": 0.0021375581541556647, "ɲ": 0.003436858208642441, "ua": 0.009598055241208768, "ye": 0.0014250387694371097, "ɫ": 0.007795800326920659, "z": 0.008885535856490214, "ʒ": 0.001257387149503332, "ue": 0.0009220839096357768, "dʒ": 0.0003772161448509996, "dz": 0.0008382580996688881, "ie": 0.0009639968146192212}