{"ɑ": 0.37782340862423, "ɔ": 0.1436393859391806, "i": 0.28923437958345555, "ɛ": 0.08213552361396304, "u": 0.10139825950914247, "m": 0.002151168475603794, "r": 0.0003911215410188716, "s": 0.0003911215410188716, "z": 0.0003911215410188716, "t": 0.0001955607705094358, "d": 0.0001955607705094358, "n": 0.0017600469345849222, "ʃ": 9.77803852547179e-05, "ɣ": 9.77803852547179e-05, "x": 9.77803852547179e-05}