{"k": 0.04550310536512937, "w": 0.022633856628098574, "ɑ": 0.2028174624730657, "ɡ": 0.04550310536512937, "ᵐb": 0.005667517699675884, "ɔ": 0.048237275245803686, "ⁿz": 0.0014485668241983089, "n": 0.02256142828688866, "i": 0.14029369692360621, "ɛ": 0.038549984608977496, "u": 0.08684158111068861, "ᵑɡ": 0.007677404168251037, "j": 0.00572183895558332, "h": 0.011353142484654246, "t": 0.03319028735944375, "d": 0.03319028735944375, "p": 0.021710395277672153, "b": 0.021710395277672153, "r": 0.018360584496713565, "v": 0.015173737483477284, "f": 0.015173737483477284, "l": 0.02049722056240607, "m": 0.0397450522389411, "ⁿd": 0.006246944429355207, "s": 0.026599308309341447, "z": 0.026599308309341447, "ɲ": 0.003096311586723885, "tʃ": 0.011660962934796387, "dʒ": 0.011660962934796387, "ʃ": 0.004454342984409799, "ð": 0.0022633856628098575, "θ": 0.0022633856628098575, "ⁿdʒ": 0.000525105473771887, "ɣ": 0.00041646296195701376, "x": 0.00041646296195701376, "ᶬv": 0.00019917793832726746, "ŋ": 3.621417060495772e-05}