{"k": 0.11381636843649164, "ɡ": 0.11381636843649164, "m": 0.13024347315928425, "j": 0.008409113131905739, "h": 0.0365698640852645, "w": 0.04791238877481177, "p": 0.029627456732179525, "b": 0.029627456732179525, "n": 0.022098367067566245, "v": 0.03207196636354747, "f": 0.03207196636354747, "s": 0.038134350249339984, "z": 0.038134350249339984, "l": 0.015253740099735994, "t": 0.03373423291287768, "d": 0.03373423291287768, "tʃ": 0.020925002444509632, "dʒ": 0.020925002444509632, "i": 0.02141390437078322, "ɑ": 0.04830351031583065, "ⁿd": 0.0042045565659528696, "ɲ": 0.007040187738339689, "ᵐb": 0.003128972328150973, "ɛ": 0.0025422900166226655, "ⁿdʒ": 0.0006844626967830253, "u": 0.07441087317884032, "r": 0.01496039894397184, "ð": 0.004008995795443434, "θ": 0.004008995795443434, "ᵑɡ": 0.001955607705094358, "ʃ": 0.007529089664613279, "ⁿz": 0.0005866823115283074, "ɔ": 0.003911215410188716, "ɣ": 0.0016622665493302043, "x": 0.0016622665493302043, "ᶬv": 0.0006844626967830253, "ŋ": 0.0001955607705094358}