{"ɑ": 0.39769850402761797, "ɛ": 0.07894131185270425, "i": 0.2837744533947066, "u": 0.08906789413118527, "ɔ": 0.14430379746835442, "s": 0.0011507479861910242, "r": 0.0009205983889528193, "n": 0.001380897583429229, "m": 0.001611047180667434, "ʃ": 0.00023014959723820482, "x": 0.00023014959723820482, "t": 0.00046029919447640965, "z": 0.00023014959723820482}