{"k": 0.06197217083567924, "w": 0.03382128207190541, "ɑ": 0.2007158368857074, "t": 0.03213222874607898, "i": 0.13629051717204216, "m": 0.05734738196734497, "u": 0.0844928818466983, "j": 0.008525697739885789, "ɛ": 0.04821845089680688, "h": 0.015925359929220624, "ɲ": 0.005469315531247487, "ɔ": 0.04994771977801014, "p": 0.014960186600176948, "n": 0.033901713182659055, "tʃ": 0.007359446633958015, "v": 0.007962679964610312, "s": 0.024169548781468674, "ᵐb": 0.008686559961393068, "z": 0.015844928818466983, "d": 0.010616906619480415, "dʒ": 0.014678677712539211, "l": 0.03068446875251347, "ⁿz": 0.0034987533177833186, "ᵑɡ": 0.011783157725408187, "b": 0.015121048821684227, "r": 0.022078339901874047, "ⁿd": 0.008766991072146707, "f": 0.01319070216359688, "ⁿdʒ": 0.0012064666613045927, "ʃ": 0.008927853293653986, "ɣ": 0.0006032333306522963, "ð": 0.002975951097884662, "ɡ": 0.0067964288586825385, "ᶬv": 0.0002815088876377383, "θ": 0.0007640955521595753, "ŋ": 8.043111075363951e-05, "x": 0.00020107777688409877}