{"m": 0.04774462179042332, "o": 0.008605135322692574, "j": 0.006384455239417071, "k": 0.06995142262317834, "ɡ": 0.06995142262317834, "i": 0.032199861207494795, "l": 0.016238723108952118, "a": 0.05968077723802915, "n": 0.036224843858431645, "u": 0.020124913254684247, "d̪": 0.046911866759195, "t̪": 0.046911866759195, "tʃ": 0.05010409437890354, "dʒ": 0.05010409437890354, "r": 0.03275503122831367, "w": 0.06564885496183206, "aː": 0.024149895905621097, "p": 0.08188757807078417, "b": 0.08188757807078417, "e": 0.015128383067314365, "bʱ": 0.01457321304649549, "pʰ": 0.01457321304649549, "s": 0.04482997918112422, "eː": 0.008188757807078418, "ʃ": 0.010270645385149203, "iː": 0.0022206800832755033, "h": 0.006384455239417071, "ɖ": 0.009854267869535045, "ʈ": 0.009854267869535045, "ɖʱ": 0.00013879250520471896, "ʈʰ": 0.00013879250520471896, "d̪ʱ": 0.002498265093684941, "t̪ʰ": 0.002498265093684941, "uː": 0.0009715475364330327, "kʰ": 0.00263705759888966, "ɡʱ": 0.00263705759888966, "oː": 0.002498265093684941, "ʂ": 0.002498265093684941, "tʃʰ": 0.00013879250520471896}