{"m": 0.05573370789494607, "a": 0.17684785201282696, "r": 0.04802162563273527, "i": 0.0757692205761535, "j": 0.01653724856226645, "u": 0.06251822012561949, "uː": 0.008109612275726817, "nː": 0.002517690085601463, "k": 0.03394906315426815, "ɡ": 0.03394906315426815, "eː": 0.02045954469562452, "aː": 0.06241221212201521, "iː": 0.013966554474862853, "oː": 0.016245726552354702, "o": 0.007924098269419342, "ɳ": 0.0014046060477566056, "l": 0.033578035141653195, "ɖ": 0.025203402856915698, "ʈ": 0.025203402856915698, "ɖʱ": 0.00010600800360427212, "ʈʰ": 0.00010600800360427212, "s": 0.018100866615429465, "pː": 0.0029947261018206874, "bː": 0.0029947261018206874, "d̪": 0.03145787506956775, "t̪": 0.03145787506956775, "kː": 0.002676702091007871, "ɡː": 0.002676702091007871, "n": 0.033313015132642516, "tʃ": 0.014523096493785281, "dʒ": 0.014523096493785281, "w": 0.023321760792939867, "ʈː": 0.002623698089205735, "ɖː": 0.002623698089205735, "p": 0.021996660747886466, "b": 0.021996660747886466, "tʃː": 0.001033578035141653, "e": 0.015556674528926935, "d̪ʱ": 0.002782710094612143, "t̪ʰ": 0.002782710094612143, "ʃ": 0.004001802136061273, "ʂ": 0.004054806137863408, "h": 0.0027297060928100072, "d̪ː": 0.0020936580711843743, "t̪ː": 0.0020936580711843743, "ɭ": 0.000980574033339517, "bʱ": 0.003604272122545252, "pʰ": 0.003604272122545252, "lː": 0.0014311080486576738, "kʰ": 0.000901068030636313, "ɡʱ": 0.000901068030636313, "sː": 0.0004240320144170885, "jː": 0.0004240320144170885, "ɭː": 0.0007685580261309728, "d̪ʱː": 0.0006095460207245647, "wː": 0.00023851800810961227, "mː": 0.000901068030636313, "rː": 0.0001855140063074762, "tʃʰː": 2.650200090106803e-05, "tʃʰ": 2.650200090106803e-05}