{"u": 0.19815668202764977, "a": 0.2294272547728769, "ː": 0.16227781435154706, "i": 0.18433179723502305, "m": 0.08953258722843976, "e": 0.003949967083607637, "pʰ": 0.0013166556945358788, "j": 0.006254114549045424, "ʃ": 0.0003291639236339697, "ɖ": 0.01053324555628703, "n": 0.021724818959842, "s": 0.018762343647136272, "ʂ": 0.002304147465437788, "tʃ": 0.002304147465437788, "l": 0.015470704410796577, "t̪": 0.002304147465437788, "r": 0.015799868334430547, "b": 0.002304147465437788, "ʈ": 0.012179065174456879, "p": 0.0026333113890717576, "ɡ": 0.0029624753127057276, "k": 0.009874917709019092, "d̪": 0.002304147465437788, "dʒ": 0.0009874917709019092, "h": 0.0003291639236339697, "w": 0.0016458196181698486}