{"d": 0.0676150895140665, "a": 0.15211243360220342, "r": 0.05838087743458587, "t": 0.0676150895140665, "v": 0.01914469801298446, "i": 0.11764705882352941, "f": 0.01914469801298446, "k": 0.022612138500885302, "ɡ": 0.022612138500885302, "ʃ": 0.012984457997245721, "ʒ": 0.012984457997245721, "χ": 0.019575054101908324, "ʁ": 0.019575054101908324, "m": 0.032153747786740114, "ɔ": 0.0903010033444816, "j": 0.009418650403305135, "s": 0.0375762345071808, "z": 0.0375762345071808, "u": 0.04007229982293921, "b": 0.020878418256934882, "p": 0.020878418256934882, "n": 0.04141255164273067, "q": 0.002926421404682274, "e": 0.015960062954947864, "h": 0.008508754672437537, "tʃ": 0.004672437536887665, "dʒ": 0.004672437536887665, "l": 0.01518542199488491, "ʔ": 0.003701062364745229, "ɵ": 0.002102596891599449}