{"ʔ": 0.04791047385906627, "o": 0.07322084280468613, "k": 0.05569155446756426, "u": 0.06876202133240077, "a": 0.21682112257387656, "p": 0.021638398321384856, "t": 0.05774610945969575, "e": 0.06736317538031124, "i": 0.10570029725476482, "aː": 0.006950515824444833, "ŋ": 0.01932155971323658, "h": 0.0283703444658157, "n": 0.028151774785801713, "m": 0.03086203881797517, "f": 0.04275222941073614, "v": 0.04275222941073614, "l": 0.056303549571603426, "s": 0.022119251617415632, "oː": 0.0023605525441510755, "uː": 0.00170484350410911, "eː": 0.002535408288162266, "iː": 0.0009617065920615492}