{"b": 0.05755966066756521, "p": 0.05755966066756521, "i": 0.04154443827796718, "tʃ": 0.02053436930151431, "dʒ": 0.02053436930151431, "k": 0.08142392769364941, "ɡ": 0.08142392769364941, "o": 0.023309284071989216, "d": 0.08166177753111868, "t": 0.08166177753111868, "s": 0.053912629826369615, "z": 0.053912629826369615, "a": 0.07389201617378895, "h": 0.025291366050899867, "œ": 0.01260604138587172, "v": 0.021247918813922143, "f": 0.021247918813922143, "j": 0.04289225402362642, "ʃ": 0.008404027590581146, "ʒ": 0.008404027590581146, "n": 0.014191706969000238, "y": 0.0065805121699833505, "e": 0.046539284864822006, "u": 0.0065805121699833505, "m": 0.029731229683659717, "ɾ": 0.011416792198525332, "l": 0.011496075477681757, "ɯ": 0.004439863632759851}