{"b": 0.09119121508713297, "i": 0.04464072571019336, "tʃ": 0.01885891620911912, "ɡ": 0.061589878252566246, "o": 0.048937693960372404, "d": 0.07113869658629744, "k": 0.08928145142038672, "s": 0.0799713535449988, "a": 0.08426832179517785, "h": 0.045118166626879924, "œ": 0.015278109333969921, "z": 0.008593936500358081, "v": 0.0167104320840296, "j": 0.07257101933635712, "ʃ": 0.015278109333969921, "t": 0.05156361900214848, "f": 0.014800668417283362, "n": 0.01742659345905944, "y": 0.0083552160420148, "e": 0.044163284793506806, "u": 0.007400334208641681, "p": 0.0167104320840296, "dʒ": 0.010503700167104321, "m": 0.04153735975173072, "ɾ": 0.011936022917164, "l": 0.0083552160420148, "ɯ": 0.0033420864168059203, "ʒ": 0.00047744091668656003}