{"h": 0.0032897376233651607, "b": 0.05865361469951055, "p": 0.05865361469951055, "d": 0.07269517772606916, "t": 0.07269517772606916, "ø": 0.013961325523549707, "i": 0.0504693893926021, "ɡ": 0.0958838160956431, "k": 0.0958838160956431, "ʃ": 0.009227312846024231, "ʒ": 0.009227312846024231, "ɑ": 0.08513199069244966, "s": 0.0416432640616224, "z": 0.0416432640616224, "a": 0.015967263098772368, "m": 0.026879563507983633, "j": 0.03979780149241756, "x": 0.016609163122843617, "n": 0.0125972879723983, "y": 0.0189360507101019, "r": 0.012276337960362673, "w": 0.004172350156463131, "ɕ": 0.03642782636604349, "ʑ": 0.03642782636604349, "u": 0.026317900986921286, "l": 0.002246650084249378, "e": 0.015325363074701115, "ɯ": 0.007542325282837198, "f": 0.008264462809917356, "o": 0.010190162882131109, "ɤ": 0.0009628500361068764}