{"h": 0.0009486380268329042, "a": 0.058213247805333455, "m": 0.020854978843866227, "d": 0.052596708376624356, "t": 0.052596708376624356, "b": 0.02552288024574242, "e": 0.0645826745569258, "l": 0.04871180979054675, "n": 0.03833702248121546, "p": 0.02552288024574242, "i": 0.03904473656472572, "s": 0.030612398548433242, "z": 0.030612398548433242, "r": 0.05202451401123308, "ɑ": 0.13219195615184232, "ɡ": 0.0551264097815121, "k": 0.0551264097815121, "ɕ": 0.015223381668699463, "ʑ": 0.015223381668699463, "y": 0.014606014063935191, "o": 0.010751230970772914, "j": 0.02463447320474018, "ŋ": 0.004020418304196594, "ø": 0.011172847871587538, "ɤ": 0.06286609146075198, "u": 0.024227914050383218, "ʃ": 0.010404902802246615, "ʒ": 0.010404902802246615, "ʔ": 0.001761756335546822, "x": 0.004803421119995182, "f": 0.0028459140804987125, "w": 0.002364066193853428, "ɯ": 0.002062911264700125}