{"h": 0.005447655139744197, "b": 0.10468972051160587, "d": 0.02510658455708195, "ø": 0.011605873993368073, "i": 0.049028896257697775, "ɡ": 0.024869729985788725, "t": 0.09189957366177168, "ʃ": 0.019422074846044527, "ɑ": 0.08242539081004263, "k": 0.14021790620558977, "s": 0.05708195168166746, "a": 0.02700142112742776, "m": 0.04594978683088584, "j": 0.06371387967787778, "z": 0.00876361913784936, "x": 0.031975367124585506, "n": 0.019658929417337753, "y": 0.01989578398863098, "r": 0.0182378019895784, "w": 0.006868782567503553, "ɕ": 0.02297489341544292, "u": 0.03292278540975841, "l": 0.0037896731406916154, "e": 0.016106110847939364, "ɯ": 0.008526764566556135, "ʑ": 0.02771198484130744, "f": 0.013737565135007106, "o": 0.01231643770724775, "ʒ": 0.0009474182851729038, "p": 0.005921364282330649, "ɤ": 0.0011842728564661299}