{"m": 0.04002842254855519, "n": 0.11297963050686878, "p": 0.058503079109426814, "r": 0.08289909995262909, "e": 0.0921364282330649, "a": 0.09047844623401231, "l": 0.020843202273803884, "k": 0.0502131691141639, "ɑ": 0.1286120322122217, "ŋ": 0.021553765987683562, "t": 0.033633349123638086, "ɤ": 0.098531501657982, "j": 0.026527711984841308, "z": 0.021553765987683562, "ʃ": 0.016579819990525817, "i": 0.022501184272856467, "y": 0.012553292278540976, "ʔ": 0.012079583135954523, "u": 0.019185220274751304, "s": 0.009474182851729039, "ɕ": 0.010658455708195168, "o": 0.0016579819990525818, "h": 0.0007105637138796779, "f": 0.0028422548555187117, "w": 0.0037896731406916154, "x": 0.0018948365703458077, "ʑ": 0.0014211274277593558, "ɯ": 0.0016579819990525818, "d": 0.0026054002842254855, "b": 0.0009474182851729038, "ɡ": 0.0009474182851729038}