{"b": 0.02831451051758283, "i": 0.1646594943709968, "l": 0.047511998429945225, "æ": 0.07860978786419026, "n": 0.03752074078038859, "p": 0.02831451051758283, "t": 0.06007243661795929, "d": 0.06007243661795929, "r": 0.04396153365804921, "ɑ": 0.09224071794322825, "m": 0.020767542685864154, "ʃ": 0.016396367464183124, "ʒ": 0.016396367464183124, "u": 0.026351942050705634, "k": 0.026262734393120307, "ɡ": 0.026262734393120307, "j": 0.02601295295188139, "q": 0.020214455208835126, "ŋ": 0.004781530446573534, "ɣ": 0.009616585487698264, "x": 0.009616585487698264, "o": 0.015022569537369088, "z": 0.030794483398454923, "s": 0.030794483398454923, "y": 0.013934236114828098, "tʃ": 0.010901175756926975, "dʒ": 0.010901175756926975, "e": 0.01903691412870881, "h": 0.007743224678406394, "ø": 0.01177541080126318, "f": 0.0004817213509607665, "w": 0.004656639725954076}