{"b": 0.05945634425127269, "p": 0.05945634425127269, "u": 0.011814427048314284, "ɣ": 0.013063106329843435, "x": 0.013063106329843435, "y": 0.008164441456152147, "q": 0.04524061089232542, "t": 0.07655364518297954, "d": 0.07655364518297954, "e": 0.02603016040726155, "j": 0.04889059648448756, "k": 0.04965901450389012, "ɡ": 0.04965901450389012, "h": 0.022380174815099414, "i": 0.05330900009605225, "ɑ": 0.06762078570742484, "ʃ": 0.012486792815291518, "ʒ": 0.012486792815291518, "tʃ": 0.024781481125732398, "dʒ": 0.024781481125732398, "m": 0.03736432619344924, "æ": 0.031505138795504754, "o": 0.012967054077418116, "n": 0.014119681106521948, "r": 0.01719335318413217, "z": 0.046393237921429256, "s": 0.046393237921429256, "w": 0.007203918931898953, "ø": 0.025645951397560273, "l": 0.004130246854288733, "f": 0.0016328882912304294}