{"n": 0.10706638115631692, "r": 0.06076017130620985, "j": 0.030781584582441113, "p": 0.05808351177730193, "ʃ": 0.046573875802997856, "æ": 0.09876873661670235, "i": 0.20904710920770878, "k": 0.027569593147751606, "t": 0.04737687366167023, "ŋ": 0.038276231263383295, "l": 0.028640256959314776, "q": 0.040417558886509636, "m": 0.030513918629550323, "u": 0.0208779443254818, "ɑ": 0.10679871520342613, "z": 0.015524625267665952, "s": 0.009100642398286937, "h": 0.0032119914346895075, "o": 0.0026766595289079227, "dʒ": 0.001873661670235546, "ɣ": 0.0024089935760171306, "x": 0.0010706638115631692, "d": 0.004817987152034261, "tʃ": 0.0021413276231263384, "b": 0.0032119914346895075, "w": 0.0010706638115631692, "y": 0.0002676659528907923, "f": 0.0005353319057815846, "ɡ": 0.0005353319057815846}