{"ʃ": 0.019453035975907536, "ʒ": 0.019453035975907536, "p": 0.0706495197786098, "b": 0.0706495197786098, "d": 0.05542894351294156, "t": 0.05542894351294156, "j": 0.02572033208530034, "v": 0.06853328992349016, "f": 0.06853328992349016, "u": 0.012941559498616311, "a": 0.01522057626566824, "r": 0.028813283412013675, "tʃ": 0.014813608985837539, "dʒ": 0.014813608985837539, "k": 0.03182484128276086, "ɡ": 0.03182484128276086, "m": 0.031580660914862446, "tʲ": 0.004313853166205437, "dʲ": 0.004313853166205437, "tsʲ": 0.0031743447826794724, "dzʲ": 0.0031743447826794724, "l": 0.007488197948884909, "n": 0.02506918443757122, "x": 0.01041836236366596, "s": 0.10703239459547452, "z": 0.10703239459547452, "lʲ": 0.007976558684681752, "ts": 0.00252319713495035, "i": 0.008627706332410874, "ɔ": 0.0403711541592056, "nʲ": 0.0036627055184763144, "sʲ": 0.002279016767051929, "zʲ": 0.002279016767051929, "rʲ": 0.006837050301155787, "ɦ": 0.01546475663356666, "ɛ": 0.002279016767051929}