{"ɔ": 0.06690542080416735, "p": 0.006837050301155787, "b": 0.006837050301155787, "ɪ": 0.14072928536545662, "a": 0.1156601009278854, "sʲ": 0.00520918118183298, "zʲ": 0.00520918118183298, "i": 0.09791632752726681, "k": 0.01261598567475175, "ɡ": 0.01261598567475175, "n": 0.017011232296923327, "ɛ": 0.03939443268761192, "ʃ": 0.007488197948884909, "ʒ": 0.007488197948884909, "v": 0.04989418850724402, "f": 0.04989418850724402, "u": 0.10703239459547452, "tʲ": 0.02490639752563894, "dʲ": 0.02490639752563894, "d": 0.02580172554126648, "t": 0.02580172554126648, "ɦ": 0.005371968093765262, "s": 0.012371805306853329, "z": 0.012371805306853329, "j": 0.028243529220250693, "x": 0.018883281784144553, "m": 0.02547615171740192, "nʲ": 0.009767214715936839, "r": 0.016848445384991046, "l": 0.007895165228715612, "tʃ": 0.0034185251505778934, "dʒ": 0.0034185251505778934, "lʲ": 0.003011557870747192, "tsʲ": 0.0011395083835259645, "dzʲ": 0.0011395083835259645, "ts": 0.0004883607357968419}