{"ʃ": 0.011012699751628474, "tʃ": 0.014527391161722667, "ɔ": 0.09381882937344768, "p": 0.029242232531983693, "r": 0.04803411593795398, "d": 0.03121045972163644, "lʲ": 0.013637002671165471, "a": 0.09836449693050284, "j": 0.035849852382960776, "k": 0.0392239561366512, "v": 0.05445428558039271, "i": 0.06954402736773045, "u": 0.04175453395191902, "n": 0.044050799006513895, "ɪ": 0.0644828717371948, "ɦ": 0.017760907259009327, "l": 0.022540887576737428, "ɛ": 0.04667510192605089, "t": 0.04241060968180327, "m": 0.03261633628567412, "b": 0.01630816814283706, "ʒ": 0.008388396832091475, "x": 0.012184263554993205, "s": 0.03556867707015324, "nʲ": 0.012606026524204509, "tʲ": 0.010965837199493884, "tsʲ": 0.006138994329631191, "sʲ": 0.008482121936360654, "z": 0.018604433197431932, "ts": 0.002436852710998641, "rʲ": 0.006607619850977084, "dʲ": 0.005482918599746942, "f": 0.0029523407844791226, "zʲ": 0.001499601668306856, "dʒ": 0.00042176296921130323, "ɡ": 9.37251042691785e-05, "dzʲ": 4.686255213458925e-05}