{"i": 0.11831442463533225, "u": 0.03565640194489465, "w": 0.055105348460291734, "a": 0.15883306320907617, "k": 0.13614262560777957, "t": 0.09724473257698542, "j": 0.1085899513776337, "m": 0.1312803889789303, "p": 0.02106969205834684, "e": 0.04700162074554295, "o": 0.050243111831442464, "n": 0.03727714748784441, "r": 0.0032414910858995136}