{"˨": 0.44646464646464645, "ʔ": 0.17575757575757575, "˦": 0.2868686868686869, "˥˩": 0.046464646464646465, "n": 0.044444444444444446}