{"i": 0.10707070707070707, "u": 0.044444444444444446, "w": 0.05858585858585859, "a": 0.15353535353535352, "k": 0.08484848484848485, "t": 0.10101010101010101, "j": 0.12323232323232323, "m": 0.1191919191919192, "p": 0.01818181818181818, "e": 0.0707070707070707, "o": 0.07878787878787878, "n": 0.03838383838383838, "r": 0.00202020202020202}