{"h": 0.026416906820365033, "b": 0.06407300672430355, "p": 0.06407300672430355, "u": 0.022094140249759846, "d": 0.07675312199807877, "t": 0.07675312199807877, "ɛ": 0.03314121037463977, "a": 0.05975024015369837, "q": 0.04303554274735831, "j": 0.03928914505283381, "ɔ": 0.06051873198847262, "ɡ": 0.04639769452449568, "k": 0.04639769452449568, "m": 0.04169068203650336, "i": 0.04428434197886647, "ʃ": 0.012968299711815562, "o": 0.03650336215177714, "tʃ": 0.01930835734870317, "dʒ": 0.01930835734870317, "n": 0.01940441882804995, "w": 0.008837656099903939, "f": 0.010662824207492795, "l": 0.001729106628242075, "s": 0.04764649375600384, "z": 0.04764649375600384, "χ": 0.012680115273775217, "ɾ": 0.014697406340057636, "ɣ": 0.003554274735830932, "sː": 0.00019212295869356388, "zː": 0.00019212295869356388}