{"a": 0.20287889064737358, "h": 0.014695907754917477, "p": 0.04092245082523174, "o": 0.09164217348707514, "tʃ": 0.03059763358203331, "e": 0.10083653628758761, "i": 0.1434169869620921, "m": 0.034667269575702764, "ɾ": 0.06609390308237245, "u": 0.030145451804958926, "n": 0.043183359710603664, "ʔ": 0.012887180646619941, "k": 0.06104453990504183, "w": 0.039189087346446605, "s": 0.031049815359107693, "t": 0.04280654156304168, "j": 0.013942271459793504}