{"a": 0.07764995891536565, "n": 0.09079704190632704, "w": 0.08011503697617091, "ɾ": 0.03697617091207888, "p": 0.08874281018898932, "t": 0.12612982744453574, "k": 0.09367296631059983, "j": 0.027937551355792935, "e": 0.080936729663106, "i": 0.07477403451109285, "s": 0.05382087099424815, "o": 0.036154478225143796, "m": 0.06080525883319639, "tʃ": 0.04026294165981923, "u": 0.030813475760065736, "h": 0.0004108463434675431}