{"˧": 0.17271371769383698, "˨˩": 0.024105367793240556, "j": 0.10859840954274354, "ŋ": 0.12947316103379722, "m": 0.0621272365805169, "n̪": 0.139662027833002, "˧˥": 0.0275844930417495, "k": 0.07678926441351888, "t̪": 0.08474155069582505, "˨˩ˀ": 0.019880715705765408, "p": 0.04000994035785288, "˧˥ˀ": 0.018886679920477135, "˧˩˧": 0.028330019880715707, "l": 0.0064612326043737576, "w": 0.00720675944333996, "z": 0.021371769383697812, "s": 0.021371769383697812, "x": 0.0019880715705765406, "ɣ": 0.0019880715705765406, "v": 0.0019880715705765406, "f": 0.0019880715705765406, "ɓ": 0.001242544731610338, "ɗ": 0.0004970178926441351, "h": 0.0009940357852882703}