{"k": 0.03593470611985926, "uo": 0.005537290188613947, "˧˩˧": 0.018284593643652303, "˧": 0.16427294226221376, "v": 0.012112822287593009, "aː": 0.055603622310665055, "˨˩": 0.026129088077522063, "f": 0.012112822287593009, "ɔ": 0.03933783238161158, "j": 0.02555228701620811, "ŋ": 0.03812655015285228, "m": 0.026071407971390667, "n̪": 0.041587356520735995, "l": 0.015688988867739517, "˧˥": 0.04925881063621157, "x": 0.010440099209782547, "o": 0.016035069504527887, "ɣ": 0.010440099209782547, "˨˩ˀ": 0.03535790505854531, "t̪": 0.034838784103362753, "ɯɤ": 0.00830593528292092, "˧˥ˀ": 0.010901540058833708, "tɕ": 0.013554824940877891, "ɗ": 0.012516583030512776, "ɲ": 0.006402491780584876, "ɯ": 0.007267693372555805, "p": 0.01136298090788487, "ɤ:": 0.00842129549518371, "e": 0.008248255176789525, "z": 0.03466574378496856, "s": 0.03466574378496856, "u": 0.03599238622599066, "w": 0.006517851992847667, "i": 0.030858856780296477, "ɛ": 0.02151467958701044, "ie": 0.012920343773432543, "t̪ʰ": 0.010440099209782547, "a": 0.009574897617811617, "ɤ": 0.017823152794601144, "ɓ": 0.012285862605987194, "h": 0.012862663667301148, "ʔ": 0.00017304031839418584}