{"k": 0.06883697813121273, "v": 0.0459741550695825, "f": 0.0459741550695825, "l": 0.055168986083499, "x": 0.04125248508946322, "ɣ": 0.04125248508946322, "m": 0.04622266401590457, "ŋ": 0.03454274353876739, "tɕ": 0.055666003976143144, "ɗ": 0.05069582504970179, "ɲ": 0.027335984095427434, "t̪": 0.060139165009940355, "n̪": 0.030815109343936383, "z": 0.09169980119284295, "s": 0.09169980119284295, "t̪ʰ": 0.04498011928429423, "ɓ": 0.04796222664015905, "h": 0.05144135188866799, "o": 0.002982107355864811, "aː": 0.01665009940357853, "ɛ": 0.0034791252485089465, "a": 0.0004970178926441351, "ie": 0.001242544731610338, "ɤ": 0.0027335984095427437, "i": 0.010934393638170975, "ɯ": 0.0007455268389662028, "ɤ:": 0.0007455268389662028, "uo": 0.0004970178926441351, "ɯɤ": 0.001242544731610338, "u": 0.011182902584493042, "ʔ": 0.0007455268389662028, "w": 0.0007455268389662028, "ɔ": 0.007455268389662028, "p": 0.0032306163021868788, "e": 0.0032306163021868788}