{"e": 0.08940719144800778, "ɑ": 0.500485908649174, "u": 0.09086491739552964, "o": 0.08746355685131195, "i": 0.22691933916423712, "t": 0.0014577259475218659, "m": 0.0009718172983479105, "h": 0.0009718172983479105, "l": 0.0009718172983479105, "b": 0.00048590864917395527}