{"ɑ": 0.2204724409448819, "ɡ": 0.05330972384432807, "i": 0.13792713709829332, "n": 0.04061334438458351, "e": 0.06020419696341785, "k": 0.05330972384432807, "d": 0.06766379082997401, "t": 0.06766379082997401, "m": 0.027088121161888256, "u": 0.05059714425648947, "b": 0.01213125871227819, "j": 0.024563915156538448, "o": 0.052669253663866177, "h": 0.018196888068417284, "w": 0.016313152243529368, "ʔ": 0.007911690464529254, "f": 0.0256941566514712, "v": 0.0256941566514712, "l": 0.03797611422974042}