{"u": 0.3949499761791329, "a": 0.3830395426393521, "i": 0.2205812291567413, "ː": 0.0009528346831824678, "ʎ": 0.0004764173415912339}