{"u": 0.3632781717888101, "a": 0.3979511426319937, "i": 0.2364066193853428, "ʎ": 0.0015760441292356187, "aː": 0.0007880220646178094}