{"a": 0.0608, "j": 0.03458461538461539, "aː": 0.006276923076923077, "m": 0.04455384615384615, "n": 0.0608, "ɛ": 0.09476923076923077, "ɾ": 0.038523076923076924, "ɡ": 0.02756923076923077, "k": 0.02756923076923077, "ɔ": 0.0144, "x": 0.009969230769230768, "l": 0.0852923076923077, "i": 0.08750769230769231, "u": 0.10744615384615384, "w": 0.011323076923076924, "ɛː": 0.031507692307692306, "t": 0.03298461538461538, "d": 0.03298461538461538, "s": 0.02276923076923077, "ɔː": 0.026584615384615384, "b": 0.0192, "p": 0.0192, "f": 0.008246153846153846, "kː": 0.010215384615384616, "ɡː": 0.010215384615384616, "ɲ": 0.009230769230769232, "ⁿd": 0.0020923076923076924, "e": 0.005415384615384615, "nː": 0.0032, "pː": 0.006276923076923077, "bː": 0.006276923076923077, "ə": 0.0012307692307692308, "lː": 0.0024615384615384616, "q": 0.0025846153846153844, "dʒ": 0.004923076923076923, "tʃ": 0.004923076923076923, "tʃː": 0.0022153846153846156, "dː": 0.006030769230769231, "tː": 0.006030769230769231, "wː": 0.0003692307692307692, "mː": 0.0016, "dʒː": 0.00012307692307692307, "ᵑɡ": 0.0025846153846153844, "ŋ": 0.0016, "sː": 0.0007384615384615384, "o": 0.0004923076923076923, "ɲː": 0.0008615384615384615, "ᵐb": 0.0020923076923076924, "ŋː": 0.00024615384615384614, "ɾː": 0.00024615384615384614, "ᶮdʒ": 0.0006153846153846154, "iː": 0.00012307692307692307, "qː": 0.00012307692307692307}