{"j": 0.024149494293904485, "aː": 0.04410730704743361, "lː": 0.0030558710584671967, "a": 0.11122829790686355, "m": 0.0296662880631727, "l": 0.049488885283141326, "ɛː": 0.019957812753529126, "n": 0.04175455676348099, "ɛ": 0.0562496619611661, "ᵑɡ": 0.0047866298880415385, "i": 0.04591919519714425, "ɾ": 0.03583211639353129, "ɡ": 0.02901725350208232, "k": 0.02901725350208232, "ɔ": 0.03193790902698902, "w": 0.01687489858834983, "x": 0.014305803450700417, "ɔː": 0.023202985558981017, "t": 0.046568229758234624, "d": 0.046568229758234624, "u": 0.05460003245172806, "iː": 0.005057060955162529, "s": 0.028341175834279843, "b": 0.023311157985829414, "p": 0.023311157985829414, "f": 0.011439234139217913, "ɲ": 0.00797771648006923, "kː": 0.011114716858672725, "ɡː": 0.011114716858672725, "dʒ": 0.017334631402455513, "tʃ": 0.017334631402455513, "e": 0.01538752771918438, "ⁿd": 0.005706095516252907, "ə": 0.020255286927362216, "dː": 0.005219319595435124, "tː": 0.005219319595435124, "nː": 0.002190491643680026, "pː": 0.004867759208177835, "bː": 0.004867759208177835, "uː": 0.003164043485315593, "q": 0.0016225864027259451, "ᵐb": 0.005300448915571421, "o": 0.004164638433663259, "tʃː": 0.0009735518416355671, "wː": 0.00029747417383308995, "mː": 0.0012439829087565579, "jː": 0.00035156038725728814, "dʒː": 0.00032451728054518905, "ᶮdʒ": 0.002623181351073611, "ŋ": 0.0005679052409540809, "sː": 0.0001893017469846936, "ɲː": 0.0006760776678024771, "ŋː": 5.408621342419817e-05, "ɾː": 5.408621342419817e-05, "qː": 5.408621342419817e-05}