{"a": 0.05977312390924956, "n": 0.07264397905759162, "ɾ": 0.0455933682373473, "ɡ": 0.02225130890052356, "x": 0.01287085514834206, "u": 0.10951134380453752, "t": 0.039703315881326355, "j": 0.04952006980802792, "f": 0.01156195462478185, "ː": 0.12783595113438045, "m": 0.05955497382198953, "i": 0.07264397905759162, "ɛ": 0.08791448516579406, "s": 0.027268760907504363, "w": 0.017452006980802792, "l": 0.09053228621291448, "ⁿd": 0.0037085514834205935, "dʒ": 0.005671902268760907, "ɲ": 0.01199825479930192, "ɔ": 0.012652705061082025, "b": 0.022033158813263527, "ᵑɡ": 0.003926701570680628, "k": 0.013525305410122163, "ə": 0.0010907504363001745, "q": 0.003926701570680628, "tʃ": 0.0017452006980802793, "p": 0.002399650959860384, "ᵐb": 0.0030541012216404886, "e": 0.003926701570680628, "ŋ": 0.001963350785340314, "o": 0.0002181500872600349, "ᶮdʒ": 0.0006544502617801048, "d": 0.0008726003490401396}