{"n": 0.22469779568618156, "ɾ": 0.11922256458876511, "t": 0.1422137947380896, "x": 0.02844275894761792, "s": 0.06494429959706091, "m": 0.04408627636880778, "ɔɪ": 0.0018961839298411946, "ɛ": 0.1398435648257881, "b": 0.007821758710594928, "l": 0.05356719601801375, "ʃ": 0.015406494429959706, "z": 0.009480919649205973, "a": 0.005451528798293435, "ɛɪ": 0.0052145058070632855, "ts": 0.012799241526428064, "f": 0.012562218535197914, "p": 0.0030812988859919414, "k": 0.030101919886228963, "ɡ": 0.023228253140554635, "d": 0.022280161175634035, "ʊ": 0.004503436833372837, "v": 0.009954965631666271, "aɪ": 0.0026072529035316427, "tʃ": 0.0016591609386110452, "ɔ": 0.004740459824602986, "ɪ": 0.007821758710594928, "j": 0.00047404598246029864, "h": 0.0016591609386110452, "ʒ": 0.00023702299123014932}