{"w": 0.043451272501551834, "n": 0.06352162218084005, "d̪": 0.06000413821642872, "t̪": 0.06000413821642872, "h": 0.055659010966273535, "m": 0.07614318228843368, "b": 0.04655493482309125, "p": 0.04655493482309125, "k": 0.08338506103869232, "ɡ": 0.08338506103869232, "j": 0.029381336643906478, "o": 0.02255327953651976, "e": 0.015518311607697082, "a": 0.03662321539416512, "i": 0.04055452100144837, "ɨ": 0.01696668735774881, "ʔ": 0.0035174839644113386, "ɲ": 0.02669149596523898, "tʃ": 0.025656941858059175, "s": 0.03165735567970205, "ʃ": 0.009104076143182288, "f": 0.0037243947858473, "u": 0.011793916821849782, "ts": 0.03931305607283261, "dz": 0.03931305607283261, "ŋ": 0.018208152286364576, "l": 0.008897165321746328, "r": 0.00186219739292365}