{"w": 0.013887433183104496, "a": 0.1177549523110785, "ʔ": 0.05927051671732523, "k": 0.05633581385598994, "ɨ": 0.0725814904098103, "n": 0.04339167802117178, "d̪": 0.010952730321769206, "i": 0.06382978723404255, "o": 0.0514097054816057, "s": 0.047164867414317156, "h": 0.058694057226705794, "m": 0.05916570590084897, "ŋ": 0.019756838905775075, "b": 0.011162351954721728, "p": 0.03511162351954722, "u": 0.05083324599098627, "j": 0.058641651818467665, "r": 0.010481081647626036, "e": 0.04962792160150928, "t̪": 0.04789854312965098, "tʃ": 0.010166649198197254, "l": 0.006445865213290012, "ts": 0.018341892883345562, "ɲ": 0.009485378891101562, "ʃ": 0.005083324599098627, "f": 0.0014149460224295147, "ɡ": 0.007913216643957657, "dz": 0.003196729902525941}