{"w": 0.010612695782538368, "a": 0.11121631751292066, "ʔ": 0.0501834536631554, "k": 0.047619047619047616, "ɨ": 0.07914151576123407, "ɡ": 0.047619047619047616, "s": 0.0341657789876514, "j": 0.0512486684814771, "o": 0.05681145697715706, "b": 0.03223261135440091, "p": 0.03223261135440091, "n": 0.03783485225075946, "d̪": 0.04032035349351008, "t̪": 0.04032035349351008, "m": 0.047737404821083365, "i": 0.05732433818597862, "e": 0.046632737602083085, "h": 0.042371878328796304, "ŋ": 0.015544245867361028, "ts": 0.016412198682289818, "dz": 0.016412198682289818, "u": 0.05219552609776305, "ʃ": 0.003156192054286503, "r": 0.010652148183216949, "tʃ": 0.0071014321221446325, "l": 0.005247169290251312, "ɲ": 0.006785812916715982, "f": 0.0008679528149287884}