{"w": 0.06117943866288237, "n": 0.07820876695048881, "d̪": 0.010406811731315043, "h": 0.08640807316304006, "m": 0.0999684642068748, "p": 0.060233364869126456, "k": 0.12015137180700095, "j": 0.03941974140649637, "o": 0.023336486912645855, "t̪": 0.07505518763796909, "e": 0.012929675181330811, "a": 0.02901292967518133, "i": 0.04257332071901608, "ɨ": 0.011983601387574897, "ʔ": 0.013875748975086723, "ɲ": 0.04005045726900031, "tʃ": 0.03595080416272469, "s": 0.04415011037527594, "ʃ": 0.011668243456322927, "f": 0.005045726900031536, "u": 0.011983601387574897, "ts": 0.050141911069063384, "ŋ": 0.01261431725007884, "ɡ": 0.005045726900031536, "b": 0.005361084831283507, "l": 0.009776095868811101, "r": 0.00315357931251971, "dz": 0.000315357931251971}