{"ɨ": 0.14069935857645355, "s": 0.057107386716325266, "k": 0.03807159114421684, "ɡ": 0.03807159114421684, "a": 0.14959652389819988, "j": 0.054003724394785846, "o": 0.05917649493068487, "ʔ": 0.021518725429339955, "e": 0.08917856403889923, "i": 0.07407407407407407, "n": 0.031036623215394164, "m": 0.0569004758948893, "ŋ": 0.019449617214980345, "h": 0.04510655907303952, "u": 0.06290088971653217, "r": 0.0039313056072832605, "d̪": 0.01882888475067246, "t̪": 0.01882888475067246, "l": 0.0031036623215394167, "ts": 0.005379681357334989, "dz": 0.005379681357334989, "b": 0.0037243947858473, "p": 0.0037243947858473, "tʃ": 0.0002069108214359611}