{"[_w t a t a t a t a ]_w": 0.015549076773566563, "[_w t a t a t a ]_w": 0.027210884353741485, "[_w t a t a t a s a ]_w": 0.027210884353741485, "[_w t a t a t a n a ]_w": 0.027210884353741485, "[_w t a t a ]_w": 0.047619047619047596, "[_w t a t a s a ]_w": 0.047619047619047596, "[_w t a t a n a ]_w": 0.047619047619047596, "[_w p a t a t a t a ]_w": 0.015549076773566563, "[_w p a t a t a ]_w": 0.027210884353741485, "[_w p a t a t a s a ]_w": 0.027210884353741485, "[_w p a t a t a n a ]_w": 0.027210884353741485, "[_w p a t a ]_w": 0.047619047619047596, "[_w p a t a s a ]_w": 0.047619047619047596, "[_w p a t a n a ]_w": 0.047619047619047596, "[_w m a t a t a t a ]_w": 0.015549076773566563, "[_w m a t a t a ]_w": 0.027210884353741485, "[_w m a t a t a s a ]_w": 0.027210884353741485, "[_w m a t a t a n a ]_w": 0.027210884353741485, "[_w m a t a ]_w": 0.047619047619047596, "[_w m a t a s a ]_w": 0.047619047619047596, "[_w m a t a n a ]_w": 0.047619047619047596}